{
  "type": "FeatureCollection",
  "name": "Bihar Rivers",
  "crs": {
    "type": "name",
    "properties": {
      "name": "urn:ogc:def:crs:OGC:1.3:CRS84"
    }
  },
  "metadata": {
    "source": "OpenStreetMap",
    "attribution": "© OpenStreetMap contributors",
    "license": "Open Data Commons Open Database License 1.0 (ODbL)",
    "query": "way[\"waterway\"=\"river\"][\"name\"](24.2,83.3,27.6,88.3); relation[\"waterway\"=\"river\"][\"name\"](24.2,83.3,27.6,88.3);",
    "timestamp": "2026-08-16T10:22:21Z",
    "feature_count": 101,
    "raw_points_count": 211381,
    "simplified_points_count": 28348,
    "processing": "Spatially filtered to Bihar administrative boundaries, simplified via Douglas-Peucker (epsilon=0.0008)"
  },
  "features": [
    {
      "type": "Feature",
      "properties": {
        "name": "Bagmati River (बागमती नदी)",
        "name_hi": "बागमती नदी",
        "name_en": "Bagmati",
        "waterway": "river",
        "osm_ids": [
          "way/27913477",
          "way/44673918",
          "way/328327403",
          "way/328327404",
          "way/329086368",
          "way/329248018",
          "way/339813371",
          "way/345672247",
          "way/345672250",
          "way/460789542"
        ],
        "osm_primary_id": "way/27913477",
        "source": "OpenStreetMap",
        "source_url": "https://www.openstreetmap.org/way/27913477",
        "wikidata": null,
        "wikipedia": null,
        "segment_count": 18
      },
      "geometry": {
        "type": "MultiLineString",
        "coordinates": [
          [
            [
              85.33597,
              26.73375
            ],
            [
              85.31995,
              26.71988
            ],
            [
              85.30897,
              26.70678
            ],
            [
              85.31072,
              26.70022
            ],
            [
              85.31663,
              26.69446
            ],
            [
              85.31696,
              26.69014
            ],
            [
              85.30243,
              26.68236
            ],
            [
              85.30138,
              26.67863
            ],
            [
              85.2933,
              26.67142
            ],
            [
              85.29258,
              26.66493
            ],
            [
              85.28519,
              26.65242
            ],
            [
              85.28758,
              26.64936
            ],
            [
              85.28568,
              26.64368
            ],
            [
              85.27497,
              26.63207
            ],
            [
              85.26644,
              26.61873
            ],
            [
              85.2652,
              26.61299
            ],
            [
              85.26758,
              26.60778
            ],
            [
              85.27294,
              26.6047
            ],
            [
              85.28644,
              26.61172
            ],
            [
              85.29436,
              26.61163
            ],
            [
              85.30538,
              26.60208
            ],
            [
              85.30653,
              26.59975
            ],
            [
              85.30087,
              26.58868
            ],
            [
              85.30071,
              26.58278
            ],
            [
              85.31549,
              26.57883
            ],
            [
              85.31927,
              26.57541
            ],
            [
              85.32787,
              26.56554
            ],
            [
              85.32559,
              26.55716
            ],
            [
              85.3278,
              26.55177
            ],
            [
              85.34805,
              26.53471
            ],
            [
              85.35404,
              26.52218
            ]
          ],
          [
            [
              86.36465,
              25.73095
            ],
            [
              86.36769,
              25.72569
            ],
            [
              86.36613,
              25.71828
            ],
            [
              86.36884,
              25.71109
            ],
            [
              86.37308,
              25.70739
            ],
            [
              86.39228,
              25.69877
            ],
            [
              86.40378,
              25.70119
            ],
            [
              86.40801,
              25.69917
            ],
            [
              86.40676,
              25.69242
            ],
            [
              86.40871,
              25.68798
            ],
            [
              86.40411,
              25.67839
            ],
            [
              86.40742,
              25.66605
            ],
            [
              86.41494,
              25.65177
            ],
            [
              86.42279,
              25.64268
            ],
            [
              86.42357,
              25.62981
            ],
            [
              86.43155,
              25.62778
            ],
            [
              86.43844,
              25.61694
            ],
            [
              86.43677,
              25.59723
            ],
            [
              86.43287,
              25.5892
            ],
            [
              86.43783,
              25.57989
            ],
            [
              86.43635,
              25.57265
            ],
            [
              86.43884,
              25.56817
            ],
            [
              86.44148,
              25.56951
            ],
            [
              86.44651,
              25.58076
            ],
            [
              86.45472,
              25.58405
            ],
            [
              86.45935,
              25.5806
            ],
            [
              86.47375,
              25.57935
            ],
            [
              86.475,
              25.57075
            ],
            [
              86.48442,
              25.57112
            ],
            [
              86.49238,
              25.56839
            ],
            [
              86.5015,
              25.57041
            ],
            [
              86.50635,
              25.56742
            ],
            [
              86.5087,
              25.55874
            ],
            [
              86.52167,
              25.56199
            ],
            [
              86.52868,
              25.54868
            ],
            [
              86.53194,
              25.54724
            ],
            [
              86.53807,
              25.55954
            ],
            [
              86.54596,
              25.56502
            ],
            [
              86.55199,
              25.56212
            ],
            [
              86.55126,
              25.55297
            ],
            [
              86.55579,
              25.55089
            ],
            [
              86.56259,
              25.55404
            ],
            [
              86.5649,
              25.56629
            ],
            [
              86.57868,
              25.56387
            ],
            [
              86.59306,
              25.57248
            ],
            [
              86.60911,
              25.56413
            ],
            [
              86.61162,
              25.55504
            ],
            [
              86.60988,
              25.54447
            ],
            [
              86.61182,
              25.5427
            ],
            [
              86.6287,
              25.54355
            ],
            [
              86.63885,
              25.55214
            ],
            [
              86.6502,
              25.54874
            ],
            [
              86.6621,
              25.5536
            ],
            [
              86.67533,
              25.5477
            ],
            [
              86.68493,
              25.53602
            ],
            [
              86.72235,
              25.54329
            ]
          ],
          [
            [
              85.35404,
              26.52218
            ],
            [
              85.34981,
              26.47877
            ],
            [
              85.36016,
              26.45923
            ],
            [
              85.35126,
              26.45312
            ],
            [
              85.34978,
              26.44642
            ],
            [
              85.35473,
              26.43796
            ],
            [
              85.35545,
              26.42593
            ],
            [
              85.36349,
              26.42853
            ],
            [
              85.37608,
              26.42658
            ],
            [
              85.38542,
              26.41637
            ],
            [
              85.40288,
              26.41265
            ],
            [
              85.42578,
              26.39475
            ],
            [
              85.44646,
              26.39467
            ],
            [
              85.44823,
              26.3818
            ],
            [
              85.4592,
              26.38676
            ],
            [
              85.46434,
              26.38466
            ],
            [
              85.46939,
              26.37714
            ],
            [
              85.46165,
              26.37001
            ],
            [
              85.46586,
              26.35917
            ],
            [
              85.45965,
              26.35484
            ],
            [
              85.46094,
              26.34784
            ],
            [
              85.46429,
              26.35055
            ],
            [
              85.47044,
              26.34894
            ],
            [
              85.48016,
              26.34154
            ],
            [
              85.48223,
              26.34662
            ],
            [
              85.4851,
              26.34732
            ],
            [
              85.49709,
              26.34086
            ],
            [
              85.49535,
              26.33853
            ],
            [
              85.49692,
              26.33613
            ],
            [
              85.50756,
              26.33558
            ],
            [
              85.51118,
              26.3298
            ],
            [
              85.51055,
              26.32416
            ],
            [
              85.52084,
              26.32041
            ],
            [
              85.52558,
              26.32155
            ],
            [
              85.52749,
              26.31728
            ],
            [
              85.5328,
              26.31922
            ],
            [
              85.53448,
              26.31464
            ],
            [
              85.54126,
              26.30923
            ],
            [
              85.54869,
              26.30672
            ],
            [
              85.54886,
              26.3007
            ],
            [
              85.55666,
              26.2996
            ],
            [
              85.55696,
              26.29437
            ],
            [
              85.56743,
              26.28982
            ],
            [
              85.56965,
              26.27774
            ],
            [
              85.57781,
              26.26603
            ],
            [
              85.58215,
              26.26677
            ],
            [
              85.58777,
              26.26396
            ],
            [
              85.59222,
              26.25728
            ],
            [
              85.60057,
              26.26106
            ],
            [
              85.60462,
              26.25913
            ],
            [
              85.60564,
              26.25204
            ],
            [
              85.61057,
              26.24657
            ],
            [
              85.61407,
              26.2465
            ],
            [
              85.61073,
              26.24116
            ],
            [
              85.61341,
              26.23628
            ],
            [
              85.62064,
              26.23638
            ],
            [
              85.62889,
              26.22656
            ],
            [
              85.6306,
              26.2287
            ],
            [
              85.63943,
              26.22875
            ],
            [
              85.64099,
              26.2246
            ],
            [
              85.64485,
              26.22487
            ],
            [
              85.64669,
              26.22095
            ],
            [
              85.65416,
              26.22425
            ],
            [
              85.65617,
              26.22042
            ],
            [
              85.65269,
              26.21364
            ],
            [
              85.65748,
              26.21079
            ],
            [
              85.66062,
              26.21411
            ],
            [
              85.67004,
              26.21351
            ],
            [
              85.66796,
              26.2101
            ],
            [
              85.6702,
              26.20239
            ],
            [
              85.66721,
              26.19394
            ],
            [
              85.67161,
              26.19146
            ],
            [
              85.66759,
              26.18572
            ],
            [
              85.67022,
              26.18235
            ],
            [
              85.66888,
              26.179
            ],
            [
              85.67554,
              26.1796
            ],
            [
              85.67673,
              26.17709
            ],
            [
              85.67419,
              26.17492
            ],
            [
              85.67708,
              26.17267
            ],
            [
              85.68221,
              26.17461
            ],
            [
              85.68172,
              26.16344
            ],
            [
              85.69432,
              26.15034
            ],
            [
              85.69453,
              26.14839
            ],
            [
              85.69147,
              26.14765
            ],
            [
              85.6936,
              26.1411
            ],
            [
              85.69708,
              26.13891
            ],
            [
              85.69645,
              26.14675
            ],
            [
              85.69949,
              26.14739
            ],
            [
              85.69873,
              26.13877
            ],
            [
              85.70143,
              26.13376
            ],
            [
              85.70827,
              26.13495
            ],
            [
              85.70913,
              26.1312
            ],
            [
              85.70559,
              26.1294
            ],
            [
              85.71089,
              26.12516
            ],
            [
              85.70943,
              26.11952
            ],
            [
              85.71225,
              26.1165
            ],
            [
              85.7185,
              26.11737
            ],
            [
              85.71757,
              26.10867
            ],
            [
              85.70536,
              26.10926
            ],
            [
              85.70348,
              26.10679
            ],
            [
              85.71021,
              26.10084
            ],
            [
              85.70671,
              26.09362
            ],
            [
              85.71693,
              26.09217
            ],
            [
              85.7184,
              26.08523
            ],
            [
              85.72287,
              26.08091
            ],
            [
              85.71907,
              26.07729
            ],
            [
              85.71535,
              26.07913
            ],
            [
              85.71728,
              26.08269
            ],
            [
              85.71235,
              26.07905
            ],
            [
              85.71772,
              26.06985
            ],
            [
              85.71732,
              26.0676
            ],
            [
              85.71337,
              26.06642
            ],
            [
              85.71774,
              26.06467
            ],
            [
              85.72526,
              26.0707
            ],
            [
              85.73257,
              26.07271
            ],
            [
              85.72615,
              26.06514
            ],
            [
              85.72434,
              26.05305
            ],
            [
              85.72032,
              26.04682
            ],
            [
              85.72863,
              26.04648
            ],
            [
              85.72883,
              26.03975
            ],
            [
              85.73229,
              26.03701
            ],
            [
              85.73608,
              26.03766
            ],
            [
              85.7422,
              26.05099
            ],
            [
              85.74669,
              26.04098
            ],
            [
              85.75014,
              26.03911
            ],
            [
              85.76793,
              26.03984
            ],
            [
              85.77488,
              26.04568
            ],
            [
              85.77939,
              26.03832
            ],
            [
              85.78882,
              26.03918
            ],
            [
              85.79504,
              26.03559
            ],
            [
              85.81211,
              26.03582
            ],
            [
              85.81919,
              26.02198
            ],
            [
              85.82771,
              26.0156
            ],
            [
              85.83292,
              26.01817
            ],
            [
              85.83481,
              26.03104
            ],
            [
              85.84084,
              26.02887
            ]
          ],
          [
            [
              86.13628,
              25.81616
            ],
            [
              86.13834,
              25.81237
            ],
            [
              86.13761,
              25.80486
            ],
            [
              86.14267,
              25.79884
            ],
            [
              86.14722,
              25.79946
            ],
            [
              86.15335,
              25.79434
            ],
            [
              86.1676,
              25.79144
            ],
            [
              86.16964,
              25.79646
            ],
            [
              86.18228,
              25.78677
            ],
            [
              86.20252,
              25.77939
            ],
            [
              86.21813,
              25.77778
            ],
            [
              86.22157,
              25.7723
            ],
            [
              86.21935,
              25.76496
            ],
            [
              86.22468,
              25.75918
            ],
            [
              86.22801,
              25.7693
            ],
            [
              86.23105,
              25.76869
            ],
            [
              86.23086,
              25.76069
            ],
            [
              86.24099,
              25.76562
            ],
            [
              86.25143,
              25.76573
            ],
            [
              86.25806,
              25.76853
            ],
            [
              86.26128,
              25.76212
            ],
            [
              86.26103,
              25.751
            ],
            [
              86.26765,
              25.74026
            ],
            [
              86.26886,
              25.73263
            ],
            [
              86.28097,
              25.73176
            ],
            [
              86.28545,
              25.72753
            ],
            [
              86.28135,
              25.72346
            ],
            [
              86.2758,
              25.72422
            ],
            [
              86.27509,
              25.71811
            ],
            [
              86.28893,
              25.71822
            ],
            [
              86.29222,
              25.72416
            ],
            [
              86.29632,
              25.71441
            ],
            [
              86.30543,
              25.71871
            ],
            [
              86.30631,
              25.71083
            ],
            [
              86.32264,
              25.72088
            ],
            [
              86.32116,
              25.72575
            ],
            [
              86.32974,
              25.72194
            ],
            [
              86.33678,
              25.72347
            ]
          ],
          [
            [
              86.33678,
              25.72347
            ],
            [
              86.34065,
              25.72581
            ],
            [
              86.33805,
              25.72988
            ],
            [
              86.33935,
              25.73096
            ],
            [
              86.34913,
              25.73257
            ],
            [
              86.35447,
              25.73076
            ],
            [
              86.35944,
              25.73299
            ],
            [
              86.36465,
              25.73095
            ]
          ],
          [
            [
              85.41842,
              27.40865
            ],
            [
              85.42038,
              27.40253
            ],
            [
              85.42733,
              27.40591
            ],
            [
              85.42907,
              27.4103
            ],
            [
              85.43287,
              27.41001
            ],
            [
              85.43258,
              27.4034
            ],
            [
              85.43994,
              27.40366
            ],
            [
              85.44458,
              27.40127
            ],
            [
              85.44816,
              27.3877
            ],
            [
              85.45825,
              27.39519
            ],
            [
              85.46277,
              27.38688
            ],
            [
              85.46967,
              27.38868
            ],
            [
              85.47326,
              27.37769
            ],
            [
              85.4789,
              27.37702
            ],
            [
              85.47767,
              27.37387
            ],
            [
              85.47169,
              27.37199
            ]
          ],
          [
            [
              85.47169,
              27.37199
            ],
            [
              85.47229,
              27.37021
            ]
          ],
          [
            [
              85.4893,
              27.15463
            ],
            [
              85.4908,
              27.1466
            ],
            [
              85.47825,
              27.1323
            ],
            [
              85.46739,
              27.11103
            ],
            [
              85.45161,
              27.09664
            ],
            [
              85.44226,
              27.0806
            ],
            [
              85.43118,
              27.074
            ],
            [
              85.43136,
              27.06831
            ],
            [
              85.42782,
              27.06611
            ],
            [
              85.42678,
              27.05747
            ],
            [
              85.41764,
              27.04886
            ],
            [
              85.41333,
              27.02709
            ],
            [
              85.40662,
              27.02336
            ],
            [
              85.40075,
              27.02482
            ],
            [
              85.3936,
              27.01074
            ],
            [
              85.38833,
              27.00915
            ],
            [
              85.3882,
              26.99723
            ],
            [
              85.39238,
              26.99156
            ],
            [
              85.38981,
              26.9798
            ],
            [
              85.39646,
              26.97106
            ],
            [
              85.39422,
              26.96465
            ],
            [
              85.39646,
              26.9568
            ],
            [
              85.38943,
              26.94998
            ],
            [
              85.38771,
              26.94353
            ],
            [
              85.39304,
              26.93181
            ],
            [
              85.38692,
              26.91908
            ],
            [
              85.38966,
              26.90948
            ],
            [
              85.37531,
              26.90308
            ],
            [
              85.36928,
              26.89688
            ],
            [
              85.35669,
              26.89291
            ],
            [
              85.35612,
              26.87985
            ],
            [
              85.35058,
              26.87182
            ],
            [
              85.35062,
              26.86313
            ],
            [
              85.34792,
              26.85718
            ],
            [
              85.34506,
              26.85635
            ],
            [
              85.34197,
              26.84554
            ],
            [
              85.34992,
              26.83304
            ],
            [
              85.34608,
              26.82808
            ],
            [
              85.33756,
              26.83242
            ],
            [
              85.33217,
              26.82972
            ],
            [
              85.32822,
              26.81927
            ],
            [
              85.33025,
              26.81195
            ],
            [
              85.32885,
              26.80318
            ],
            [
              85.32551,
              26.79514
            ],
            [
              85.32068,
              26.79358
            ],
            [
              85.31912,
              26.79023
            ],
            [
              85.32353,
              26.78643
            ],
            [
              85.32597,
              26.77317
            ],
            [
              85.32199,
              26.76353
            ],
            [
              85.32565,
              26.75905
            ],
            [
              85.33398,
              26.7555
            ],
            [
              85.33938,
              26.74156
            ]
          ],
          [
            [
              85.33938,
              26.74156
            ],
            [
              85.33597,
              26.73375
            ]
          ],
          [
            [
              85.49565,
              27.17366
            ],
            [
              85.50153,
              27.17557
            ],
            [
              85.50281,
              27.17119
            ],
            [
              85.49932,
              27.16796
            ],
            [
              85.50353,
              27.16626
            ],
            [
              85.50424,
              27.1635
            ],
            [
              85.49389,
              27.16307
            ],
            [
              85.4893,
              27.15463
            ]
          ],
          [
            [
              85.33322,
              27.43403
            ],
            [
              85.33539,
              27.43191
            ],
            [
              85.34053,
              27.43305
            ],
            [
              85.34656,
              27.42846
            ],
            [
              85.35007,
              27.43124
            ],
            [
              85.36851,
              27.42436
            ],
            [
              85.37136,
              27.4193
            ],
            [
              85.38397,
              27.41345
            ],
            [
              85.38493,
              27.4078
            ],
            [
              85.39482,
              27.41155
            ],
            [
              85.39814,
              27.40427
            ],
            [
              85.40462,
              27.40584
            ],
            [
              85.40633,
              27.40304
            ],
            [
              85.40951,
              27.40668
            ],
            [
              85.41401,
              27.40455
            ],
            [
              85.41505,
              27.40782
            ],
            [
              85.41842,
              27.40865
            ]
          ],
          [
            [
              85.46279,
              27.28445
            ],
            [
              85.4672,
              27.27534
            ],
            [
              85.475,
              27.27037
            ],
            [
              85.47494,
              27.26616
            ],
            [
              85.48005,
              27.25995
            ],
            [
              85.48381,
              27.25887
            ],
            [
              85.48928,
              27.24906
            ],
            [
              85.48743,
              27.24294
            ],
            [
              85.49008,
              27.23843
            ],
            [
              85.48607,
              27.22989
            ],
            [
              85.48756,
              27.22056
            ],
            [
              85.49922,
              27.22177
            ],
            [
              85.50394,
              27.21749
            ],
            [
              85.50175,
              27.20717
            ],
            [
              85.50919,
              27.19736
            ],
            [
              85.49986,
              27.19537
            ],
            [
              85.48798,
              27.19795
            ],
            [
              85.48693,
              27.19266
            ],
            [
              85.49223,
              27.18696
            ],
            [
              85.48687,
              27.18324
            ],
            [
              85.4824,
              27.18403
            ],
            [
              85.48012,
              27.18098
            ],
            [
              85.48208,
              27.17623
            ],
            [
              85.48719,
              27.17666
            ],
            [
              85.48992,
              27.1713
            ],
            [
              85.49565,
              27.17366
            ]
          ],
          [
            [
              85.43509,
              27.34221
            ],
            [
              85.43211,
              27.33372
            ],
            [
              85.41717,
              27.33198
            ],
            [
              85.41595,
              27.3301
            ],
            [
              85.41805,
              27.32109
            ],
            [
              85.42314,
              27.31708
            ],
            [
              85.42107,
              27.30817
            ],
            [
              85.43101,
              27.30177
            ],
            [
              85.43248,
              27.29493
            ]
          ],
          [
            [
              85.84084,
              26.02887
            ],
            [
              85.84163,
              26.02561
            ],
            [
              85.85045,
              26.02393
            ],
            [
              85.85014,
              26.01927
            ],
            [
              85.85678,
              26.02322
            ],
            [
              85.87654,
              26.02812
            ],
            [
              85.8658,
              26.03634
            ],
            [
              85.86777,
              26.03972
            ],
            [
              85.87301,
              26.04174
            ],
            [
              85.8752,
              26.0463
            ],
            [
              85.87705,
              26.04161
            ],
            [
              85.88397,
              26.03762
            ],
            [
              85.89289,
              26.0393
            ],
            [
              85.89584,
              26.03387
            ],
            [
              85.90381,
              26.03221
            ],
            [
              85.90251,
              26.01896
            ],
            [
              85.91762,
              26.02031
            ],
            [
              85.91998,
              26.01471
            ],
            [
              85.9121,
              26.01766
            ],
            [
              85.91021,
              26.01408
            ],
            [
              85.91143,
              26.01079
            ],
            [
              85.91966,
              26.00941
            ],
            [
              85.91456,
              25.98942
            ],
            [
              85.91623,
              25.98665
            ],
            [
              85.92513,
              25.99148
            ],
            [
              85.93458,
              25.9861
            ],
            [
              85.94154,
              25.98889
            ],
            [
              85.94481,
              25.98438
            ],
            [
              85.9506,
              25.98297
            ],
            [
              85.96166,
              25.97035
            ],
            [
              85.97139,
              25.97215
            ],
            [
              85.97748,
              25.96537
            ],
            [
              85.98837,
              25.96236
            ],
            [
              85.99717,
              25.96772
            ],
            [
              86.00231,
              25.96666
            ],
            [
              86.00801,
              25.95891
            ],
            [
              86.00761,
              25.94531
            ],
            [
              86.00367,
              25.93604
            ],
            [
              86.0118,
              25.93559
            ],
            [
              86.01477,
              25.93223
            ],
            [
              86.01292,
              25.92814
            ],
            [
              86.00141,
              25.92399
            ],
            [
              86.00102,
              25.915
            ],
            [
              86.01808,
              25.92072
            ],
            [
              86.0313,
              25.9096
            ],
            [
              86.03107,
              25.90056
            ],
            [
              86.0374,
              25.90002
            ],
            [
              86.04098,
              25.9052
            ],
            [
              86.04695,
              25.90597
            ],
            [
              86.05344,
              25.89714
            ],
            [
              86.06191,
              25.89944
            ],
            [
              86.06305,
              25.89108
            ],
            [
              86.05769,
              25.88277
            ],
            [
              86.06561,
              25.87885
            ],
            [
              86.06713,
              25.86915
            ],
            [
              86.07159,
              25.86642
            ],
            [
              86.06017,
              25.86002
            ],
            [
              86.08441,
              25.84747
            ],
            [
              86.08053,
              25.83686
            ],
            [
              86.08255,
              25.83021
            ],
            [
              86.08947,
              25.83274
            ],
            [
              86.09264,
              25.84247
            ],
            [
              86.09583,
              25.84403
            ],
            [
              86.10131,
              25.84055
            ],
            [
              86.0991,
              25.83307
            ],
            [
              86.10899,
              25.83696
            ],
            [
              86.11344,
              25.83468
            ],
            [
              86.11365,
              25.83178
            ],
            [
              86.10747,
              25.82762
            ],
            [
              86.10767,
              25.82513
            ],
            [
              86.11797,
              25.82939
            ],
            [
              86.12581,
              25.82982
            ],
            [
              86.13628,
              25.81616
            ]
          ],
          [
            [
              85.47229,
              27.37021
            ],
            [
              85.47255,
              27.36636
            ],
            [
              85.46416,
              27.35549
            ],
            [
              85.44838,
              27.35185
            ],
            [
              85.43509,
              27.34221
            ]
          ],
          [
            [
              85.4309,
              27.29048
            ],
            [
              85.44241,
              27.28362
            ],
            [
              85.46279,
              27.28445
            ]
          ],
          [
            [
              85.43248,
              27.29484
            ],
            [
              85.4309,
              27.29048
            ]
          ],
          [
            [
              85.43248,
              27.29493
            ],
            [
              85.43248,
              27.29484
            ]
          ]
        ]
      }
    },
    {
      "type": "Feature",
      "properties": {
        "name": "Sun Kosi",
        "name_hi": null,
        "name_en": null,
        "waterway": "river",
        "osm_ids": [
          "way/27913072",
          "way/27913107",
          "way/27914044",
          "way/235965631",
          "way/345668483",
          "way/512083847",
          "way/517895866",
          "way/518815926",
          "way/536922127",
          "way/536922128"
        ],
        "osm_primary_id": "way/27913072",
        "source": "OpenStreetMap",
        "source_url": "https://www.openstreetmap.org/way/27913072",
        "wikidata": null,
        "wikipedia": null,
        "segment_count": 17
      },
      "geometry": {
        "type": "MultiLineString",
        "coordinates": [
          [
            [
              86.43417,
              27.14878
            ],
            [
              86.43799,
              27.14673
            ],
            [
              86.43742,
              27.14442
            ],
            [
              86.42729,
              27.13765
            ],
            [
              86.42669,
              27.13276
            ],
            [
              86.43156,
              27.13062
            ],
            [
              86.4407,
              27.1337
            ],
            [
              86.44522,
              27.13287
            ],
            [
              86.45148,
              27.12037
            ],
            [
              86.45984,
              27.11876
            ],
            [
              86.47275,
              27.10207
            ],
            [
              86.48388,
              27.10984
            ],
            [
              86.49255,
              27.10459
            ],
            [
              86.50293,
              27.11464
            ],
            [
              86.51347,
              27.11156
            ],
            [
              86.53371,
              27.13571
            ],
            [
              86.54693,
              27.13726
            ],
            [
              86.54839,
              27.14225
            ],
            [
              86.55518,
              27.14076
            ],
            [
              86.5763,
              27.15138
            ],
            [
              86.58607,
              27.15177
            ],
            [
              86.60597,
              27.13962
            ],
            [
              86.61494,
              27.14016
            ],
            [
              86.62861,
              27.13423
            ],
            [
              86.64995,
              27.13025
            ],
            [
              86.655,
              27.12466
            ],
            [
              86.66911,
              27.11978
            ],
            [
              86.67103,
              27.11383
            ],
            [
              86.68127,
              27.10373
            ],
            [
              86.6903,
              27.10219
            ],
            [
              86.69746,
              27.0951
            ],
            [
              86.69991,
              27.09034
            ],
            [
              86.69858,
              27.08597
            ],
            [
              86.71052,
              27.07353
            ],
            [
              86.70956,
              27.06824
            ],
            [
              86.7199,
              27.06235
            ],
            [
              86.71946,
              27.05659
            ],
            [
              86.72628,
              27.04662
            ],
            [
              86.72636,
              27.03961
            ],
            [
              86.73165,
              27.0348
            ],
            [
              86.73911,
              27.03281
            ],
            [
              86.74723,
              27.02401
            ],
            [
              86.7484,
              27.01098
            ],
            [
              86.75341,
              27.00637
            ],
            [
              86.75203,
              26.98905
            ],
            [
              86.75643,
              26.98575
            ],
            [
              86.75461,
              26.97499
            ],
            [
              86.76088,
              26.97043
            ],
            [
              86.76439,
              26.95729
            ],
            [
              86.76123,
              26.94158
            ],
            [
              86.76329,
              26.93934
            ]
          ],
          [
            [
              85.73325,
              27.573
            ],
            [
              85.73579,
              27.5689
            ],
            [
              85.73484,
              27.56253
            ],
            [
              85.73814,
              27.55916
            ],
            [
              85.75279,
              27.552
            ],
            [
              85.76515,
              27.54243
            ],
            [
              85.76951,
              27.54136
            ],
            [
              85.77292,
              27.54374
            ]
          ],
          [
            [
              86.442,
              25.94443
            ],
            [
              86.42627,
              25.93041
            ],
            [
              86.42541,
              25.92223
            ],
            [
              86.43004,
              25.89116
            ],
            [
              86.44197,
              25.86374
            ],
            [
              86.44215,
              25.84733
            ],
            [
              86.4361,
              25.83292
            ],
            [
              86.42979,
              25.83493
            ],
            [
              86.42854,
              25.82829
            ],
            [
              86.41648,
              25.82377
            ],
            [
              86.41588,
              25.82114
            ],
            [
              86.41983,
              25.81504
            ],
            [
              86.41164,
              25.81303
            ],
            [
              86.40472,
              25.80005
            ],
            [
              86.40647,
              25.79046
            ],
            [
              86.39714,
              25.78358
            ],
            [
              86.39792,
              25.77906
            ],
            [
              86.40858,
              25.77457
            ],
            [
              86.40837,
              25.76805
            ],
            [
              86.40622,
              25.76648
            ],
            [
              86.39919,
              25.7717
            ],
            [
              86.39578,
              25.7673
            ],
            [
              86.39712,
              25.76444
            ],
            [
              86.40365,
              25.76409
            ],
            [
              86.41557,
              25.74621
            ],
            [
              86.40298,
              25.73604
            ],
            [
              86.40352,
              25.73128
            ],
            [
              86.40689,
              25.72909
            ],
            [
              86.42266,
              25.72901
            ],
            [
              86.42786,
              25.72205
            ],
            [
              86.42845,
              25.71579
            ],
            [
              86.42429,
              25.70634
            ],
            [
              86.43013,
              25.69643
            ],
            [
              86.43033,
              25.68494
            ],
            [
              86.43583,
              25.68226
            ],
            [
              86.43796,
              25.67723
            ],
            [
              86.43692,
              25.66784
            ],
            [
              86.44351,
              25.63703
            ],
            [
              86.4409,
              25.63121
            ],
            [
              86.43253,
              25.62636
            ]
          ],
          [
            [
              85.96007,
              27.38832
            ],
            [
              85.96418,
              27.38529
            ]
          ],
          [
            [
              86.20426,
              27.25035
            ],
            [
              86.22053,
              27.23996
            ],
            [
              86.23001,
              27.23725
            ],
            [
              86.23947,
              27.24132
            ],
            [
              86.24309,
              27.24699
            ],
            [
              86.25162,
              27.24953
            ],
            [
              86.25759,
              27.25824
            ],
            [
              86.26184,
              27.25748
            ],
            [
              86.26598,
              27.26112
            ],
            [
              86.26706,
              27.25306
            ],
            [
              86.27444,
              27.25145
            ],
            [
              86.28065,
              27.24587
            ],
            [
              86.28733,
              27.24568
            ],
            [
              86.29507,
              27.23798
            ],
            [
              86.30449,
              27.23761
            ],
            [
              86.30943,
              27.23288
            ],
            [
              86.31481,
              27.23159
            ],
            [
              86.33304,
              27.23094
            ],
            [
              86.3418,
              27.22831
            ],
            [
              86.3426,
              27.21823
            ],
            [
              86.33967,
              27.21131
            ],
            [
              86.34424,
              27.20159
            ],
            [
              86.35879,
              27.20092
            ],
            [
              86.37002,
              27.19172
            ],
            [
              86.37885,
              27.193
            ],
            [
              86.38288,
              27.18241
            ],
            [
              86.38975,
              27.17987
            ]
          ],
          [
            [
              86.84198,
              26.88593
            ],
            [
              86.85338,
              26.88847
            ],
            [
              86.86171,
              26.89508
            ],
            [
              86.86824,
              26.89379
            ],
            [
              86.88521,
              26.89888
            ],
            [
              86.91525,
              26.89611
            ],
            [
              86.92163,
              26.90456
            ],
            [
              86.93164,
              26.90748
            ],
            [
              86.94295,
              26.90334
            ],
            [
              86.95824,
              26.90434
            ],
            [
              86.96626,
              26.89984
            ],
            [
              86.97731,
              26.90678
            ],
            [
              86.97911,
              26.89654
            ],
            [
              87.00224,
              26.88659
            ],
            [
              87.00484,
              26.89196
            ],
            [
              87.01443,
              26.89227
            ],
            [
              87.02669,
              26.89804
            ],
            [
              87.03221,
              26.90383
            ],
            [
              87.03841,
              26.90208
            ],
            [
              87.04277,
              26.90648
            ],
            [
              87.05056,
              26.90244
            ],
            [
              87.06081,
              26.91079
            ],
            [
              87.06341,
              26.91067
            ],
            [
              87.06515,
              26.90738
            ],
            [
              87.07626,
              26.90848
            ],
            [
              87.08239,
              26.91228
            ],
            [
              87.0935,
              26.91005
            ],
            [
              87.09201,
              26.91454
            ],
            [
              87.09361,
              26.91687
            ],
            [
              87.10955,
              26.91772
            ],
            [
              87.11476,
              26.92305
            ],
            [
              87.1373,
              26.92775
            ],
            [
              87.14929,
              26.92517
            ],
            [
              87.15626,
              26.9129
            ],
            [
              87.16122,
              26.91025
            ]
          ],
          [
            [
              85.77292,
              27.54374
            ],
            [
              85.7751,
              27.54609
            ],
            [
              85.77781,
              27.54474
            ],
            [
              85.78307,
              27.5284
            ],
            [
              85.79419,
              27.51729
            ],
            [
              85.79374,
              27.50952
            ],
            [
              85.79711,
              27.50511
            ],
            [
              85.79635,
              27.50252
            ],
            [
              85.80169,
              27.49743
            ],
            [
              85.80326,
              27.49001
            ],
            [
              85.80733,
              27.48602
            ],
            [
              85.80675,
              27.47938
            ],
            [
              85.81236,
              27.47487
            ]
          ],
          [
            [
              85.81236,
              27.47487
            ],
            [
              85.8144,
              27.46414
            ],
            [
              85.80901,
              27.46182
            ],
            [
              85.80944,
              27.45467
            ],
            [
              85.82933,
              27.44764
            ],
            [
              85.82739,
              27.44139
            ],
            [
              85.83006,
              27.4374
            ],
            [
              85.84029,
              27.43377
            ],
            [
              85.84721,
              27.42439
            ],
            [
              85.85936,
              27.42444
            ],
            [
              85.86186,
              27.42092
            ],
            [
              85.86832,
              27.41834
            ],
            [
              85.87308,
              27.4201
            ],
            [
              85.87806,
              27.41674
            ],
            [
              85.88567,
              27.42014
            ],
            [
              85.89091,
              27.41374
            ],
            [
              85.89659,
              27.41636
            ],
            [
              85.91039,
              27.40921
            ],
            [
              85.91842,
              27.40881
            ],
            [
              85.92541,
              27.4043
            ],
            [
              85.92731,
              27.39708
            ],
            [
              85.93335,
              27.3959
            ],
            [
              85.93383,
              27.38866
            ],
            [
              85.94084,
              27.38605
            ],
            [
              85.94354,
              27.37995
            ],
            [
              85.95222,
              27.38167
            ],
            [
              85.95102,
              27.38572
            ],
            [
              85.9529,
              27.38853
            ],
            [
              85.96234,
              27.38722
            ],
            [
              85.96729,
              27.3827
            ],
            [
              85.97011,
              27.37506
            ],
            [
              85.97714,
              27.37123
            ],
            [
              85.97835,
              27.35445
            ],
            [
              85.98337,
              27.35015
            ],
            [
              85.98134,
              27.34056
            ],
            [
              85.98371,
              27.33537
            ],
            [
              85.991,
              27.33807
            ],
            [
              85.99738,
              27.33737
            ],
            [
              86.02239,
              27.3154
            ]
          ],
          [
            [
              86.02239,
              27.3154
            ],
            [
              86.02199,
              27.30867
            ],
            [
              86.03002,
              27.30999
            ],
            [
              86.03658,
              27.2998
            ],
            [
              86.04689,
              27.29705
            ],
            [
              86.05471,
              27.28797
            ],
            [
              86.05852,
              27.2869
            ],
            [
              86.06035,
              27.29055
            ],
            [
              86.07059,
              27.29146
            ]
          ],
          [
            [
              86.07059,
              27.29146
            ],
            [
              86.07487,
              27.29097
            ],
            [
              86.07542,
              27.27835
            ],
            [
              86.07748,
              27.27558
            ],
            [
              86.08171,
              27.27542
            ],
            [
              86.09306,
              27.26766
            ],
            [
              86.107,
              27.26821
            ],
            [
              86.10916,
              27.27117
            ]
          ],
          [
            [
              86.10916,
              27.27117
            ],
            [
              86.11358,
              27.27114
            ]
          ],
          [
            [
              86.11358,
              27.27114
            ],
            [
              86.12642,
              27.26511
            ]
          ],
          [
            [
              86.18042,
              27.25235
            ],
            [
              86.18772,
              27.25387
            ],
            [
              86.20426,
              27.25035
            ]
          ],
          [
            [
              86.15972,
              27.25252
            ],
            [
              86.18042,
              27.25235
            ]
          ],
          [
            [
              86.38975,
              27.17987
            ],
            [
              86.39999,
              27.17674
            ],
            [
              86.40201,
              27.17032
            ],
            [
              86.41601,
              27.16665
            ],
            [
              86.41995,
              27.14987
            ],
            [
              86.42832,
              27.14643
            ],
            [
              86.43417,
              27.14878
            ]
          ],
          [
            [
              86.76329,
              26.93934
            ],
            [
              86.76407,
              26.93379
            ],
            [
              86.76069,
              26.9251
            ],
            [
              86.76621,
              26.91369
            ],
            [
              86.76836,
              26.90069
            ],
            [
              86.77388,
              26.89664
            ],
            [
              86.77192,
              26.88489
            ],
            [
              86.77971,
              26.88777
            ],
            [
              86.78475,
              26.88056
            ],
            [
              86.79079,
              26.88029
            ],
            [
              86.8066,
              26.87237
            ],
            [
              86.81311,
              26.8749
            ],
            [
              86.82193,
              26.87203
            ],
            [
              86.82882,
              26.87592
            ],
            [
              86.83482,
              26.8755
            ],
            [
              86.83714,
              26.8837
            ],
            [
              86.84198,
              26.88593
            ]
          ],
          [
            [
              85.80918,
              27.47667
            ],
            [
              85.81106,
              27.47541
            ]
          ]
        ]
      }
    },
    {
      "type": "Feature",
      "properties": {
        "name": "Burhi Gandak",
        "name_hi": "बूढ़ी गंडक",
        "name_en": null,
        "waterway": "river",
        "osm_ids": [
          "way/44636573",
          "way/44636641",
          "way/44636655",
          "way/44636735",
          "way/44636964",
          "way/169119586",
          "way/196476585",
          "way/196476586",
          "way/328257735",
          "way/328257736"
        ],
        "osm_primary_id": "way/44636573",
        "source": "OpenStreetMap",
        "source_url": "https://www.openstreetmap.org/way/44636573",
        "wikidata": "Q3630468",
        "wikipedia": null,
        "segment_count": 16
      },
      "geometry": {
        "type": "MultiLineString",
        "coordinates": [
          [
            [
              85.07705,
              26.47504
            ],
            [
              85.08315,
              26.46335
            ],
            [
              85.07923,
              26.45797
            ],
            [
              85.06387,
              26.46414
            ],
            [
              85.05252,
              26.46494
            ],
            [
              85.04815,
              26.46258
            ],
            [
              85.05431,
              26.45003
            ],
            [
              85.06179,
              26.44327
            ],
            [
              85.08171,
              26.44281
            ],
            [
              85.08607,
              26.43687
            ],
            [
              85.08148,
              26.42977
            ],
            [
              85.07149,
              26.42482
            ],
            [
              85.06755,
              26.42025
            ],
            [
              85.06798,
              26.40851
            ],
            [
              85.09844,
              26.39391
            ],
            [
              85.10631,
              26.38322
            ],
            [
              85.11741,
              26.38008
            ],
            [
              85.13338,
              26.36239
            ]
          ],
          [
            [
              84.99837,
              26.70485
            ],
            [
              85.00092,
              26.70097
            ],
            [
              84.99691,
              26.69542
            ],
            [
              85.00929,
              26.68361
            ],
            [
              85.0006,
              26.67402
            ],
            [
              85.00341,
              26.66717
            ],
            [
              85.02993,
              26.647
            ],
            [
              85.03038,
              26.6367
            ],
            [
              85.03959,
              26.64004
            ],
            [
              85.04347,
              26.63806
            ],
            [
              85.03725,
              26.624
            ],
            [
              85.02862,
              26.61831
            ],
            [
              85.03491,
              26.61478
            ],
            [
              85.04843,
              26.61606
            ],
            [
              85.04961,
              26.61452
            ],
            [
              85.04978,
              26.60838
            ],
            [
              85.03761,
              26.59512
            ],
            [
              85.03785,
              26.59191
            ],
            [
              85.04154,
              26.59073
            ],
            [
              85.05139,
              26.5941
            ],
            [
              85.05674,
              26.59099
            ],
            [
              85.0515,
              26.58337
            ],
            [
              85.04148,
              26.58346
            ],
            [
              85.04294,
              26.57127
            ],
            [
              85.0566,
              26.56342
            ],
            [
              85.04373,
              26.5532
            ],
            [
              85.04507,
              26.54746
            ],
            [
              85.04962,
              26.5428
            ],
            [
              85.04639,
              26.53858
            ],
            [
              85.03592,
              26.53442
            ],
            [
              85.03813,
              26.52055
            ],
            [
              85.03172,
              26.51791
            ],
            [
              85.02609,
              26.52286
            ],
            [
              85.02056,
              26.52424
            ],
            [
              85.01191,
              26.52048
            ],
            [
              85.01075,
              26.51185
            ],
            [
              85.01707,
              26.50741
            ],
            [
              85.02348,
              26.50983
            ],
            [
              85.03187,
              26.50841
            ],
            [
              85.03571,
              26.49076
            ],
            [
              85.04174,
              26.48969
            ],
            [
              85.04645,
              26.49268
            ],
            [
              85.03772,
              26.47941
            ],
            [
              85.03891,
              26.47581
            ],
            [
              85.05905,
              26.46863
            ],
            [
              85.07705,
              26.47504
            ]
          ],
          [
            [
              84.81684,
              26.72645
            ],
            [
              84.81722,
              26.72267
            ],
            [
              84.82169,
              26.72444
            ],
            [
              84.82392,
              26.72798
            ],
            [
              84.82182,
              26.73415
            ],
            [
              84.83126,
              26.73791
            ],
            [
              84.83357,
              26.73295
            ],
            [
              84.83109,
              26.72476
            ],
            [
              84.83469,
              26.72251
            ],
            [
              84.83915,
              26.72926
            ],
            [
              84.84025,
              26.73745
            ],
            [
              84.84317,
              26.74002
            ],
            [
              84.84662,
              26.73768
            ],
            [
              84.8443,
              26.72863
            ],
            [
              84.84653,
              26.72711
            ],
            [
              84.86323,
              26.74017
            ],
            [
              84.86524,
              26.73309
            ],
            [
              84.86321,
              26.72672
            ],
            [
              84.86553,
              26.72526
            ],
            [
              84.87138,
              26.73507
            ],
            [
              84.87434,
              26.73636
            ],
            [
              84.87937,
              26.735
            ],
            [
              84.88018,
              26.72689
            ],
            [
              84.88984,
              26.72798
            ],
            [
              84.89597,
              26.72365
            ],
            [
              84.89808,
              26.72654
            ],
            [
              84.89735,
              26.7317
            ],
            [
              84.90149,
              26.73147
            ],
            [
              84.90842,
              26.72493
            ],
            [
              84.91277,
              26.72835
            ],
            [
              84.91378,
              26.73467
            ],
            [
              84.92207,
              26.7267
            ],
            [
              84.92801,
              26.73049
            ],
            [
              84.94042,
              26.72621
            ],
            [
              84.94561,
              26.73095
            ],
            [
              84.94988,
              26.73118
            ],
            [
              84.96063,
              26.7248
            ],
            [
              84.96037,
              26.72183
            ],
            [
              84.95599,
              26.71995
            ],
            [
              84.95897,
              26.71479
            ],
            [
              84.9665,
              26.71832
            ],
            [
              84.96937,
              26.71679
            ],
            [
              84.97146,
              26.70979
            ],
            [
              84.97017,
              26.69724
            ],
            [
              84.97217,
              26.69405
            ],
            [
              84.99208,
              26.69231
            ],
            [
              84.99453,
              26.69551
            ],
            [
              84.99165,
              26.70337
            ],
            [
              84.99429,
              26.70584
            ],
            [
              84.99837,
              26.70485
            ]
          ],
          [
            [
              84.48759,
              26.96849
            ],
            [
              84.48982,
              26.96742
            ],
            [
              84.48913,
              26.9616
            ],
            [
              84.49291,
              26.95135
            ],
            [
              84.50407,
              26.96084
            ],
            [
              84.50733,
              26.95839
            ],
            [
              84.50698,
              26.95426
            ],
            [
              84.51076,
              26.95334
            ],
            [
              84.51162,
              26.96283
            ],
            [
              84.51488,
              26.96237
            ],
            [
              84.51643,
              26.95732
            ],
            [
              84.52243,
              26.9616
            ],
            [
              84.53119,
              26.95885
            ],
            [
              84.54029,
              26.9616
            ],
            [
              84.54286,
              26.96023
            ],
            [
              84.54492,
              26.95334
            ],
            [
              84.54801,
              26.95671
            ],
            [
              84.55488,
              26.95487
            ],
            [
              84.55625,
              26.95966
            ],
            [
              84.56501,
              26.95594
            ],
            [
              84.56849,
              26.9619
            ],
            [
              84.57188,
              26.95208
            ],
            [
              84.58179,
              26.95266
            ],
            [
              84.58939,
              26.94758
            ],
            [
              84.59187,
              26.94141
            ],
            [
              84.59642,
              26.93819
            ],
            [
              84.59985,
              26.92671
            ],
            [
              84.6105,
              26.92151
            ],
            [
              84.6105,
              26.91355
            ],
            [
              84.61311,
              26.91128
            ],
            [
              84.62954,
              26.90951
            ],
            [
              84.62798,
              26.89969
            ],
            [
              84.63298,
              26.89288
            ],
            [
              84.64129,
              26.88836
            ],
            [
              84.63968,
              26.88247
            ],
            [
              84.66166,
              26.87613
            ],
            [
              84.6696,
              26.88069
            ],
            [
              84.6782,
              26.86872
            ],
            [
              84.68163,
              26.87728
            ],
            [
              84.69566,
              26.87286
            ]
          ],
          [
            [
              84.38874,
              27.26961
            ],
            [
              84.38849,
              27.26079
            ],
            [
              84.39314,
              27.2583
            ],
            [
              84.39968,
              27.2586
            ],
            [
              84.39898,
              27.25346
            ],
            [
              84.40238,
              27.25328
            ],
            [
              84.40576,
              27.24663
            ],
            [
              84.41274,
              27.24356
            ],
            [
              84.41996,
              27.23491
            ],
            [
              84.42368,
              27.23362
            ],
            [
              84.42541,
              27.23686
            ],
            [
              84.42937,
              27.23327
            ],
            [
              84.43408,
              27.23699
            ],
            [
              84.43623,
              27.23601
            ],
            [
              84.44448,
              27.23985
            ],
            [
              84.44794,
              27.23733
            ],
            [
              84.45091,
              27.23865
            ],
            [
              84.45188,
              27.2341
            ],
            [
              84.45439,
              27.23388
            ],
            [
              84.46176,
              27.22388
            ],
            [
              84.46691,
              27.22172
            ],
            [
              84.46453,
              27.21619
            ],
            [
              84.47024,
              27.20953
            ],
            [
              84.46683,
              27.19333
            ],
            [
              84.4592,
              27.19322
            ],
            [
              84.46315,
              27.1868
            ],
            [
              84.45891,
              27.18316
            ],
            [
              84.45945,
              27.17968
            ],
            [
              84.44713,
              27.17491
            ],
            [
              84.45632,
              27.17148
            ],
            [
              84.45033,
              27.16019
            ],
            [
              84.45678,
              27.1572
            ],
            [
              84.45599,
              27.15103
            ],
            [
              84.46054,
              27.14703
            ],
            [
              84.46068,
              27.14221
            ],
            [
              84.46746,
              27.13754
            ],
            [
              84.46455,
              27.13083
            ],
            [
              84.46882,
              27.13024
            ],
            [
              84.46704,
              27.12563
            ],
            [
              84.45901,
              27.12162
            ],
            [
              84.45882,
              27.1143
            ],
            [
              84.45154,
              27.1117
            ],
            [
              84.45043,
              27.10903
            ]
          ],
          [
            [
              84.45043,
              27.10903
            ],
            [
              84.45502,
              27.107
            ],
            [
              84.45635,
              27.0987
            ],
            [
              84.45533,
              27.0967
            ],
            [
              84.45042,
              27.09723
            ],
            [
              84.45207,
              27.09391
            ],
            [
              84.44753,
              27.08915
            ],
            [
              84.44702,
              27.08521
            ],
            [
              84.45013,
              27.08024
            ],
            [
              84.44752,
              27.07732
            ],
            [
              84.44803,
              27.07301
            ],
            [
              84.43311,
              27.06371
            ],
            [
              84.42857,
              27.06398
            ],
            [
              84.42659,
              27.05508
            ],
            [
              84.41611,
              27.05037
            ],
            [
              84.41746,
              27.04722
            ],
            [
              84.42373,
              27.0445
            ],
            [
              84.42287,
              27.04206
            ],
            [
              84.41892,
              27.04144
            ],
            [
              84.42373,
              27.03624
            ],
            [
              84.41789,
              27.03395
            ],
            [
              84.41858,
              27.03242
            ],
            [
              84.42785,
              27.03028
            ],
            [
              84.42236,
              27.02982
            ],
            [
              84.40897,
              27.01759
            ],
            [
              84.41669,
              27.01575
            ],
            [
              84.41526,
              27.00819
            ]
          ],
          [
            [
              84.69566,
              26.87286
            ],
            [
              84.70185,
              26.87576
            ],
            [
              84.70951,
              26.86136
            ],
            [
              84.71822,
              26.85951
            ],
            [
              84.72103,
              26.85635
            ],
            [
              84.71594,
              26.83974
            ],
            [
              84.72087,
              26.84113
            ],
            [
              84.72625,
              26.85069
            ],
            [
              84.73404,
              26.84446
            ],
            [
              84.73481,
              26.83912
            ],
            [
              84.72972,
              26.8293
            ],
            [
              84.72153,
              26.83005
            ],
            [
              84.71597,
              26.82792
            ],
            [
              84.71792,
              26.82526
            ],
            [
              84.72511,
              26.82641
            ],
            [
              84.72876,
              26.82442
            ],
            [
              84.73625,
              26.79988
            ],
            [
              84.7317,
              26.79422
            ],
            [
              84.73865,
              26.79163
            ],
            [
              84.73921,
              26.78178
            ],
            [
              84.7524,
              26.78726
            ],
            [
              84.75779,
              26.78678
            ],
            [
              84.76276,
              26.77877
            ],
            [
              84.76665,
              26.76286
            ],
            [
              84.77086,
              26.76876
            ],
            [
              84.77122,
              26.77862
            ],
            [
              84.78045,
              26.77159
            ],
            [
              84.79177,
              26.76809
            ],
            [
              84.79139,
              26.75715
            ],
            [
              84.81083,
              26.7544
            ],
            [
              84.81321,
              26.74538
            ],
            [
              84.8228,
              26.74456
            ],
            [
              84.81775,
              26.73554
            ],
            [
              84.81684,
              26.72645
            ]
          ],
          [
            [
              84.41526,
              27.00819
            ],
            [
              84.42064,
              27.00138
            ],
            [
              84.4215,
              26.99602
            ],
            [
              84.4251,
              26.99557
            ],
            [
              84.43094,
              26.99954
            ],
            [
              84.43986,
              26.99511
            ],
            [
              84.44192,
              26.98868
            ],
            [
              84.45137,
              26.98914
            ],
            [
              84.45566,
              26.98287
            ],
            [
              84.46991,
              26.9792
            ],
            [
              84.46836,
              26.96742
            ],
            [
              84.47265,
              26.96206
            ],
            [
              84.4766,
              26.9613
            ],
            [
              84.48759,
              26.96849
            ]
          ],
          [
            [
              85.66819,
              25.96487
            ],
            [
              85.67562,
              25.96013
            ],
            [
              85.69337,
              25.95462
            ],
            [
              85.69658,
              25.94206
            ],
            [
              85.70116,
              25.93947
            ],
            [
              85.7201,
              25.95096
            ],
            [
              85.72319,
              25.96968
            ],
            [
              85.73686,
              25.96827
            ],
            [
              85.75224,
              25.96316
            ],
            [
              85.75746,
              25.95685
            ],
            [
              85.75634,
              25.94583
            ],
            [
              85.75153,
              25.94153
            ],
            [
              85.73755,
              25.94264
            ],
            [
              85.73518,
              25.93978
            ],
            [
              85.742,
              25.92592
            ],
            [
              85.74692,
              25.92174
            ],
            [
              85.76638,
              25.92373
            ],
            [
              85.77004,
              25.89621
            ],
            [
              85.76885,
              25.88567
            ],
            [
              85.77616,
              25.87531
            ],
            [
              85.77594,
              25.87214
            ],
            [
              85.80097,
              25.86117
            ],
            [
              85.82209,
              25.86636
            ],
            [
              85.83461,
              25.86255
            ],
            [
              85.84379,
              25.85617
            ],
            [
              85.84881,
              25.85787
            ],
            [
              85.85709,
              25.86681
            ],
            [
              85.85894,
              25.86621
            ],
            [
              85.86164,
              25.85515
            ],
            [
              85.86382,
              25.8543
            ],
            [
              85.88219,
              25.85401
            ],
            [
              85.89648,
              25.8576
            ],
            [
              85.89958,
              25.85484
            ],
            [
              85.89945,
              25.85124
            ],
            [
              85.89154,
              25.84647
            ],
            [
              85.88811,
              25.83792
            ],
            [
              85.89826,
              25.82375
            ],
            [
              85.91645,
              25.82233
            ],
            [
              85.91524,
              25.81509
            ],
            [
              85.90804,
              25.80807
            ],
            [
              85.91347,
              25.79777
            ],
            [
              85.92427,
              25.79347
            ],
            [
              85.93221,
              25.78638
            ],
            [
              85.94695,
              25.78646
            ],
            [
              85.95334,
              25.77357
            ],
            [
              85.97679,
              25.77619
            ],
            [
              85.98271,
              25.77332
            ],
            [
              85.98274,
              25.76838
            ]
          ],
          [
            [
              85.59919,
              26.00083
            ],
            [
              85.60674,
              26.00453
            ],
            [
              85.60917,
              26.01314
            ],
            [
              85.62551,
              26.01541
            ],
            [
              85.63116,
              26.01245
            ],
            [
              85.6366,
              26.00271
            ],
            [
              85.64983,
              26.00252
            ],
            [
              85.66167,
              25.99512
            ],
            [
              85.69369,
              25.98928
            ],
            [
              85.6966,
              25.98407
            ],
            [
              85.6941,
              25.97961
            ],
            [
              85.67005,
              25.97164
            ],
            [
              85.66819,
              25.96487
            ]
          ],
          [
            [
              85.98274,
              25.76838
            ],
            [
              85.97545,
              25.75809
            ],
            [
              85.98371,
              25.74872
            ],
            [
              86.00604,
              25.75731
            ],
            [
              86.01578,
              25.75799
            ],
            [
              86.02138,
              25.74729
            ],
            [
              86.01638,
              25.7316
            ],
            [
              86.02428,
              25.72664
            ],
            [
              86.02781,
              25.72057
            ],
            [
              86.02254,
              25.7169
            ],
            [
              86.01773,
              25.72239
            ],
            [
              86.01069,
              25.72389
            ],
            [
              86.0094,
              25.71275
            ],
            [
              86.01203,
              25.70549
            ],
            [
              86.02187,
              25.70343
            ],
            [
              86.02491,
              25.70022
            ],
            [
              86.02935,
              25.69216
            ],
            [
              86.02781,
              25.68768
            ],
            [
              86.01488,
              25.68233
            ],
            [
              86.00072,
              25.68448
            ],
            [
              85.9984,
              25.68039
            ],
            [
              86.00295,
              25.66741
            ],
            [
              86.01421,
              25.65757
            ],
            [
              86.01545,
              25.65016
            ],
            [
              86.02115,
              25.64264
            ],
            [
              86.01238,
              25.63374
            ],
            [
              86.0146,
              25.62633
            ],
            [
              86.01412,
              25.61116
            ],
            [
              86.02085,
              25.61007
            ],
            [
              86.03089,
              25.61599
            ],
            [
              86.03485,
              25.61595
            ],
            [
              86.03709,
              25.6123
            ],
            [
              86.03258,
              25.60469
            ],
            [
              86.03479,
              25.60185
            ],
            [
              86.04248,
              25.60127
            ],
            [
              86.0474,
              25.59805
            ],
            [
              86.04876,
              25.58538
            ],
            [
              86.08739,
              25.58086
            ],
            [
              86.0904,
              25.57731
            ],
            [
              86.089,
              25.56391
            ],
            [
              86.09176,
              25.56158
            ],
            [
              86.09512,
              25.56416
            ]
          ],
          [
            [
              86.09512,
              25.56416
            ],
            [
              86.10182,
              25.57148
            ],
            [
              86.10566,
              25.57228
            ],
            [
              86.10942,
              25.57109
            ],
            [
              86.11056,
              25.56503
            ],
            [
              86.09747,
              25.5602
            ],
            [
              86.08985,
              25.54965
            ],
            [
              86.09008,
              25.54478
            ],
            [
              86.09333,
              25.54486
            ],
            [
              86.10536,
              25.55364
            ],
            [
              86.10886,
              25.55328
            ],
            [
              86.12141,
              25.54516
            ],
            [
              86.11992,
              25.53455
            ],
            [
              86.12643,
              25.53525
            ],
            [
              86.13234,
              25.54091
            ],
            [
              86.14267,
              25.54324
            ],
            [
              86.15043,
              25.55014
            ],
            [
              86.16188,
              25.54935
            ],
            [
              86.16297,
              25.54542
            ],
            [
              86.16031,
              25.53525
            ],
            [
              86.14596,
              25.52874
            ],
            [
              86.13983,
              25.52127
            ],
            [
              86.13282,
              25.52261
            ],
            [
              86.13214,
              25.51943
            ],
            [
              86.13478,
              25.51566
            ],
            [
              86.14278,
              25.51157
            ],
            [
              86.15119,
              25.51855
            ],
            [
              86.15838,
              25.51188
            ],
            [
              86.16238,
              25.51222
            ],
            [
              86.16949,
              25.52026
            ],
            [
              86.18349,
              25.50645
            ],
            [
              86.18808,
              25.50555
            ],
            [
              86.19967,
              25.51304
            ],
            [
              86.21316,
              25.50047
            ],
            [
              86.22539,
              25.51188
            ],
            [
              86.24223,
              25.50557
            ],
            [
              86.24952,
              25.50604
            ],
            [
              86.25245,
              25.5087
            ],
            [
              86.25546,
              25.52924
            ],
            [
              86.26318,
              25.53389
            ],
            [
              86.26694,
              25.5317
            ],
            [
              86.26575,
              25.52309
            ],
            [
              86.27853,
              25.52007
            ],
            [
              86.28148,
              25.51632
            ],
            [
              86.28156,
              25.51077
            ],
            [
              86.28571,
              25.50689
            ],
            [
              86.29203,
              25.50878
            ],
            [
              86.29271,
              25.51483
            ],
            [
              86.29518,
              25.51602
            ],
            [
              86.30286,
              25.51462
            ],
            [
              86.30856,
              25.50748
            ],
            [
              86.31313,
              25.5134
            ],
            [
              86.32264,
              25.51917
            ],
            [
              86.32311,
              25.51003
            ],
            [
              86.3266,
              25.50509
            ],
            [
              86.34777,
              25.50033
            ],
            [
              86.35238,
              25.49132
            ],
            [
              86.35677,
              25.48896
            ],
            [
              86.36002,
              25.49099
            ],
            [
              86.35606,
              25.49958
            ],
            [
              86.36496,
              25.5021
            ],
            [
              86.36622,
              25.48887
            ],
            [
              86.36258,
              25.48144
            ],
            [
              86.36426,
              25.47686
            ],
            [
              86.37691,
              25.48269
            ],
            [
              86.39281,
              25.48472
            ],
            [
              86.39527,
              25.48752
            ],
            [
              86.39414,
              25.4942
            ],
            [
              86.39655,
              25.49767
            ],
            [
              86.39987,
              25.49516
            ],
            [
              86.4037,
              25.47682
            ],
            [
              86.40857,
              25.47419
            ],
            [
              86.41922,
              25.47437
            ],
            [
              86.42406,
              25.48617
            ],
            [
              86.4334,
              25.48238
            ],
            [
              86.45024,
              25.49648
            ],
            [
              86.4569,
              25.4946
            ],
            [
              86.46825,
              25.49553
            ],
            [
              86.47962,
              25.50111
            ],
            [
              86.49953,
              25.49703
            ],
            [
              86.50368,
              25.50346
            ],
            [
              86.51117,
              25.50625
            ],
            [
              86.52919,
              25.50521
            ],
            [
              86.59596,
              25.48243
            ],
            [
              86.60619,
              25.4658
            ],
            [
              86.61009,
              25.43284
            ],
            [
              86.6036,
              25.4156
            ],
            [
              86.59654,
              25.40861
            ],
            [
              86.5973,
              25.4058
            ],
            [
              86.60084,
              25.40516
            ],
            [
              86.59291,
              25.38819
            ],
            [
              86.57986,
              25.37332
            ],
            [
              86.58029,
              25.35946
            ]
          ],
          [
            [
              85.37521,
              26.16234
            ],
            [
              85.38372,
              26.15515
            ],
            [
              85.38248,
              26.15124
            ],
            [
              85.37833,
              26.15076
            ],
            [
              85.37711,
              26.15311
            ],
            [
              85.37375,
              26.15174
            ],
            [
              85.37373,
              26.14792
            ],
            [
              85.38182,
              26.13599
            ],
            [
              85.39597,
              26.13947
            ],
            [
              85.41522,
              26.13905
            ],
            [
              85.44072,
              26.1242
            ],
            [
              85.44468,
              26.12629
            ],
            [
              85.44551,
              26.12989
            ],
            [
              85.44162,
              26.13904
            ],
            [
              85.44873,
              26.14512
            ],
            [
              85.46541,
              26.14778
            ],
            [
              85.46587,
              26.14093
            ],
            [
              85.47356,
              26.13317
            ],
            [
              85.47661,
              26.13311
            ],
            [
              85.48024,
              26.13963
            ],
            [
              85.48978,
              26.13622
            ],
            [
              85.48838,
              26.1268
            ],
            [
              85.49571,
              26.11806
            ],
            [
              85.50686,
              26.11543
            ],
            [
              85.51446,
              26.10935
            ],
            [
              85.52351,
              26.10846
            ],
            [
              85.52566,
              26.1059
            ],
            [
              85.52443,
              26.10385
            ],
            [
              85.51218,
              26.10111
            ],
            [
              85.50996,
              26.09815
            ],
            [
              85.5128,
              26.08088
            ],
            [
              85.5213,
              26.0791
            ],
            [
              85.52724,
              26.07023
            ],
            [
              85.52427,
              26.06718
            ],
            [
              85.51462,
              26.0684
            ],
            [
              85.51264,
              26.06132
            ],
            [
              85.51717,
              26.05916
            ],
            [
              85.52362,
              26.05977
            ],
            [
              85.53003,
              26.06797
            ],
            [
              85.54019,
              26.07394
            ],
            [
              85.5439,
              26.07377
            ],
            [
              85.54505,
              26.07129
            ],
            [
              85.53716,
              26.05193
            ],
            [
              85.55176,
              26.04224
            ],
            [
              85.5668,
              26.03717
            ],
            [
              85.57675,
              26.02355
            ],
            [
              85.59399,
              26.01353
            ],
            [
              85.59919,
              26.00083
            ]
          ],
          [
            [
              85.13338,
              26.36239
            ],
            [
              85.13864,
              26.36291
            ],
            [
              85.15334,
              26.37058
            ],
            [
              85.17216,
              26.36652
            ],
            [
              85.18637,
              26.36895
            ],
            [
              85.1881,
              26.36573
            ],
            [
              85.18554,
              26.36021
            ],
            [
              85.17637,
              26.36149
            ],
            [
              85.17336,
              26.35842
            ],
            [
              85.17839,
              26.34935
            ],
            [
              85.17433,
              26.33414
            ],
            [
              85.18864,
              26.32551
            ],
            [
              85.19105,
              26.32026
            ],
            [
              85.18669,
              26.31647
            ],
            [
              85.17457,
              26.31416
            ],
            [
              85.17366,
              26.31134
            ],
            [
              85.18489,
              26.29897
            ],
            [
              85.19754,
              26.29737
            ],
            [
              85.19879,
              26.29192
            ],
            [
              85.2051,
              26.28987
            ],
            [
              85.21167,
              26.29043
            ],
            [
              85.22365,
              26.29867
            ],
            [
              85.22957,
              26.29726
            ],
            [
              85.234,
              26.29054
            ],
            [
              85.22504,
              26.27192
            ],
            [
              85.22831,
              26.26422
            ],
            [
              85.23499,
              26.26556
            ],
            [
              85.23966,
              26.2754
            ],
            [
              85.2435,
              26.27723
            ],
            [
              85.25204,
              26.27602
            ],
            [
              85.25973,
              26.26601
            ],
            [
              85.26399,
              26.26463
            ],
            [
              85.27426,
              26.26838
            ],
            [
              85.27938,
              26.27654
            ],
            [
              85.28465,
              26.28026
            ],
            [
              85.29699,
              26.27459
            ],
            [
              85.30706,
              26.27542
            ],
            [
              85.31135,
              26.26014
            ],
            [
              85.31815,
              26.25534
            ],
            [
              85.31184,
              26.24754
            ],
            [
              85.32781,
              26.2402
            ],
            [
              85.32149,
              26.22379
            ],
            [
              85.32465,
              26.22298
            ],
            [
              85.33457,
              26.22751
            ],
            [
              85.34303,
              26.21604
            ],
            [
              85.34394,
              26.20236
            ],
            [
              85.37115,
              26.17513
            ],
            [
              85.372,
              26.17091
            ],
            [
              85.36875,
              26.16594
            ],
            [
              85.37521,
              26.16234
            ]
          ],
          [
            [
              84.3768,
              27.28147
            ],
            [
              84.37984,
              27.27905
            ],
            [
              84.38214,
              27.27165
            ],
            [
              84.38874,
              27.26961
            ]
          ],
          [
            [
              84.3661,
              27.35707
            ],
            [
              84.36901,
              27.35512
            ],
            [
              84.36336,
              27.35069
            ],
            [
              84.36514,
              27.3462
            ],
            [
              84.36166,
              27.34287
            ],
            [
              84.36529,
              27.34228
            ],
            [
              84.36525,
              27.33904
            ],
            [
              84.36938,
              27.33975
            ],
            [
              84.36723,
              27.3371
            ],
            [
              84.36375,
              27.3373
            ],
            [
              84.3673,
              27.33456
            ],
            [
              84.36618,
              27.31639
            ],
            [
              84.37111,
              27.31208
            ],
            [
              84.36879,
              27.3073
            ],
            [
              84.37126,
              27.3005
            ],
            [
              84.36956,
              27.29459
            ],
            [
              84.3768,
              27.28147
            ]
          ]
        ]
      }
    },
    {
      "type": "Feature",
      "properties": {
        "name": "Koshi",
        "name_hi": "कोसी नदी",
        "name_en": "Koshi River",
        "waterway": "river",
        "osm_ids": [
          "way/45322552",
          "way/148020902",
          "way/166018880",
          "way/166018890",
          "way/198730909",
          "way/198730916",
          "way/516115768",
          "way/755909781",
          "way/755909782",
          "way/1025407781"
        ],
        "osm_primary_id": "way/45322552",
        "source": "OpenStreetMap",
        "source_url": "https://www.openstreetmap.org/way/45322552",
        "wikidata": null,
        "wikipedia": null,
        "segment_count": 11
      },
      "geometry": {
        "type": "MultiLineString",
        "coordinates": [
          [
            [
              86.6729,
              26.31323
            ],
            [
              86.66816,
              26.30557
            ],
            [
              86.66679,
              26.28876
            ],
            [
              86.64945,
              26.27481
            ],
            [
              86.64263,
              26.27373
            ],
            [
              86.63226,
              26.27926
            ],
            [
              86.60958,
              26.268
            ],
            [
              86.59681,
              26.25645
            ],
            [
              86.59872,
              26.24577
            ],
            [
              86.59134,
              26.22757
            ],
            [
              86.56308,
              26.20974
            ]
          ],
          [
            [
              87.089,
              26.71753
            ],
            [
              87.08547,
              26.70949
            ],
            [
              87.06671,
              26.69664
            ],
            [
              87.06085,
              26.68361
            ],
            [
              87.04094,
              26.67934
            ],
            [
              87.03417,
              26.67089
            ],
            [
              87.02843,
              26.66841
            ],
            [
              87.02214,
              26.65277
            ],
            [
              87.01212,
              26.6412
            ],
            [
              87.00844,
              26.62226
            ],
            [
              86.99774,
              26.61347
            ]
          ],
          [
            [
              86.92843,
              26.52757
            ],
            [
              86.91015,
              26.52113
            ],
            [
              86.90165,
              26.51168
            ],
            [
              86.88971,
              26.50386
            ],
            [
              86.88939,
              26.49194
            ],
            [
              86.89559,
              26.48184
            ],
            [
              86.9019,
              26.45715
            ],
            [
              86.87967,
              26.43609
            ],
            [
              86.87252,
              26.43684
            ],
            [
              86.86849,
              26.43077
            ],
            [
              86.85935,
              26.429
            ],
            [
              86.85497,
              26.41897
            ],
            [
              86.85031,
              26.41526
            ],
            [
              86.84398,
              26.41411
            ],
            [
              86.83617,
              26.40119
            ],
            [
              86.82551,
              26.39418
            ],
            [
              86.78654,
              26.37559
            ],
            [
              86.77578,
              26.37454
            ],
            [
              86.77573,
              26.36641
            ],
            [
              86.7626,
              26.36346
            ],
            [
              86.75348,
              26.36439
            ],
            [
              86.73507,
              26.35869
            ],
            [
              86.70509,
              26.33738
            ],
            [
              86.70391,
              26.32825
            ],
            [
              86.69932,
              26.32342
            ],
            [
              86.67878,
              26.31771
            ],
            [
              86.6729,
              26.31323
            ]
          ],
          [
            [
              86.69427,
              25.5663
            ],
            [
              86.70659,
              25.56385
            ],
            [
              86.72235,
              25.54329
            ],
            [
              86.73575,
              25.53579
            ],
            [
              86.73758,
              25.52854
            ],
            [
              86.73616,
              25.51045
            ],
            [
              86.73862,
              25.50241
            ],
            [
              86.74623,
              25.49739
            ],
            [
              86.77817,
              25.49686
            ],
            [
              86.79699,
              25.49166
            ],
            [
              86.79974,
              25.48868
            ],
            [
              86.80227,
              25.47493
            ],
            [
              86.81145,
              25.46056
            ],
            [
              86.81138,
              25.45335
            ],
            [
              86.82619,
              25.44541
            ],
            [
              86.84159,
              25.44278
            ],
            [
              86.85074,
              25.44474
            ],
            [
              86.87825,
              25.46664
            ],
            [
              86.89136,
              25.46828
            ],
            [
              86.9079,
              25.44338
            ],
            [
              86.9146,
              25.44189
            ],
            [
              86.92864,
              25.44438
            ],
            [
              86.93793,
              25.44222
            ],
            [
              86.94419,
              25.43544
            ],
            [
              86.97772,
              25.42211
            ],
            [
              86.98526,
              25.41536
            ],
            [
              86.98972,
              25.41509
            ],
            [
              87.01763,
              25.42688
            ],
            [
              87.03195,
              25.42111
            ],
            [
              87.08672,
              25.42262
            ],
            [
              87.12802,
              25.43337
            ],
            [
              87.15068,
              25.42937
            ],
            [
              87.15842,
              25.41681
            ],
            [
              87.16821,
              25.41339
            ],
            [
              87.17336,
              25.41879
            ],
            [
              87.19287,
              25.42554
            ],
            [
              87.22421,
              25.42854
            ],
            [
              87.25862,
              25.40557
            ]
          ],
          [
            [
              86.56308,
              26.20974
            ],
            [
              86.55733,
              26.1794
            ],
            [
              86.54806,
              26.16622
            ],
            [
              86.53605,
              26.1596
            ],
            [
              86.52926,
              26.15043
            ],
            [
              86.51896,
              26.11468
            ],
            [
              86.51467,
              26.10843
            ],
            [
              86.49051,
              26.09699
            ],
            [
              86.48579,
              26.09013
            ],
            [
              86.48523,
              26.08068
            ],
            [
              86.48019,
              26.07008
            ],
            [
              86.46286,
              26.04818
            ],
            [
              86.46051,
              26.03997
            ],
            [
              86.46543,
              26.02396
            ],
            [
              86.46223,
              26.01005
            ],
            [
              86.45605,
              25.99732
            ],
            [
              86.44755,
              25.99038
            ],
            [
              86.44135,
              25.94676
            ],
            [
              86.44618,
              25.93088
            ],
            [
              86.4424,
              25.88625
            ],
            [
              86.44809,
              25.85987
            ],
            [
              86.44601,
              25.84771
            ],
            [
              86.43871,
              25.83118
            ],
            [
              86.44197,
              25.80443
            ],
            [
              86.452,
              25.79178
            ],
            [
              86.4633,
              25.75513
            ],
            [
              86.47085,
              25.74098
            ]
          ],
          [
            [
              86.47085,
              25.74098
            ],
            [
              86.47687,
              25.72927
            ],
            [
              86.4834,
              25.72396
            ],
            [
              86.50504,
              25.71175
            ],
            [
              86.52278,
              25.70817
            ],
            [
              86.53811,
              25.69332
            ],
            [
              86.54501,
              25.67352
            ],
            [
              86.53295,
              25.64206
            ],
            [
              86.53961,
              25.63241
            ],
            [
              86.54922,
              25.63009
            ],
            [
              86.56278,
              25.63211
            ],
            [
              86.59572,
              25.63163
            ],
            [
              86.6005,
              25.62802
            ],
            [
              86.60356,
              25.61267
            ],
            [
              86.61297,
              25.61406
            ],
            [
              86.63956,
              25.6085
            ],
            [
              86.64616,
              25.60382
            ],
            [
              86.65988,
              25.58477
            ],
            [
              86.66251,
              25.57355
            ],
            [
              86.66895,
              25.568
            ],
            [
              86.69427,
              25.5663
            ]
          ],
          [
            [
              87.01212,
              26.6412
            ],
            [
              87.00907,
              26.64128
            ],
            [
              86.99841,
              26.63006
            ],
            [
              86.99738,
              26.61794
            ],
            [
              86.98701,
              26.60581
            ],
            [
              86.99027,
              26.59873
            ]
          ],
          [
            [
              86.98919,
              26.59652
            ],
            [
              86.97964,
              26.59643
            ],
            [
              86.97222,
              26.59288
            ],
            [
              86.95783,
              26.57389
            ],
            [
              86.94449,
              26.57078
            ],
            [
              86.94045,
              26.56758
            ],
            [
              86.93698,
              26.56319
            ],
            [
              86.92719,
              26.52613
            ]
          ],
          [
            [
              87.16122,
              26.91025
            ],
            [
              87.16766,
              26.90179
            ],
            [
              87.16815,
              26.88787
            ],
            [
              87.16398,
              26.87631
            ],
            [
              87.15853,
              26.87583
            ],
            [
              87.15241,
              26.86952
            ],
            [
              87.14801,
              26.84423
            ],
            [
              87.1389,
              26.82705
            ],
            [
              87.15027,
              26.80435
            ],
            [
              87.12225,
              26.78412
            ],
            [
              87.11362,
              26.76755
            ],
            [
              87.09646,
              26.75989
            ],
            [
              87.09398,
              26.74937
            ],
            [
              87.0982,
              26.72777
            ],
            [
              87.09657,
              26.72239
            ],
            [
              87.089,
              26.71753
            ]
          ],
          [
            [
              86.99774,
              26.61347
            ],
            [
              86.99491,
              26.60434
            ],
            [
              86.97166,
              26.57756
            ],
            [
              86.96408,
              26.56011
            ],
            [
              86.95471,
              26.55153
            ],
            [
              86.93282,
              26.54194
            ],
            [
              86.92843,
              26.52757
            ]
          ],
          [
            [
              86.89136,
              25.46828
            ],
            [
              86.93463,
              25.47411
            ],
            [
              86.95162,
              25.47298
            ],
            [
              86.9532,
              25.4593
            ],
            [
              86.96134,
              25.45643
            ],
            [
              86.96634,
              25.46226
            ],
            [
              86.96475,
              25.47255
            ],
            [
              86.96741,
              25.47575
            ],
            [
              86.97565,
              25.47553
            ],
            [
              86.98097,
              25.46802
            ],
            [
              86.98107,
              25.45617
            ],
            [
              86.98563,
              25.44915
            ],
            [
              87.00481,
              25.45288
            ],
            [
              87.03773,
              25.4528
            ],
            [
              87.05399,
              25.42159
            ]
          ]
        ]
      }
    },
    {
      "type": "Feature",
      "properties": {
        "name": "Ganga",
        "name_hi": "गंगा",
        "name_en": "Ganges",
        "waterway": "river",
        "osm_ids": [
          "way/82308491",
          "way/82308496",
          "way/131485555",
          "way/134518612",
          "way/155336052",
          "way/166334629",
          "way/197594615",
          "way/206113622",
          "way/729102325",
          "way/1030338943"
        ],
        "osm_primary_id": "way/82308491",
        "source": "OpenStreetMap",
        "source_url": "https://www.openstreetmap.org/way/82308491",
        "wikidata": "Q5089",
        "wikipedia": null,
        "segment_count": 10
      },
      "geometry": {
        "type": "MultiLineString",
        "coordinates": [
          [
            [
              84.64721,
              25.73809
            ],
            [
              84.66549,
              25.73535
            ],
            [
              84.68991,
              25.70914
            ],
            [
              84.69609,
              25.68512
            ],
            [
              84.70965,
              25.67964
            ],
            [
              84.71843,
              25.68033
            ],
            [
              84.72501,
              25.68478
            ],
            [
              84.73371,
              25.69547
            ],
            [
              84.73791,
              25.70943
            ],
            [
              84.74375,
              25.7194
            ],
            [
              84.75332,
              25.72421
            ],
            [
              84.82978,
              25.72733
            ],
            [
              84.87127,
              25.71064
            ]
          ],
          [
            [
              84.87127,
              25.71064
            ],
            [
              84.87647,
              25.70395
            ],
            [
              84.87664,
              25.69409
            ],
            [
              84.88243,
              25.68497
            ],
            [
              84.90623,
              25.67013
            ],
            [
              84.91515,
              25.66716
            ],
            [
              84.927,
              25.66602
            ],
            [
              84.98375,
              25.67274
            ],
            [
              85.01798,
              25.67232
            ],
            [
              85.03605,
              25.66781
            ],
            [
              85.04572,
              25.66087
            ],
            [
              85.05087,
              25.65329
            ],
            [
              85.06137,
              25.64919
            ],
            [
              85.08655,
              25.65828
            ]
          ],
          [
            [
              85.08655,
              25.65828
            ],
            [
              85.10062,
              25.66043
            ],
            [
              85.11808,
              25.65565
            ],
            [
              85.14979,
              25.63564
            ],
            [
              85.15698,
              25.6286
            ],
            [
              85.2048,
              25.61777
            ]
          ],
          [
            [
              87.87264,
              25.06068
            ],
            [
              87.94513,
              25.02884
            ],
            [
              87.95689,
              25.01583
            ],
            [
              87.9586,
              25.00768
            ],
            [
              87.96985,
              24.9894
            ],
            [
              87.95208,
              24.954
            ],
            [
              87.92764,
              24.92277
            ],
            [
              87.92916,
              24.90127
            ],
            [
              87.92657,
              24.87914
            ],
            [
              87.91839,
              24.86066
            ],
            [
              87.91809,
              24.85274
            ],
            [
              87.92342,
              24.80259
            ]
          ],
          [
            [
              86.58136,
              25.35593
            ],
            [
              86.58209,
              25.33192
            ],
            [
              86.58523,
              25.31959
            ],
            [
              86.60892,
              25.27749
            ],
            [
              86.63436,
              25.25684
            ],
            [
              86.64838,
              25.24984
            ],
            [
              86.66528,
              25.24619
            ],
            [
              86.70095,
              25.24848
            ],
            [
              86.73819,
              25.25804
            ],
            [
              86.75696,
              25.27225
            ],
            [
              86.80671,
              25.30229
            ],
            [
              86.82572,
              25.30946
            ],
            [
              86.84443,
              25.31218
            ],
            [
              86.91876,
              25.31171
            ],
            [
              86.92632,
              25.3095
            ],
            [
              86.93181,
              25.30473
            ],
            [
              86.94035,
              25.30364
            ],
            [
              86.96936,
              25.31381
            ],
            [
              86.99035,
              25.31583
            ],
            [
              87.01361,
              25.30531
            ],
            [
              87.02374,
              25.29449
            ],
            [
              87.04077,
              25.26818
            ],
            [
              87.06107,
              25.25475
            ],
            [
              87.06963,
              25.24611
            ],
            [
              87.08712,
              25.23911
            ],
            [
              87.10261,
              25.2381
            ],
            [
              87.12654,
              25.24581
            ],
            [
              87.13411,
              25.26659
            ],
            [
              87.12523,
              25.27152
            ],
            [
              87.11853,
              25.28192
            ],
            [
              87.11785,
              25.28723
            ],
            [
              87.14287,
              25.31175
            ],
            [
              87.15883,
              25.314
            ],
            [
              87.17922,
              25.30589
            ],
            [
              87.20196,
              25.26507
            ],
            [
              87.21288,
              25.263
            ],
            [
              87.22647,
              25.26943
            ]
          ],
          [
            [
              87.22647,
              25.26943
            ],
            [
              87.23492,
              25.28003
            ],
            [
              87.2563,
              25.3203
            ],
            [
              87.25361,
              25.35841
            ],
            [
              87.25958,
              25.39035
            ],
            [
              87.25945,
              25.41806
            ],
            [
              87.26312,
              25.42467
            ],
            [
              87.28917,
              25.4407
            ],
            [
              87.32093,
              25.44879
            ],
            [
              87.33173,
              25.45481
            ],
            [
              87.33898,
              25.45614
            ],
            [
              87.35589,
              25.45741
            ],
            [
              87.40832,
              25.44734
            ],
            [
              87.4664,
              25.40154
            ],
            [
              87.51061,
              25.39765
            ],
            [
              87.58148,
              25.38036
            ],
            [
              87.60536,
              25.37215
            ],
            [
              87.6115,
              25.3595
            ],
            [
              87.60996,
              25.33607
            ],
            [
              87.61714,
              25.32763
            ],
            [
              87.64902,
              25.26684
            ],
            [
              87.65923,
              25.25479
            ],
            [
              87.67521,
              25.24893
            ],
            [
              87.68574,
              25.24834
            ],
            [
              87.72451,
              25.26435
            ],
            [
              87.77074,
              25.27652
            ],
            [
              87.7966,
              25.26951
            ],
            [
              87.81459,
              25.26188
            ],
            [
              87.82578,
              25.25242
            ],
            [
              87.82986,
              25.24109
            ],
            [
              87.83003,
              25.22467
            ],
            [
              87.8171,
              25.19986
            ],
            [
              87.78197,
              25.16192
            ],
            [
              87.77909,
              25.14761
            ],
            [
              87.80117,
              25.08756
            ],
            [
              87.84131,
              25.06257
            ],
            [
              87.86028,
              25.06469
            ],
            [
              87.87264,
              25.06068
            ]
          ],
          [
            [
              83.22897,
              25.53017
            ],
            [
              83.27396,
              25.5114
            ],
            [
              83.30287,
              25.49025
            ],
            [
              83.31596,
              25.47005
            ],
            [
              83.32792,
              25.46162
            ],
            [
              83.3387,
              25.46371
            ],
            [
              83.38104,
              25.49229
            ],
            [
              83.3906,
              25.49552
            ],
            [
              83.4037,
              25.49442
            ],
            [
              83.42593,
              25.47129
            ],
            [
              83.42962,
              25.46203
            ],
            [
              83.46198,
              25.43797
            ],
            [
              83.47914,
              25.42218
            ],
            [
              83.52054,
              25.39482
            ],
            [
              83.52952,
              25.39172
            ],
            [
              83.54081,
              25.39131
            ],
            [
              83.54798,
              25.39523
            ],
            [
              83.55141,
              25.40079
            ],
            [
              83.55006,
              25.42111
            ],
            [
              83.54663,
              25.42791
            ],
            [
              83.52322,
              25.44901
            ],
            [
              83.51661,
              25.46552
            ],
            [
              83.52171,
              25.50058
            ],
            [
              83.53364,
              25.52393
            ],
            [
              83.56334,
              25.55712
            ],
            [
              83.58499,
              25.57118
            ],
            [
              83.59257,
              25.57887
            ],
            [
              83.61802,
              25.59254
            ],
            [
              83.64542,
              25.60115
            ],
            [
              83.70108,
              25.60544
            ],
            [
              83.70867,
              25.60324
            ]
          ],
          [
            [
              83.70867,
              25.60324
            ],
            [
              83.73108,
              25.59174
            ],
            [
              83.74942,
              25.58569
            ],
            [
              83.77401,
              25.55753
            ],
            [
              83.78912,
              25.5204
            ],
            [
              83.80273,
              25.50925
            ],
            [
              83.81986,
              25.50813
            ],
            [
              83.85912,
              25.51977
            ],
            [
              83.88428,
              25.51878
            ],
            [
              83.90129,
              25.52242
            ],
            [
              83.9061,
              25.52664
            ],
            [
              83.91148,
              25.53865
            ],
            [
              83.92436,
              25.55729
            ],
            [
              83.96089,
              25.5707
            ],
            [
              84.00336,
              25.60403
            ],
            [
              84.05418,
              25.62688
            ],
            [
              84.07599,
              25.64629
            ],
            [
              84.08364,
              25.65713
            ],
            [
              84.08293,
              25.67053
            ],
            [
              84.07713,
              25.68635
            ],
            [
              84.07953,
              25.69107
            ],
            [
              84.09808,
              25.71416
            ],
            [
              84.11372,
              25.72405
            ],
            [
              84.13184,
              25.72775
            ],
            [
              84.15922,
              25.7263
            ],
            [
              84.21501,
              25.71753
            ],
            [
              84.23851,
              25.7078
            ],
            [
              84.24158,
              25.70479
            ],
            [
              84.24319,
              25.69707
            ],
            [
              84.24975,
              25.69475
            ],
            [
              84.25924,
              25.69589
            ],
            [
              84.27861,
              25.70303
            ],
            [
              84.2908,
              25.70067
            ],
            [
              84.32603,
              25.7049
            ],
            [
              84.33704,
              25.70966
            ],
            [
              84.35253,
              25.72667
            ],
            [
              84.38032,
              25.76847
            ],
            [
              84.38946,
              25.77485
            ],
            [
              84.39895,
              25.77574
            ],
            [
              84.41032,
              25.77149
            ],
            [
              84.41375,
              25.76581
            ],
            [
              84.41834,
              25.72043
            ],
            [
              84.42641,
              25.70612
            ],
            [
              84.43706,
              25.70063
            ],
            [
              84.44744,
              25.69854
            ],
            [
              84.46495,
              25.70484
            ],
            [
              84.47229,
              25.70461
            ],
            [
              84.50199,
              25.68315
            ],
            [
              84.51303,
              25.66762
            ],
            [
              84.53055,
              25.65853
            ],
            [
              84.54563,
              25.66023
            ],
            [
              84.55158,
              25.6638
            ],
            [
              84.59405,
              25.698
            ],
            [
              84.63193,
              25.73887
            ],
            [
              84.6397,
              25.74161
            ],
            [
              84.64721,
              25.73809
            ]
          ],
          [
            [
              85.24507,
              25.6014
            ],
            [
              85.27869,
              25.5717
            ],
            [
              85.28241,
              25.54908
            ],
            [
              85.2959,
              25.52625
            ],
            [
              85.30468,
              25.51944
            ],
            [
              85.31585,
              25.51783
            ],
            [
              85.3319,
              25.51088
            ],
            [
              85.35879,
              25.51216
            ],
            [
              85.38364,
              25.52389
            ],
            [
              85.40738,
              25.52563
            ],
            [
              85.41738,
              25.5223
            ],
            [
              85.42939,
              25.5069
            ],
            [
              85.45112,
              25.49095
            ],
            [
              85.47329,
              25.48735
            ],
            [
              85.49958,
              25.48804
            ],
            [
              85.5091,
              25.49413
            ],
            [
              85.52648,
              25.49608
            ],
            [
              85.54702,
              25.48334
            ],
            [
              85.55328,
              25.48192
            ],
            [
              85.56189,
              25.48345
            ],
            [
              85.57058,
              25.49841
            ],
            [
              85.58062,
              25.50381
            ],
            [
              85.58444,
              25.50997
            ],
            [
              85.59637,
              25.51049
            ]
          ],
          [
            [
              87.92342,
              24.80259
            ],
            [
              87.92485,
              24.79873
            ],
            [
              87.94187,
              24.78463
            ],
            [
              87.95277,
              24.76336
            ],
            [
              87.95311,
              24.74215
            ],
            [
              87.94453,
              24.71456
            ],
            [
              87.94564,
              24.70309
            ],
            [
              87.98547,
              24.65322
            ],
            [
              88.00654,
              24.6478
            ],
            [
              88.03499,
              24.64678
            ]
          ]
        ]
      }
    },
    {
      "type": "Feature",
      "properties": {
        "name": "Keshaliya River",
        "name_hi": null,
        "name_en": null,
        "waterway": "river",
        "osm_ids": [
          "way/29879628",
          "way/318299956",
          "way/318299957",
          "way/514875722",
          "way/517735562",
          "way/519745072",
          "way/521248754",
          "way/903760970",
          "way/903760971"
        ],
        "osm_primary_id": "way/29879628",
        "source": "OpenStreetMap",
        "source_url": "https://www.openstreetmap.org/way/29879628",
        "wikidata": null,
        "wikipedia": null,
        "segment_count": 9
      },
      "geometry": {
        "type": "MultiLineString",
        "coordinates": [
          [
            [
              87.40723,
              26.80689
            ],
            [
              87.41112,
              26.80445
            ],
            [
              87.41133,
              26.78899
            ],
            [
              87.40733,
              26.78405
            ]
          ],
          [
            [
              87.31668,
              26.65858
            ],
            [
              87.31144,
              26.65096
            ],
            [
              87.313,
              26.64761
            ],
            [
              87.30877,
              26.64704
            ],
            [
              87.30764,
              26.63919
            ]
          ],
          [
            [
              87.29853,
              26.61416
            ],
            [
              87.29328,
              26.60876
            ],
            [
              87.29146,
              26.60204
            ],
            [
              87.28778,
              26.60079
            ],
            [
              87.28848,
              26.59517
            ],
            [
              87.28464,
              26.59315
            ],
            [
              87.29153,
              26.57815
            ],
            [
              87.28681,
              26.57308
            ],
            [
              87.28356,
              26.55904
            ],
            [
              87.27762,
              26.55924
            ],
            [
              87.27237,
              26.55055
            ],
            [
              87.26552,
              26.54815
            ],
            [
              87.25967,
              26.5399
            ],
            [
              87.26017,
              26.53328
            ],
            [
              87.25368,
              26.53655
            ],
            [
              87.25553,
              26.52891
            ],
            [
              87.25063,
              26.52742
            ],
            [
              87.2504,
              26.52443
            ],
            [
              87.24605,
              26.52145
            ],
            [
              87.24657,
              26.51643
            ],
            [
              87.2509,
              26.51309
            ],
            [
              87.24976,
              26.50855
            ],
            [
              87.25254,
              26.50356
            ],
            [
              87.24527,
              26.49113
            ],
            [
              87.24347,
              26.47553
            ],
            [
              87.23825,
              26.47034
            ],
            [
              87.24544,
              26.46395
            ],
            [
              87.24404,
              26.45847
            ],
            [
              87.24487,
              26.45407
            ],
            [
              87.24713,
              26.4536
            ],
            [
              87.24406,
              26.44252
            ],
            [
              87.24593,
              26.44207
            ],
            [
              87.24812,
              26.43277
            ],
            [
              87.24555,
              26.42262
            ],
            [
              87.2392,
              26.41479
            ],
            [
              87.24486,
              26.39506
            ],
            [
              87.2424,
              26.3825
            ],
            [
              87.23613,
              26.37595
            ],
            [
              87.2373,
              26.3699
            ],
            [
              87.24071,
              26.36826
            ],
            [
              87.24745,
              26.36914
            ],
            [
              87.2511,
              26.3651
            ],
            [
              87.25996,
              26.36675
            ],
            [
              87.25813,
              26.35935
            ],
            [
              87.27234,
              26.34878
            ],
            [
              87.27782,
              26.34947
            ],
            [
              87.27883,
              26.34303
            ],
            [
              87.28387,
              26.34405
            ],
            [
              87.29,
              26.33899
            ],
            [
              87.29766,
              26.34199
            ],
            [
              87.31177,
              26.34003
            ],
            [
              87.31392,
              26.33155
            ],
            [
              87.31784,
              26.33009
            ],
            [
              87.32326,
              26.31884
            ],
            [
              87.32794,
              26.31667
            ],
            [
              87.33034,
              26.30687
            ],
            [
              87.32654,
              26.29905
            ],
            [
              87.3299,
              26.29493
            ],
            [
              87.32944,
              26.29114
            ],
            [
              87.33893,
              26.28735
            ],
            [
              87.34528,
              26.29077
            ],
            [
              87.34268,
              26.28629
            ],
            [
              87.34518,
              26.28516
            ],
            [
              87.34804,
              26.28908
            ],
            [
              87.34754,
              26.2834
            ],
            [
              87.35325,
              26.28139
            ]
          ],
          [
            [
              87.37643,
              26.72401
            ],
            [
              87.34484,
              26.69031
            ],
            [
              87.33905,
              26.67865
            ],
            [
              87.33059,
              26.67279
            ],
            [
              87.32764,
              26.66575
            ],
            [
              87.31668,
              26.65858
            ]
          ],
          [
            [
              87.2456,
              26.49157
            ],
            [
              87.2455,
              26.48991
            ]
          ],
          [
            [
              87.35325,
              26.28139
            ],
            [
              87.35632,
              26.27786
            ],
            [
              87.355,
              26.27423
            ],
            [
              87.36188,
              26.27509
            ],
            [
              87.36268,
              26.27136
            ],
            [
              87.37202,
              26.26853
            ],
            [
              87.37626,
              26.27164
            ],
            [
              87.38092,
              26.26835
            ],
            [
              87.3798,
              26.26277
            ],
            [
              87.3834,
              26.26614
            ],
            [
              87.38226,
              26.26302
            ],
            [
              87.38647,
              26.2584
            ],
            [
              87.39199,
              26.25958
            ],
            [
              87.39443,
              26.25425
            ],
            [
              87.39334,
              26.2489
            ],
            [
              87.39606,
              26.24798
            ],
            [
              87.39127,
              26.24783
            ],
            [
              87.39021,
              26.2426
            ],
            [
              87.39468,
              26.24247
            ],
            [
              87.40667,
              26.22959
            ],
            [
              87.41207,
              26.23034
            ],
            [
              87.40924,
              26.2262
            ],
            [
              87.41413,
              26.22753
            ],
            [
              87.42402,
              26.22
            ],
            [
              87.43063,
              26.21946
            ],
            [
              87.43008,
              26.21517
            ],
            [
              87.44247,
              26.21627
            ],
            [
              87.44706,
              26.21006
            ],
            [
              87.45163,
              26.21462
            ],
            [
              87.4577,
              26.2095
            ],
            [
              87.46162,
              26.213
            ],
            [
              87.46863,
              26.21043
            ],
            [
              87.47015,
              26.19246
            ],
            [
              87.47683,
              26.18904
            ],
            [
              87.47518,
              26.18696
            ],
            [
              87.46765,
              26.18641
            ],
            [
              87.46485,
              26.18235
            ],
            [
              87.47251,
              26.16542
            ],
            [
              87.47071,
              26.15987
            ],
            [
              87.46454,
              26.16084
            ],
            [
              87.46372,
              26.15881
            ],
            [
              87.47186,
              26.15624
            ],
            [
              87.47012,
              26.15295
            ],
            [
              87.46443,
              26.15473
            ],
            [
              87.45879,
              26.15163
            ],
            [
              87.46667,
              26.14898
            ],
            [
              87.47208,
              26.14319
            ],
            [
              87.47094,
              26.14039
            ],
            [
              87.46784,
              26.14012
            ],
            [
              87.47112,
              26.13513
            ],
            [
              87.48483,
              26.13465
            ]
          ],
          [
            [
              87.39602,
              26.76486
            ],
            [
              87.37643,
              26.72401
            ]
          ],
          [
            [
              87.29885,
              26.61456
            ],
            [
              87.29853,
              26.61416
            ]
          ],
          [
            [
              87.30764,
              26.63919
            ],
            [
              87.30665,
              26.63519
            ],
            [
              87.30083,
              26.63434
            ],
            [
              87.30212,
              26.62738
            ],
            [
              87.2993,
              26.62198
            ],
            [
              87.30181,
              26.61698
            ],
            [
              87.29885,
              26.61456
            ]
          ]
        ]
      }
    },
    {
      "type": "Feature",
      "properties": {
        "name": "Mahananda River",
        "name_hi": null,
        "name_en": null,
        "waterway": "river",
        "osm_ids": [
          "way/44673230",
          "way/45309519",
          "way/134079134",
          "way/155331892",
          "way/328245592",
          "way/672734863",
          "way/852791685",
          "way/1228272263",
          "way/1228272275"
        ],
        "osm_primary_id": "way/44673230",
        "source": "OpenStreetMap",
        "source_url": "https://www.openstreetmap.org/way/44673230",
        "wikidata": null,
        "wikipedia": null,
        "segment_count": 9
      },
      "geometry": {
        "type": "MultiLineString",
        "coordinates": [
          [
            [
              87.76977,
              25.78452
            ],
            [
              87.7705,
              25.77588
            ],
            [
              87.78321,
              25.75752
            ],
            [
              87.7739,
              25.7523
            ],
            [
              87.77192,
              25.74257
            ],
            [
              87.77681,
              25.7382
            ],
            [
              87.79549,
              25.73609
            ],
            [
              87.80204,
              25.72792
            ]
          ],
          [
            [
              87.96096,
              26.22726
            ],
            [
              87.95081,
              26.22057
            ],
            [
              87.94898,
              26.2137
            ],
            [
              87.9554,
              26.19743
            ],
            [
              87.95295,
              26.19067
            ],
            [
              87.93985,
              26.18045
            ],
            [
              87.93833,
              26.16493
            ]
          ],
          [
            [
              88.33175,
              26.49465
            ],
            [
              88.31235,
              26.49695
            ],
            [
              88.30634,
              26.48681
            ],
            [
              88.30205,
              26.4842
            ],
            [
              88.29547,
              26.49052
            ],
            [
              88.29072,
              26.48996
            ],
            [
              88.28351,
              26.48374
            ],
            [
              88.25913,
              26.47299
            ],
            [
              88.22927,
              26.44333
            ],
            [
              88.2057,
              26.43281
            ],
            [
              88.20077,
              26.42288
            ],
            [
              88.17468,
              26.40843
            ],
            [
              88.15476,
              26.4072
            ],
            [
              88.14963,
              26.39903
            ],
            [
              88.15614,
              26.39305
            ],
            [
              88.15667,
              26.38005
            ],
            [
              88.14704,
              26.37245
            ],
            [
              88.12129,
              26.36199
            ],
            [
              88.11236,
              26.35214
            ],
            [
              88.1055,
              26.33107
            ],
            [
              88.07614,
              26.31907
            ],
            [
              88.05366,
              26.30276
            ],
            [
              88.04799,
              26.29337
            ],
            [
              88.03494,
              26.28136
            ],
            [
              88.0267,
              26.26674
            ],
            [
              88.00937,
              26.25119
            ],
            [
              87.99581,
              26.23395
            ],
            [
              87.96096,
              26.22726
            ]
          ],
          [
            [
              87.93833,
              26.16493
            ],
            [
              87.92856,
              26.15765
            ],
            [
              87.92581,
              26.1504
            ],
            [
              87.91049,
              26.14723
            ],
            [
              87.9038,
              26.13952
            ],
            [
              87.90108,
              26.12989
            ],
            [
              87.89535,
              26.12381
            ],
            [
              87.88164,
              26.11774
            ],
            [
              87.87753,
              26.09004
            ],
            [
              87.86521,
              26.07313
            ],
            [
              87.86337,
              26.05206
            ],
            [
              87.85591,
              26.05106
            ],
            [
              87.84941,
              26.0264
            ],
            [
              87.82638,
              25.99735
            ],
            [
              87.81336,
              25.97086
            ],
            [
              87.81968,
              25.95352
            ],
            [
              87.8135,
              25.93392
            ],
            [
              87.79187,
              25.90675
            ],
            [
              87.79403,
              25.89652
            ],
            [
              87.80223,
              25.89375
            ],
            [
              87.80571,
              25.88968
            ],
            [
              87.80156,
              25.85231
            ]
          ],
          [
            [
              87.80204,
              25.72792
            ],
            [
              87.81501,
              25.72868
            ],
            [
              87.81818,
              25.72594
            ],
            [
              87.82876,
              25.70622
            ],
            [
              87.83212,
              25.69444
            ],
            [
              87.82709,
              25.68839
            ],
            [
              87.80909,
              25.69288
            ],
            [
              87.80321,
              25.69197
            ],
            [
              87.8028,
              25.68675
            ],
            [
              87.80964,
              25.669
            ],
            [
              87.80977,
              25.66265
            ],
            [
              87.80255,
              25.65658
            ],
            [
              87.79026,
              25.63938
            ],
            [
              87.78676,
              25.61861
            ],
            [
              87.79026,
              25.60957
            ],
            [
              87.79891,
              25.59871
            ],
            [
              87.81122,
              25.59194
            ],
            [
              87.81281,
              25.56694
            ],
            [
              87.82456,
              25.55201
            ],
            [
              87.8142,
              25.54384
            ],
            [
              87.79915,
              25.5382
            ],
            [
              87.78771,
              25.52337
            ],
            [
              87.78618,
              25.51499
            ],
            [
              87.78781,
              25.50031
            ],
            [
              87.7848,
              25.496
            ],
            [
              87.78129,
              25.49636
            ],
            [
              87.77425,
              25.50298
            ],
            [
              87.74846,
              25.50887
            ],
            [
              87.73009,
              25.50056
            ],
            [
              87.72408,
              25.49237
            ],
            [
              87.72668,
              25.48127
            ],
            [
              87.73321,
              25.47473
            ],
            [
              87.74567,
              25.47129
            ],
            [
              87.75918,
              25.4745
            ],
            [
              87.76475,
              25.46866
            ],
            [
              87.76587,
              25.45695
            ],
            [
              87.7515,
              25.44119
            ],
            [
              87.75602,
              25.43823
            ],
            [
              87.75878,
              25.44186
            ],
            [
              87.76434,
              25.44364
            ],
            [
              87.77091,
              25.43985
            ],
            [
              87.76148,
              25.42006
            ],
            [
              87.7576,
              25.39545
            ],
            [
              87.76075,
              25.38787
            ],
            [
              87.77238,
              25.37572
            ],
            [
              87.77847,
              25.35029
            ],
            [
              87.7911,
              25.34279
            ]
          ],
          [
            [
              87.9554,
              26.19743
            ],
            [
              87.95779,
              26.19276
            ],
            [
              87.95754,
              26.18503
            ]
          ],
          [
            [
              87.95754,
              26.18503
            ],
            [
              87.95302,
              26.16867
            ],
            [
              87.94617,
              26.16344
            ],
            [
              87.94101,
              26.15499
            ],
            [
              87.92581,
              26.1504
            ]
          ],
          [
            [
              87.78315,
              25.75627
            ],
            [
              87.78906,
              25.75242
            ],
            [
              87.80873,
              25.74995
            ],
            [
              87.80796,
              25.738
            ],
            [
              87.81135,
              25.72885
            ]
          ],
          [
            [
              87.80156,
              25.85231
            ],
            [
              87.80131,
              25.83616
            ],
            [
              87.79498,
              25.82731
            ],
            [
              87.79359,
              25.81545
            ],
            [
              87.79559,
              25.80744
            ],
            [
              87.78959,
              25.80298
            ],
            [
              87.78169,
              25.80179
            ],
            [
              87.76977,
              25.78452
            ]
          ]
        ]
      }
    },
    {
      "type": "Feature",
      "properties": {
        "name": "Morhar",
        "name_hi": null,
        "name_en": null,
        "waterway": "river",
        "osm_ids": [
          "way/129095753",
          "way/129096152",
          "way/129096153",
          "way/131486314",
          "way/131486323",
          "way/247741036",
          "way/247741041",
          "way/664435716"
        ],
        "osm_primary_id": "way/129095753",
        "source": "OpenStreetMap",
        "source_url": "https://www.openstreetmap.org/way/129095753",
        "wikidata": null,
        "wikipedia": null,
        "segment_count": 8
      },
      "geometry": {
        "type": "MultiLineString",
        "coordinates": [
          [
            [
              84.84359,
              24.74796
            ],
            [
              84.84424,
              24.76067
            ],
            [
              84.83282,
              24.77384
            ],
            [
              84.83171,
              24.78054
            ],
            [
              84.83917,
              24.79464
            ],
            [
              84.83982,
              24.82
            ],
            [
              84.84402,
              24.83313
            ],
            [
              84.83767,
              24.84723
            ],
            [
              84.83999,
              24.85244
            ],
            [
              84.85025,
              24.85604
            ],
            [
              84.84948,
              24.862
            ],
            [
              84.84329,
              24.86779
            ],
            [
              84.84359,
              24.87258
            ],
            [
              84.86093,
              24.88593
            ],
            [
              84.86677,
              24.88768
            ]
          ],
          [
            [
              84.7049,
              24.51129
            ],
            [
              84.72888,
              24.52268
            ],
            [
              84.74124,
              24.5319
            ],
            [
              84.74398,
              24.54344
            ],
            [
              84.75746,
              24.55579
            ],
            [
              84.76691,
              24.55907
            ],
            [
              84.7766,
              24.55868
            ],
            [
              84.79759,
              24.56712
            ],
            [
              84.79866,
              24.586
            ],
            [
              84.80501,
              24.59817
            ],
            [
              84.81797,
              24.60574
            ],
            [
              84.81922,
              24.60896
            ],
            [
              84.80759,
              24.62408
            ],
            [
              84.8075,
              24.64125
            ],
            [
              84.81377,
              24.65271
            ],
            [
              84.81626,
              24.66332
            ],
            [
              84.81631,
              24.66903
            ],
            [
              84.81094,
              24.67752
            ],
            [
              84.8124,
              24.68485
            ],
            [
              84.82887,
              24.70442
            ],
            [
              84.83321,
              24.71971
            ]
          ],
          [
            [
              84.74124,
              24.5319
            ],
            [
              84.77163,
              24.53611
            ],
            [
              84.79437,
              24.54408
            ],
            [
              84.80381,
              24.55392
            ],
            [
              84.82098,
              24.58155
            ],
            [
              84.82995,
              24.5907
            ],
            [
              84.83008,
              24.60083
            ],
            [
              84.81849,
              24.60707
            ]
          ],
          [
            [
              84.83321,
              24.71971
            ],
            [
              84.84359,
              24.74796
            ],
            [
              84.85093,
              24.75244
            ],
            [
              84.85617,
              24.76523
            ],
            [
              84.85591,
              24.79694
            ],
            [
              84.86252,
              24.80754
            ],
            [
              84.86321,
              24.82958
            ],
            [
              84.86621,
              24.83636
            ],
            [
              84.86346,
              24.84773
            ],
            [
              84.86819,
              24.85575
            ],
            [
              84.86166,
              24.8781
            ],
            [
              84.86677,
              24.88768
            ]
          ],
          [
            [
              84.57882,
              24.24042
            ],
            [
              84.57409,
              24.2433
            ],
            [
              84.57598,
              24.25129
            ],
            [
              84.56634,
              24.25702
            ],
            [
              84.5569,
              24.25663
            ],
            [
              84.55401,
              24.26302
            ],
            [
              84.54817,
              24.26631
            ],
            [
              84.54388,
              24.2624
            ],
            [
              84.53341,
              24.25942
            ],
            [
              84.52843,
              24.2649
            ],
            [
              84.5298,
              24.26662
            ],
            [
              84.5207,
              24.27007
            ],
            [
              84.51117,
              24.26431
            ],
            [
              84.50416,
              24.2659
            ],
            [
              84.50474,
              24.28056
            ],
            [
              84.50929,
              24.28235
            ],
            [
              84.51422,
              24.28931
            ],
            [
              84.50669,
              24.29756
            ],
            [
              84.50928,
              24.30511
            ],
            [
              84.50916,
              24.31491
            ],
            [
              84.51778,
              24.31975
            ],
            [
              84.52222,
              24.33239
            ],
            [
              84.53164,
              24.33902
            ],
            [
              84.52457,
              24.35018
            ],
            [
              84.53455,
              24.36351
            ],
            [
              84.52735,
              24.37236
            ],
            [
              84.52802,
              24.37648
            ],
            [
              84.53053,
              24.37845
            ],
            [
              84.53969,
              24.376
            ],
            [
              84.54941,
              24.37837
            ],
            [
              84.55287,
              24.38839
            ],
            [
              84.56409,
              24.39208
            ],
            [
              84.56332,
              24.3976
            ],
            [
              84.56995,
              24.41094
            ],
            [
              84.57877,
              24.4098
            ],
            [
              84.58128,
              24.41169
            ],
            [
              84.58289,
              24.41417
            ],
            [
              84.58098,
              24.4417
            ],
            [
              84.5844,
              24.4447
            ],
            [
              84.60091,
              24.44762
            ],
            [
              84.60435,
              24.45246
            ],
            [
              84.60245,
              24.46527
            ],
            [
              84.60741,
              24.48781
            ],
            [
              84.62091,
              24.49175
            ],
            [
              84.6307,
              24.50466
            ],
            [
              84.63647,
              24.50752
            ],
            [
              84.66031,
              24.49996
            ],
            [
              84.7049,
              24.51129
            ]
          ],
          [
            [
              84.6028,
              24.45653
            ],
            [
              84.59673,
              24.47138
            ],
            [
              84.5994,
              24.48
            ],
            [
              84.60621,
              24.48627
            ]
          ],
          [
            [
              84.86677,
              24.88768
            ],
            [
              84.86763,
              24.89718
            ],
            [
              84.87776,
              24.90475
            ],
            [
              84.88496,
              24.93077
            ],
            [
              84.90912,
              24.93731
            ],
            [
              84.90522,
              24.95326
            ],
            [
              84.90054,
              24.96073
            ],
            [
              84.89561,
              24.96242
            ],
            [
              84.8951,
              24.96927
            ],
            [
              84.89003,
              24.97361
            ],
            [
              84.89071,
              24.98438
            ],
            [
              84.88651,
              24.99236
            ],
            [
              84.89037,
              25.00655
            ],
            [
              84.88917,
              25.01511
            ],
            [
              84.89385,
              25.02073
            ],
            [
              84.89612,
              25.0349
            ],
            [
              84.9011,
              25.04132
            ]
          ],
          [
            [
              84.5784,
              24.215
            ],
            [
              84.58403,
              24.22051
            ],
            [
              84.58404,
              24.22337
            ],
            [
              84.57713,
              24.22344
            ],
            [
              84.57263,
              24.22688
            ],
            [
              84.57437,
              24.23019
            ],
            [
              84.57301,
              24.23646
            ],
            [
              84.57882,
              24.24042
            ]
          ]
        ]
      }
    },
    {
      "type": "Feature",
      "properties": {
        "name": "Jhim Nadi",
        "name_hi": null,
        "name_en": null,
        "waterway": "river",
        "osm_ids": [
          "way/158716397",
          "way/331375146",
          "way/331375148",
          "way/508354092",
          "way/508354094",
          "way/508354095",
          "way/508354096",
          "way/765433419"
        ],
        "osm_primary_id": "way/158716397",
        "source": "OpenStreetMap",
        "source_url": "https://www.openstreetmap.org/way/158716397",
        "wikidata": null,
        "wikipedia": null,
        "segment_count": 8
      },
      "geometry": {
        "type": "MultiLineString",
        "coordinates": [
          [
            [
              85.59012,
              26.84785
            ],
            [
              85.58212,
              26.83655
            ],
            [
              85.58612,
              26.8398
            ],
            [
              85.58761,
              26.83723
            ],
            [
              85.58353,
              26.83551
            ],
            [
              85.58605,
              26.83453
            ],
            [
              85.58388,
              26.82859
            ],
            [
              85.58626,
              26.82179
            ],
            [
              85.58989,
              26.82091
            ],
            [
              85.59296,
              26.81575
            ],
            [
              85.59442,
              26.80581
            ],
            [
              85.59869,
              26.80063
            ],
            [
              85.59511,
              26.79844
            ],
            [
              85.59892,
              26.79444
            ],
            [
              85.59612,
              26.79274
            ],
            [
              85.59735,
              26.78973
            ],
            [
              85.59281,
              26.78212
            ],
            [
              85.5951,
              26.77943
            ],
            [
              85.59385,
              26.77706
            ],
            [
              85.59673,
              26.7734
            ],
            [
              85.60448,
              26.77171
            ],
            [
              85.60192,
              26.76915
            ],
            [
              85.60518,
              26.76878
            ],
            [
              85.60702,
              26.76212
            ],
            [
              85.61153,
              26.76049
            ],
            [
              85.61634,
              26.74887
            ],
            [
              85.60741,
              26.74433
            ],
            [
              85.60727,
              26.74174
            ],
            [
              85.61074,
              26.74213
            ],
            [
              85.6072,
              26.7348
            ],
            [
              85.61026,
              26.73326
            ],
            [
              85.607,
              26.73125
            ],
            [
              85.6045,
              26.72114
            ],
            [
              85.60065,
              26.72139
            ],
            [
              85.60208,
              26.71929
            ],
            [
              85.60001,
              26.71718
            ],
            [
              85.59524,
              26.71954
            ],
            [
              85.59095,
              26.7187
            ],
            [
              85.58981,
              26.71754
            ],
            [
              85.59223,
              26.71673
            ],
            [
              85.58953,
              26.712
            ],
            [
              85.58204,
              26.71266
            ],
            [
              85.58019,
              26.7096
            ],
            [
              85.57727,
              26.70996
            ],
            [
              85.57645,
              26.7007
            ],
            [
              85.57355,
              26.7009
            ],
            [
              85.57047,
              26.69746
            ],
            [
              85.57393,
              26.69041
            ]
          ],
          [
            [
              85.75275,
              27.14333
            ],
            [
              85.75029,
              27.13748
            ],
            [
              85.74257,
              27.13729
            ],
            [
              85.74319,
              27.12878
            ],
            [
              85.74752,
              27.13111
            ],
            [
              85.74688,
              27.12769
            ],
            [
              85.75071,
              27.12508
            ],
            [
              85.74698,
              27.12379
            ],
            [
              85.74654,
              27.1185
            ],
            [
              85.74365,
              27.1194
            ],
            [
              85.7451,
              27.11628
            ],
            [
              85.74016,
              27.11507
            ],
            [
              85.74312,
              27.10933
            ],
            [
              85.7359,
              27.10628
            ],
            [
              85.7361,
              27.09984
            ]
          ],
          [
            [
              85.5772,
              26.86634
            ],
            [
              85.58434,
              26.86299
            ],
            [
              85.58156,
              26.85848
            ],
            [
              85.59012,
              26.84785
            ]
          ],
          [
            [
              85.76092,
              27.14918
            ],
            [
              85.75275,
              27.14333
            ]
          ],
          [
            [
              85.7361,
              27.09984
            ],
            [
              85.73037,
              27.09712
            ],
            [
              85.72944,
              27.0998
            ],
            [
              85.72398,
              27.10055
            ],
            [
              85.71997,
              27.09738
            ],
            [
              85.72372,
              27.09381
            ],
            [
              85.71483,
              27.08915
            ],
            [
              85.69487,
              27.06837
            ],
            [
              85.68642,
              27.06297
            ],
            [
              85.66786,
              27.05813
            ]
          ],
          [
            [
              85.62539,
              27.0189
            ],
            [
              85.62353,
              27.01571
            ],
            [
              85.61135,
              27.01486
            ],
            [
              85.59943,
              27.00399
            ],
            [
              85.59868,
              26.99998
            ],
            [
              85.59229,
              26.99385
            ],
            [
              85.59327,
              26.99008
            ],
            [
              85.58957,
              26.98042
            ],
            [
              85.58455,
              26.97508
            ],
            [
              85.58503,
              26.97228
            ],
            [
              85.58122,
              26.97005
            ],
            [
              85.57503,
              26.97059
            ]
          ],
          [
            [
              85.57503,
              26.97059
            ],
            [
              85.57409,
              26.96506
            ],
            [
              85.56381,
              26.96124
            ],
            [
              85.56344,
              26.95465
            ],
            [
              85.55903,
              26.94629
            ],
            [
              85.56585,
              26.93606
            ],
            [
              85.56333,
              26.92952
            ],
            [
              85.57109,
              26.92412
            ],
            [
              85.56201,
              26.91269
            ],
            [
              85.56429,
              26.90354
            ],
            [
              85.56997,
              26.90493
            ],
            [
              85.5704,
              26.9007
            ],
            [
              85.57624,
              26.89599
            ],
            [
              85.57455,
              26.88399
            ],
            [
              85.57797,
              26.87392
            ],
            [
              85.5772,
              26.86634
            ]
          ],
          [
            [
              85.66786,
              27.05813
            ],
            [
              85.65229,
              27.04521
            ],
            [
              85.6396,
              27.04138
            ],
            [
              85.63743,
              27.03447
            ],
            [
              85.63317,
              27.0286
            ],
            [
              85.62868,
              27.02692
            ],
            [
              85.62852,
              27.02337
            ]
          ]
        ]
      }
    },
    {
      "type": "Feature",
      "properties": {
        "name": "Singhyahi River",
        "name_hi": null,
        "name_en": null,
        "waterway": "river",
        "osm_ids": [
          "way/180776295",
          "way/398074802",
          "way/516456473",
          "way/517445119",
          "way/517640820",
          "way/517672214",
          "way/518044235"
        ],
        "osm_primary_id": "way/180776295",
        "source": "OpenStreetMap",
        "source_url": "https://www.openstreetmap.org/way/180776295",
        "wikidata": null,
        "wikipedia": null,
        "segment_count": 7
      },
      "geometry": {
        "type": "MultiLineString",
        "coordinates": [
          [
            [
              87.31185,
              26.54507
            ],
            [
              87.30963,
              26.53998
            ],
            [
              87.306,
              26.53902
            ],
            [
              87.30573,
              26.53727
            ],
            [
              87.30832,
              26.53724
            ],
            [
              87.30641,
              26.53384
            ]
          ],
          [
            [
              87.30233,
              26.44594
            ],
            [
              87.30303,
              26.44251
            ],
            [
              87.29861,
              26.43224
            ],
            [
              87.30533,
              26.42435
            ],
            [
              87.30233,
              26.42472
            ],
            [
              87.30262,
              26.41878
            ],
            [
              87.299,
              26.41787
            ],
            [
              87.29532,
              26.41009
            ],
            [
              87.31508,
              26.39686
            ],
            [
              87.31212,
              26.39388
            ],
            [
              87.31775,
              26.38742
            ],
            [
              87.31806,
              26.38331
            ],
            [
              87.31528,
              26.37938
            ],
            [
              87.3122,
              26.38022
            ],
            [
              87.31355,
              26.3767
            ],
            [
              87.31011,
              26.37639
            ],
            [
              87.30922,
              26.37248
            ],
            [
              87.31174,
              26.35858
            ],
            [
              87.32064,
              26.35351
            ],
            [
              87.32738,
              26.34555
            ],
            [
              87.3257,
              26.32885
            ],
            [
              87.3388,
              26.31464
            ],
            [
              87.34489,
              26.31299
            ],
            [
              87.34609,
              26.3078
            ],
            [
              87.34915,
              26.30619
            ],
            [
              87.34794,
              26.3039
            ],
            [
              87.35101,
              26.30492
            ],
            [
              87.35254,
              26.30277
            ],
            [
              87.34948,
              26.29751
            ],
            [
              87.35818,
              26.29497
            ],
            [
              87.35822,
              26.2901
            ],
            [
              87.36261,
              26.28963
            ],
            [
              87.36359,
              26.28496
            ],
            [
              87.36737,
              26.28675
            ],
            [
              87.36774,
              26.28238
            ],
            [
              87.37531,
              26.28221
            ],
            [
              87.37498,
              26.28038
            ],
            [
              87.3782,
              26.27926
            ],
            [
              87.37686,
              26.28188
            ],
            [
              87.38283,
              26.27917
            ],
            [
              87.38555,
              26.28304
            ],
            [
              87.38551,
              26.28002
            ],
            [
              87.38764,
              26.27964
            ],
            [
              87.38707,
              26.28222
            ],
            [
              87.39031,
              26.27785
            ],
            [
              87.39434,
              26.27801
            ],
            [
              87.39461,
              26.27473
            ],
            [
              87.39864,
              26.27425
            ],
            [
              87.39812,
              26.27157
            ],
            [
              87.38981,
              26.26738
            ],
            [
              87.39612,
              26.26115
            ],
            [
              87.39358,
              26.25604
            ]
          ],
          [
            [
              87.29881,
              26.45317
            ],
            [
              87.29944,
              26.45331
            ]
          ],
          [
            [
              87.30429,
              26.53249
            ],
            [
              87.3042,
              26.53178
            ]
          ],
          [
            [
              87.31471,
              26.5562
            ],
            [
              87.31002,
              26.54944
            ],
            [
              87.31185,
              26.54507
            ]
          ],
          [
            [
              87.32026,
              26.5727
            ],
            [
              87.32026,
              26.56522
            ],
            [
              87.31445,
              26.5587
            ],
            [
              87.31471,
              26.5562
            ]
          ],
          [
            [
              87.30641,
              26.53384
            ],
            [
              87.30201,
              26.53136
            ],
            [
              87.30427,
              26.529
            ],
            [
              87.30107,
              26.52623
            ],
            [
              87.30287,
              26.52417
            ],
            [
              87.30038,
              26.52038
            ],
            [
              87.30147,
              26.5183
            ],
            [
              87.29861,
              26.51787
            ],
            [
              87.30069,
              26.51666
            ],
            [
              87.29794,
              26.51557
            ],
            [
              87.29925,
              26.51351
            ],
            [
              87.29182,
              26.50777
            ],
            [
              87.29512,
              26.48337
            ],
            [
              87.29111,
              26.48301
            ],
            [
              87.28963,
              26.47915
            ],
            [
              87.29083,
              26.46653
            ],
            [
              87.29731,
              26.462
            ],
            [
              87.29675,
              26.45752
            ],
            [
              87.29961,
              26.456
            ],
            [
              87.29771,
              26.45392
            ],
            [
              87.30292,
              26.45046
            ],
            [
              87.30233,
              26.44594
            ]
          ]
        ]
      }
    },
    {
      "type": "Feature",
      "properties": {
        "name": "Kalindri",
        "name_hi": null,
        "name_en": null,
        "waterway": "river",
        "osm_ids": [
          "way/395303038",
          "way/1228272268",
          "way/1229513542",
          "way/1229513543",
          "way/1229513544",
          "way/1229513545",
          "way/1229513546"
        ],
        "osm_primary_id": "way/395303038",
        "source": "OpenStreetMap",
        "source_url": "https://www.openstreetmap.org/way/395303038",
        "wikidata": null,
        "wikipedia": null,
        "segment_count": 7
      },
      "geometry": {
        "type": "MultiLineString",
        "coordinates": [
          [
            [
              87.89366,
              25.1314
            ],
            [
              87.89598,
              25.14176
            ],
            [
              87.90047,
              25.13881
            ],
            [
              87.90621,
              25.13942
            ],
            [
              87.91297,
              25.14554
            ],
            [
              87.91528,
              25.15141
            ],
            [
              87.92339,
              25.1536
            ],
            [
              87.92466,
              25.15843
            ],
            [
              87.93336,
              25.16757
            ],
            [
              87.93601,
              25.16773
            ],
            [
              87.93595,
              25.16453
            ],
            [
              87.9508,
              25.16734
            ],
            [
              87.95816,
              25.15393
            ],
            [
              87.97543,
              25.14066
            ],
            [
              87.97925,
              25.11641
            ],
            [
              87.97388,
              25.10379
            ],
            [
              87.97806,
              25.10226
            ],
            [
              87.98361,
              25.10409
            ],
            [
              87.99007,
              25.11591
            ],
            [
              87.99739,
              25.11521
            ],
            [
              88.00009,
              25.11247
            ],
            [
              88.0027,
              25.09789
            ],
            [
              87.98991,
              25.09472
            ],
            [
              87.97828,
              25.08726
            ],
            [
              87.98802,
              25.0592
            ],
            [
              87.98471,
              25.05666
            ],
            [
              87.98015,
              25.05773
            ],
            [
              87.97242,
              25.06679
            ],
            [
              87.96311,
              25.05799
            ],
            [
              87.97145,
              25.05159
            ],
            [
              87.99583,
              25.05498
            ],
            [
              88.00093,
              25.05284
            ],
            [
              88.004,
              25.04607
            ],
            [
              87.99738,
              25.03774
            ],
            [
              87.99906,
              25.03338
            ],
            [
              88.00552,
              25.03264
            ],
            [
              88.00994,
              25.0355
            ],
            [
              88.02292,
              25.05321
            ],
            [
              88.03375,
              25.05522
            ],
            [
              88.04127,
              25.05063
            ],
            [
              88.04665,
              25.05515
            ],
            [
              88.05322,
              25.0567
            ],
            [
              88.05324,
              25.07055
            ],
            [
              88.05549,
              25.07375
            ],
            [
              88.06614,
              25.06011
            ],
            [
              88.07763,
              25.05844
            ],
            [
              88.09817,
              25.06262
            ],
            [
              88.10068,
              25.06111
            ],
            [
              88.10509,
              25.04914
            ],
            [
              88.13349,
              25.04018
            ]
          ],
          [
            [
              87.7911,
              25.34279
            ],
            [
              87.82117,
              25.34354
            ],
            [
              87.82306,
              25.33981
            ],
            [
              87.82264,
              25.3241
            ],
            [
              87.82634,
              25.32039
            ],
            [
              87.82845,
              25.29306
            ],
            [
              87.83359,
              25.2832
            ],
            [
              87.85404,
              25.27276
            ],
            [
              87.875,
              25.27297
            ],
            [
              87.87289,
              25.25886
            ],
            [
              87.86004,
              25.238
            ],
            [
              87.85792,
              25.2157
            ],
            [
              87.85973,
              25.21042
            ],
            [
              87.86598,
              25.20624
            ],
            [
              87.89138,
              25.20947
            ],
            [
              87.89205,
              25.20566
            ],
            [
              87.88725,
              25.19481
            ]
          ],
          [
            [
              87.8935,
              25.20495
            ],
            [
              87.89399,
              25.20499
            ]
          ],
          [
            [
              87.89205,
              25.20566
            ],
            [
              87.8935,
              25.20495
            ]
          ],
          [
            [
              87.92069,
              25.17396
            ],
            [
              87.92017,
              25.17366
            ]
          ],
          [
            [
              87.89399,
              25.20499
            ],
            [
              87.90088,
              25.20889
            ],
            [
              87.92333,
              25.20572
            ],
            [
              87.91819,
              25.19262
            ],
            [
              87.92069,
              25.17396
            ]
          ],
          [
            [
              87.92017,
              25.17366
            ],
            [
              87.91151,
              25.15827
            ],
            [
              87.91081,
              25.14781
            ],
            [
              87.91297,
              25.14554
            ]
          ]
        ]
      }
    },
    {
      "type": "Feature",
      "properties": {
        "name": "Gandak",
        "name_hi": "गंडक नदी",
        "name_en": null,
        "waterway": "river",
        "osm_ids": [
          "way/44690664",
          "way/656598922",
          "way/656598926",
          "way/656611399",
          "way/878061921",
          "way/878737697"
        ],
        "osm_primary_id": "way/44690664",
        "source": "OpenStreetMap",
        "source_url": "https://www.openstreetmap.org/way/44690664",
        "wikidata": null,
        "wikipedia": null,
        "segment_count": 6
      },
      "geometry": {
        "type": "MultiLineString",
        "coordinates": [
          [
            [
              84.56839,
              26.48476
            ],
            [
              84.5732,
              26.47975
            ],
            [
              84.57549,
              26.46981
            ],
            [
              84.57348,
              26.44818
            ],
            [
              84.5803,
              26.43691
            ],
            [
              84.59653,
              26.42664
            ],
            [
              84.60595,
              26.42785
            ],
            [
              84.61966,
              26.43862
            ],
            [
              84.62707,
              26.45865
            ],
            [
              84.6335,
              26.46454
            ],
            [
              84.66236,
              26.47084
            ],
            [
              84.67659,
              26.46887
            ],
            [
              84.68706,
              26.46119
            ],
            [
              84.68603,
              26.43321
            ],
            [
              84.68895,
              26.4286
            ],
            [
              84.69684,
              26.42491
            ],
            [
              84.72774,
              26.42291
            ],
            [
              84.73255,
              26.41999
            ],
            [
              84.73547,
              26.41369
            ],
            [
              84.73512,
              26.38325
            ],
            [
              84.7389,
              26.37017
            ],
            [
              84.78239,
              26.32519
            ],
            [
              84.796,
              26.3165
            ],
            [
              84.81344,
              26.30985
            ],
            [
              84.84144,
              26.2851
            ],
            [
              84.84311,
              26.27675
            ],
            [
              84.84114,
              26.26557
            ],
            [
              84.84705,
              26.23608
            ],
            [
              84.85632,
              26.23183
            ],
            [
              84.88636,
              26.23106
            ],
            [
              84.90661,
              26.22243
            ],
            [
              84.92292,
              26.20965
            ],
            [
              84.92532,
              26.20195
            ],
            [
              84.92241,
              26.19409
            ],
            [
              84.90163,
              26.18254
            ],
            [
              84.89563,
              26.1753
            ],
            [
              84.89683,
              26.15204
            ],
            [
              84.91228,
              26.13231
            ],
            [
              84.93631,
              26.11459
            ],
            [
              84.96107,
              26.10056
            ],
            [
              84.96498,
              26.08036
            ],
            [
              84.96472,
              26.05906
            ],
            [
              84.97202,
              26.02454
            ],
            [
              84.98452,
              26.01356
            ],
            [
              85.00235,
              26.01226
            ],
            [
              85.0387,
              25.99234
            ],
            [
              85.06025,
              25.98396
            ],
            [
              85.07089,
              25.97038
            ],
            [
              85.0769,
              25.9338
            ],
            [
              85.07967,
              25.9334
            ],
            [
              85.0872,
              25.91836
            ],
            [
              85.11261,
              25.89705
            ],
            [
              85.12769,
              25.85659
            ],
            [
              85.15998,
              25.8382
            ],
            [
              85.16616,
              25.82893
            ],
            [
              85.17749,
              25.74052
            ],
            [
              85.19346,
              25.69814
            ],
            [
              85.1938,
              25.67292
            ],
            [
              85.18762,
              25.64136
            ],
            [
              85.20065,
              25.62893
            ],
            [
              85.2048,
              25.61777
            ]
          ],
          [
            [
              84.43278,
              26.69287
            ],
            [
              84.42973,
              26.68223
            ],
            [
              84.43242,
              26.66846
            ],
            [
              84.44256,
              26.65197
            ],
            [
              84.45003,
              26.64763
            ],
            [
              84.45654,
              26.63912
            ],
            [
              84.45867,
              26.61375
            ],
            [
              84.45197,
              26.60174
            ],
            [
              84.45405,
              26.59512
            ],
            [
              84.44757,
              26.57632
            ]
          ],
          [
            [
              83.96402,
              27.18224
            ],
            [
              83.96971,
              27.17479
            ],
            [
              83.9782,
              27.16883
            ],
            [
              83.98224,
              27.16925
            ],
            [
              83.98829,
              27.17467
            ],
            [
              84.00198,
              27.17731
            ],
            [
              84.03331,
              27.17036
            ],
            [
              84.04498,
              27.16181
            ],
            [
              84.05065,
              27.13962
            ],
            [
              84.04653,
              27.12224
            ],
            [
              84.03897,
              27.10498
            ],
            [
              84.03932,
              27.09443
            ],
            [
              84.04507,
              27.08649
            ],
            [
              84.0515,
              27.0832
            ],
            [
              84.06541,
              27.08358
            ],
            [
              84.08717,
              27.08939
            ],
            [
              84.11708,
              27.07808
            ],
            [
              84.12515,
              27.07143
            ],
            [
              84.12849,
              27.06203
            ],
            [
              84.12987,
              27.03405
            ],
            [
              84.13399,
              27.02457
            ],
            [
              84.14749,
              27.00755
            ],
            [
              84.149,
              26.98846
            ],
            [
              84.15351,
              26.98175
            ],
            [
              84.15411,
              26.96473
            ],
            [
              84.18858,
              26.94288
            ],
            [
              84.19321,
              26.93232
            ],
            [
              84.19561,
              26.90477
            ],
            [
              84.19476,
              26.89865
            ],
            [
              84.18958,
              26.88988
            ],
            [
              84.19849,
              26.86565
            ],
            [
              84.2136,
              26.85643
            ],
            [
              84.22998,
              26.8354
            ],
            [
              84.24231,
              26.832
            ],
            [
              84.25488,
              26.82339
            ],
            [
              84.2778,
              26.78853
            ],
            [
              84.29576,
              26.76809
            ],
            [
              84.33301,
              26.74777
            ],
            [
              84.33463,
              26.7348
            ],
            [
              84.33161,
              26.72549
            ],
            [
              84.31839,
              26.71712
            ],
            [
              84.31664,
              26.70421
            ],
            [
              84.35818,
              26.67653
            ],
            [
              84.37371,
              26.65996
            ],
            [
              84.38015,
              26.64884
            ],
            [
              84.37586,
              26.63173
            ],
            [
              84.38826,
              26.61301
            ],
            [
              84.40689,
              26.59655
            ],
            [
              84.44027,
              26.58266
            ],
            [
              84.44757,
              26.57632
            ]
          ],
          [
            [
              83.8416,
              27.30281
            ],
            [
              83.84068,
              27.29664
            ],
            [
              83.84415,
              27.2892
            ],
            [
              83.84216,
              27.28208
            ],
            [
              83.85064,
              27.28021
            ],
            [
              83.85794,
              27.27376
            ],
            [
              83.86234,
              27.27449
            ],
            [
              83.86689,
              27.27068
            ],
            [
              83.86937,
              27.27136
            ],
            [
              83.87002,
              27.26775
            ],
            [
              83.87383,
              27.26646
            ],
            [
              83.87385,
              27.25807
            ],
            [
              83.86563,
              27.25491
            ],
            [
              83.86282,
              27.24944
            ],
            [
              83.86575,
              27.2415
            ],
            [
              83.88051,
              27.23416
            ],
            [
              83.88566,
              27.22815
            ],
            [
              83.90053,
              27.22878
            ],
            [
              83.90826,
              27.23146
            ],
            [
              83.91391,
              27.22653
            ],
            [
              83.92883,
              27.22203
            ],
            [
              83.93574,
              27.21176
            ],
            [
              83.95121,
              27.20445
            ],
            [
              83.95887,
              27.20428
            ],
            [
              83.96119,
              27.20059
            ],
            [
              83.95844,
              27.19598
            ],
            [
              83.96402,
              27.18224
            ]
          ],
          [
            [
              84.44757,
              26.57632
            ],
            [
              84.4507,
              26.5592
            ],
            [
              84.46641,
              26.54677
            ],
            [
              84.48924,
              26.52273
            ],
            [
              84.50521,
              26.49715
            ],
            [
              84.51722,
              26.49216
            ],
            [
              84.53027,
              26.5
            ],
            [
              84.53979,
              26.50169
            ],
            [
              84.56839,
              26.48476
            ]
          ],
          [
            [
              84.25488,
              26.82339
            ],
            [
              84.26491,
              26.83033
            ],
            [
              84.27835,
              26.82599
            ],
            [
              84.29182,
              26.81634
            ],
            [
              84.28784,
              26.80691
            ],
            [
              84.28959,
              26.80123
            ],
            [
              84.2941,
              26.79901
            ],
            [
              84.29804,
              26.8024
            ],
            [
              84.30407,
              26.80226
            ],
            [
              84.30538,
              26.80038
            ],
            [
              84.30206,
              26.7934
            ],
            [
              84.3282,
              26.78545
            ],
            [
              84.33344,
              26.77702
            ],
            [
              84.33673,
              26.75823
            ],
            [
              84.36516,
              26.75477
            ],
            [
              84.36736,
              26.75698
            ],
            [
              84.36627,
              26.76383
            ],
            [
              84.36989,
              26.76728
            ],
            [
              84.37294,
              26.76544
            ],
            [
              84.38916,
              26.74716
            ],
            [
              84.39358,
              26.7386
            ],
            [
              84.40292,
              26.73411
            ],
            [
              84.40989,
              26.72204
            ],
            [
              84.4106,
              26.71029
            ],
            [
              84.41465,
              26.70617
            ],
            [
              84.43264,
              26.69885
            ],
            [
              84.43278,
              26.69287
            ]
          ]
        ]
      }
    },
    {
      "type": "Feature",
      "properties": {
        "name": "Ratua Khola",
        "name_hi": null,
        "name_en": "Ratua Khola River",
        "waterway": "river",
        "osm_ids": [
          "way/45308097",
          "way/45310047",
          "way/45310131",
          "way/337216548",
          "way/337226545",
          "way/903449833"
        ],
        "osm_primary_id": "way/45308097",
        "source": "OpenStreetMap",
        "source_url": "https://www.openstreetmap.org/way/45308097",
        "wikidata": null,
        "wikipedia": null,
        "segment_count": 6
      },
      "geometry": {
        "type": "MultiLineString",
        "coordinates": [
          [
            [
              87.63689,
              26.57755
            ],
            [
              87.64066,
              26.55693
            ],
            [
              87.65036,
              26.53949
            ],
            [
              87.64828,
              26.52764
            ],
            [
              87.65075,
              26.52077
            ],
            [
              87.64008,
              26.51432
            ],
            [
              87.64066,
              26.50936
            ],
            [
              87.64816,
              26.49785
            ],
            [
              87.64437,
              26.49395
            ],
            [
              87.64436,
              26.49025
            ],
            [
              87.65211,
              26.48105
            ],
            [
              87.65408,
              26.46491
            ],
            [
              87.6666,
              26.4588
            ],
            [
              87.66802,
              26.45261
            ],
            [
              87.67748,
              26.44755
            ],
            [
              87.67611,
              26.4401
            ],
            [
              87.66907,
              26.4329
            ],
            [
              87.67155,
              26.42656
            ],
            [
              87.66455,
              26.41673
            ],
            [
              87.66394,
              26.40045
            ]
          ],
          [
            [
              87.69941,
              26.8258
            ],
            [
              87.70915,
              26.81425
            ],
            [
              87.7196,
              26.81041
            ],
            [
              87.72706,
              26.79773
            ],
            [
              87.72719,
              26.78928
            ],
            [
              87.72035,
              26.78185
            ],
            [
              87.72384,
              26.77426
            ],
            [
              87.71987,
              26.77218
            ],
            [
              87.72613,
              26.76612
            ],
            [
              87.72168,
              26.7658
            ],
            [
              87.71957,
              26.75283
            ],
            [
              87.71828,
              26.74983
            ],
            [
              87.71528,
              26.74965
            ],
            [
              87.71833,
              26.74439
            ],
            [
              87.71498,
              26.74364
            ],
            [
              87.71276,
              26.73769
            ],
            [
              87.70747,
              26.7368
            ],
            [
              87.70205,
              26.72633
            ],
            [
              87.7087,
              26.69077
            ],
            [
              87.71747,
              26.67506
            ]
          ],
          [
            [
              87.68048,
              26.62946
            ],
            [
              87.67698,
              26.62016
            ],
            [
              87.67787,
              26.61171
            ],
            [
              87.67489,
              26.60723
            ],
            [
              87.6686,
              26.60367
            ],
            [
              87.66094,
              26.59282
            ],
            [
              87.65081,
              26.58906
            ],
            [
              87.64544,
              26.58534
            ],
            [
              87.64354,
              26.58098
            ],
            [
              87.63782,
              26.57816
            ]
          ],
          [
            [
              87.66394,
              26.40045
            ],
            [
              87.6651,
              26.39064
            ],
            [
              87.66081,
              26.37915
            ],
            [
              87.6636,
              26.37357
            ],
            [
              87.67776,
              26.37265
            ],
            [
              87.68103,
              26.36742
            ],
            [
              87.67828,
              26.35034
            ],
            [
              87.67322,
              26.34511
            ],
            [
              87.6727,
              26.34096
            ],
            [
              87.68,
              26.33558
            ],
            [
              87.66815,
              26.32711
            ],
            [
              87.67021,
              26.31688
            ],
            [
              87.67519,
              26.31004
            ],
            [
              87.68609,
              26.30342
            ],
            [
              87.69144,
              26.29479
            ]
          ],
          [
            [
              87.63782,
              26.57816
            ],
            [
              87.63689,
              26.57755
            ]
          ],
          [
            [
              87.71747,
              26.67506
            ],
            [
              87.71729,
              26.67033
            ],
            [
              87.71082,
              26.66404
            ],
            [
              87.70214,
              26.64872
            ],
            [
              87.68725,
              26.6385
            ],
            [
              87.68048,
              26.62946
            ]
          ]
        ]
      }
    },
    {
      "type": "Feature",
      "properties": {
        "name": "Mechi River",
        "name_hi": null,
        "name_en": null,
        "waterway": "river",
        "osm_ids": [
          "way/45309518",
          "way/348103183",
          "way/518565899",
          "way/518565903",
          "way/520023368",
          "way/520024614"
        ],
        "osm_primary_id": "way/45309518",
        "source": "OpenStreetMap",
        "source_url": "https://www.openstreetmap.org/way/45309518",
        "wikidata": null,
        "wikipedia": null,
        "segment_count": 6
      },
      "geometry": {
        "type": "MultiLineString",
        "coordinates": [
          [
            [
              87.97832,
              26.27238
            ],
            [
              87.98111,
              26.2624
            ],
            [
              87.97121,
              26.25352
            ],
            [
              87.97191,
              26.24339
            ],
            [
              87.95925,
              26.23811
            ],
            [
              87.96096,
              26.22726
            ]
          ],
          [
            [
              88.16736,
              26.67668
            ],
            [
              88.16255,
              26.66648
            ],
            [
              88.16461,
              26.66303
            ],
            [
              88.16282,
              26.65722
            ],
            [
              88.16452,
              26.65407
            ],
            [
              88.16217,
              26.65034
            ],
            [
              88.16453,
              26.64007
            ],
            [
              88.15904,
              26.63639
            ],
            [
              88.15838,
              26.63285
            ]
          ],
          [
            [
              88.18378,
              26.77328
            ],
            [
              88.18905,
              26.76141
            ],
            [
              88.18924,
              26.74468
            ],
            [
              88.17679,
              26.70631
            ],
            [
              88.17581,
              26.6935
            ],
            [
              88.17284,
              26.69219
            ],
            [
              88.16936,
              26.68468
            ]
          ],
          [
            [
              88.1694,
              26.68682
            ],
            [
              88.16736,
              26.67668
            ]
          ],
          [
            [
              88.15996,
              26.63727
            ],
            [
              88.1558,
              26.62774
            ]
          ],
          [
            [
              88.1558,
              26.62774
            ],
            [
              88.14196,
              26.61889
            ],
            [
              88.13679,
              26.61015
            ],
            [
              88.13395,
              26.61065
            ],
            [
              88.13309,
              26.60262
            ],
            [
              88.12771,
              26.60116
            ],
            [
              88.12391,
              26.59543
            ],
            [
              88.12662,
              26.59129
            ],
            [
              88.12415,
              26.58918
            ],
            [
              88.12635,
              26.5836
            ],
            [
              88.11777,
              26.57817
            ],
            [
              88.11593,
              26.56672
            ],
            [
              88.10881,
              26.56847
            ],
            [
              88.1004,
              26.55067
            ],
            [
              88.10326,
              26.53981
            ],
            [
              88.1003,
              26.52753
            ],
            [
              88.1041,
              26.51944
            ],
            [
              88.09086,
              26.50822
            ],
            [
              88.08845,
              26.50089
            ],
            [
              88.09092,
              26.49362
            ],
            [
              88.09626,
              26.48785
            ],
            [
              88.0971,
              26.47806
            ],
            [
              88.10359,
              26.47312
            ],
            [
              88.10489,
              26.46918
            ],
            [
              88.10042,
              26.45546
            ],
            [
              88.09324,
              26.4489
            ],
            [
              88.09221,
              26.42915
            ],
            [
              88.08406,
              26.42255
            ],
            [
              88.06865,
              26.41767
            ],
            [
              88.065,
              26.41315
            ],
            [
              88.06067,
              26.39953
            ],
            [
              88.05073,
              26.39027
            ],
            [
              88.04946,
              26.38077
            ],
            [
              88.04547,
              26.37848
            ],
            [
              88.04304,
              26.36935
            ],
            [
              88.03057,
              26.3635
            ],
            [
              88.0273,
              26.35881
            ],
            [
              88.02661,
              26.35576
            ],
            [
              88.03835,
              26.34613
            ],
            [
              88.03907,
              26.34116
            ],
            [
              88.02451,
              26.33329
            ],
            [
              88.02437,
              26.32959
            ],
            [
              88.02616,
              26.32916
            ],
            [
              88.02347,
              26.31492
            ],
            [
              88.01317,
              26.31445
            ],
            [
              88.00288,
              26.30536
            ],
            [
              88.00675,
              26.29244
            ],
            [
              87.99976,
              26.28559
            ],
            [
              87.99847,
              26.27696
            ],
            [
              87.98962,
              26.27184
            ],
            [
              87.98002,
              26.27653
            ],
            [
              87.97832,
              26.27238
            ]
          ]
        ]
      }
    },
    {
      "type": "Feature",
      "properties": {
        "name": "Rauta Nadi",
        "name_hi": null,
        "name_en": null,
        "waterway": "river",
        "osm_ids": [
          "way/1228512729",
          "way/1228512730",
          "way/1228512767",
          "way/1228512768",
          "way/1228512771",
          "way/1228512786"
        ],
        "osm_primary_id": "way/1228512729",
        "source": "OpenStreetMap",
        "source_url": "https://www.openstreetmap.org/way/1228512729",
        "wikidata": null,
        "wikipedia": null,
        "segment_count": 6
      },
      "geometry": {
        "type": "MultiLineString",
        "coordinates": [
          [
            [
              87.78558,
              25.71111
            ],
            [
              87.78441,
              25.7098
            ]
          ],
          [
            [
              87.78441,
              25.7098
            ],
            [
              87.78389,
              25.70688
            ]
          ],
          [
            [
              87.7732,
              25.72421
            ],
            [
              87.77292,
              25.72362
            ]
          ],
          [
            [
              87.77845,
              25.72786
            ],
            [
              87.7732,
              25.72421
            ]
          ],
          [
            [
              87.78449,
              25.73709
            ],
            [
              87.78969,
              25.73438
            ],
            [
              87.78911,
              25.73177
            ],
            [
              87.77845,
              25.72786
            ]
          ],
          [
            [
              87.77292,
              25.72362
            ],
            [
              87.77408,
              25.71819
            ],
            [
              87.78032,
              25.71773
            ],
            [
              87.77892,
              25.7132
            ],
            [
              87.78532,
              25.71487
            ],
            [
              87.78558,
              25.71111
            ]
          ]
        ]
      }
    },
    {
      "type": "Feature",
      "properties": {
        "name": "Phalgu",
        "name_hi": "फल्गु",
        "name_en": "Falgu River",
        "waterway": "river",
        "osm_ids": [
          "way/162050214",
          "way/166334625",
          "way/166334626",
          "way/166334627",
          "way/247611435"
        ],
        "osm_primary_id": "way/162050214",
        "source": "OpenStreetMap",
        "source_url": "https://www.openstreetmap.org/way/162050214",
        "wikidata": null,
        "wikipedia": null,
        "segment_count": 5
      },
      "geometry": {
        "type": "MultiLineString",
        "coordinates": [
          [
            [
              85.01394,
              24.73035
            ],
            [
              85.01545,
              24.7514
            ],
            [
              85.01175,
              24.78546
            ],
            [
              85.01265,
              24.79288
            ],
            [
              85.02086,
              24.80958
            ],
            [
              85.0203,
              24.81465
            ],
            [
              85.02554,
              24.83087
            ],
            [
              85.01963,
              24.84654
            ]
          ],
          [
            [
              85.08724,
              25.02949
            ],
            [
              85.09842,
              25.03543
            ],
            [
              85.10037,
              25.04009
            ],
            [
              85.09511,
              25.05157
            ],
            [
              85.09627,
              25.05875
            ],
            [
              85.0981,
              25.06431
            ],
            [
              85.10642,
              25.07405
            ],
            [
              85.1057,
              25.0834
            ],
            [
              85.10825,
              25.0944
            ],
            [
              85.11458,
              25.10481
            ],
            [
              85.11987,
              25.1217
            ],
            [
              85.11778,
              25.16502
            ],
            [
              85.12346,
              25.18763
            ],
            [
              85.12974,
              25.19627
            ],
            [
              85.1445,
              25.20232
            ],
            [
              85.14672,
              25.21516
            ],
            [
              85.15437,
              25.22405
            ]
          ],
          [
            [
              85.01963,
              24.84654
            ],
            [
              85.01735,
              24.84787
            ],
            [
              85.01854,
              24.85432
            ],
            [
              85.02784,
              24.8644
            ],
            [
              85.03466,
              24.88045
            ],
            [
              85.03681,
              24.90699
            ],
            [
              85.04286,
              24.92475
            ],
            [
              85.08257,
              24.97523
            ],
            [
              85.09364,
              24.99937
            ],
            [
              85.09244,
              25.00876
            ],
            [
              85.08376,
              25.02239
            ],
            [
              85.08309,
              25.02652
            ],
            [
              85.08724,
              25.02949
            ]
          ],
          [
            [
              85.15437,
              25.22405
            ],
            [
              85.16195,
              25.22985
            ],
            [
              85.16163,
              25.2384
            ],
            [
              85.16844,
              25.25136
            ],
            [
              85.17237,
              25.2726
            ],
            [
              85.17677,
              25.27065
            ],
            [
              85.18036,
              25.27287
            ],
            [
              85.1883,
              25.27055
            ],
            [
              85.18871,
              25.2675
            ],
            [
              85.19068,
              25.26834
            ],
            [
              85.19144,
              25.28292
            ],
            [
              85.19505,
              25.28423
            ],
            [
              85.19737,
              25.29489
            ],
            [
              85.20077,
              25.29571
            ],
            [
              85.20314,
              25.3105
            ],
            [
              85.22607,
              25.31371
            ],
            [
              85.22746,
              25.33562
            ],
            [
              85.22421,
              25.33639
            ],
            [
              85.2263,
              25.34619
            ],
            [
              85.23277,
              25.34565
            ],
            [
              85.23339,
              25.34822
            ],
            [
              85.246,
              25.35563
            ],
            [
              85.2503,
              25.35564
            ],
            [
              85.24802,
              25.36025
            ],
            [
              85.25288,
              25.37742
            ],
            [
              85.2528,
              25.41302
            ],
            [
              85.25407,
              25.4156
            ],
            [
              85.2578,
              25.41457
            ],
            [
              85.25998,
              25.41672
            ],
            [
              85.25845,
              25.41984
            ],
            [
              85.26019,
              25.43248
            ],
            [
              85.2629,
              25.43039
            ],
            [
              85.27277,
              25.43293
            ],
            [
              85.27708,
              25.43123
            ],
            [
              85.27587,
              25.43614
            ],
            [
              85.27911,
              25.43896
            ],
            [
              85.29466,
              25.44431
            ],
            [
              85.29492,
              25.44854
            ],
            [
              85.30387,
              25.44891
            ],
            [
              85.30322,
              25.45316
            ],
            [
              85.3124,
              25.45433
            ],
            [
              85.3143,
              25.46074
            ],
            [
              85.31712,
              25.45936
            ],
            [
              85.32049,
              25.46131
            ],
            [
              85.32229,
              25.45912
            ],
            [
              85.32641,
              25.4617
            ],
            [
              85.33424,
              25.45866
            ],
            [
              85.33355,
              25.46315
            ],
            [
              85.33706,
              25.46263
            ],
            [
              85.33736,
              25.46537
            ],
            [
              85.34013,
              25.46357
            ],
            [
              85.34334,
              25.46685
            ],
            [
              85.35871,
              25.46853
            ],
            [
              85.37861,
              25.45899
            ],
            [
              85.38957,
              25.46667
            ],
            [
              85.39075,
              25.4633
            ],
            [
              85.40178,
              25.46126
            ],
            [
              85.39969,
              25.45849
            ],
            [
              85.4131,
              25.45766
            ],
            [
              85.41152,
              25.46123
            ],
            [
              85.41428,
              25.46207
            ],
            [
              85.41802,
              25.45545
            ],
            [
              85.42378,
              25.45213
            ],
            [
              85.42872,
              25.45073
            ],
            [
              85.43312,
              25.45444
            ],
            [
              85.44759,
              25.44656
            ],
            [
              85.45693,
              25.44463
            ],
            [
              85.45821,
              25.44084
            ],
            [
              85.46977,
              25.43767
            ],
            [
              85.47435,
              25.44057
            ],
            [
              85.47493,
              25.43552
            ],
            [
              85.47877,
              25.43832
            ],
            [
              85.48328,
              25.43619
            ],
            [
              85.48593,
              25.4258
            ],
            [
              85.48925,
              25.42641
            ],
            [
              85.49001,
              25.42961
            ],
            [
              85.50182,
              25.42525
            ],
            [
              85.50422,
              25.42931
            ],
            [
              85.51933,
              25.42311
            ],
            [
              85.52382,
              25.42714
            ],
            [
              85.53166,
              25.42431
            ],
            [
              85.52798,
              25.4203
            ],
            [
              85.52949,
              25.41779
            ],
            [
              85.5333,
              25.41832
            ],
            [
              85.53581,
              25.42212
            ],
            [
              85.54036,
              25.42031
            ],
            [
              85.54465,
              25.42199
            ],
            [
              85.54887,
              25.41809
            ],
            [
              85.55138,
              25.42279
            ],
            [
              85.55697,
              25.42475
            ],
            [
              85.55966,
              25.41902
            ]
          ],
          [
            [
              85.55966,
              25.41902
            ],
            [
              85.56568,
              25.42233
            ],
            [
              85.57071,
              25.41822
            ],
            [
              85.58046,
              25.42349
            ],
            [
              85.58634,
              25.42099
            ],
            [
              85.59395,
              25.42306
            ],
            [
              85.59968,
              25.42758
            ],
            [
              85.60432,
              25.42454
            ],
            [
              85.6074,
              25.42634
            ],
            [
              85.60771,
              25.42244
            ],
            [
              85.60062,
              25.42175
            ],
            [
              85.60283,
              25.41929
            ],
            [
              85.61586,
              25.41932
            ],
            [
              85.61249,
              25.4142
            ],
            [
              85.61699,
              25.4076
            ],
            [
              85.6135,
              25.40021
            ],
            [
              85.62677,
              25.40003
            ],
            [
              85.62772,
              25.3936
            ],
            [
              85.63656,
              25.39213
            ],
            [
              85.64865,
              25.38375
            ],
            [
              85.6588,
              25.38703
            ],
            [
              85.66227,
              25.38301
            ],
            [
              85.67043,
              25.38588
            ],
            [
              85.67777,
              25.38288
            ],
            [
              85.68396,
              25.38398
            ],
            [
              85.68915,
              25.37872
            ],
            [
              85.69642,
              25.38054
            ],
            [
              85.69601,
              25.38643
            ],
            [
              85.70151,
              25.3845
            ],
            [
              85.70109,
              25.38877
            ],
            [
              85.70772,
              25.40456
            ],
            [
              85.71097,
              25.40188
            ],
            [
              85.71971,
              25.40311
            ],
            [
              85.72934,
              25.39041
            ],
            [
              85.73396,
              25.39591
            ],
            [
              85.75311,
              25.38678
            ],
            [
              85.75598,
              25.38774
            ],
            [
              85.75428,
              25.39238
            ],
            [
              85.77332,
              25.39704
            ],
            [
              85.77638,
              25.39494
            ],
            [
              85.77501,
              25.38935
            ],
            [
              85.77951,
              25.3885
            ],
            [
              85.77662,
              25.37597
            ],
            [
              85.7802,
              25.3688
            ],
            [
              85.78672,
              25.36894
            ],
            [
              85.79414,
              25.36268
            ],
            [
              85.81053,
              25.36418
            ],
            [
              85.81561,
              25.35874
            ],
            [
              85.82508,
              25.36339
            ],
            [
              85.82426,
              25.36919
            ],
            [
              85.82939,
              25.37666
            ],
            [
              85.83485,
              25.37548
            ],
            [
              85.84263,
              25.39476
            ],
            [
              85.84697,
              25.3926
            ],
            [
              85.8484,
              25.39678
            ],
            [
              85.85932,
              25.40074
            ],
            [
              85.86151,
              25.40003
            ],
            [
              85.86029,
              25.39325
            ],
            [
              85.86289,
              25.39093
            ],
            [
              85.8654,
              25.39218
            ],
            [
              85.86601,
              25.38946
            ],
            [
              85.8758,
              25.39327
            ],
            [
              85.88143,
              25.37622
            ]
          ]
        ]
      }
    },
    {
      "type": "Feature",
      "properties": {
        "name": "Bakalya Nadi",
        "name_hi": null,
        "name_en": null,
        "waterway": "river",
        "osm_ids": [
          "way/235538058",
          "way/331384164",
          "way/945431971",
          "way/955238123",
          "way/955251689"
        ],
        "osm_primary_id": "way/235538058",
        "source": "OpenStreetMap",
        "source_url": "https://www.openstreetmap.org/way/235538058",
        "wikidata": null,
        "wikipedia": null,
        "segment_count": 5
      },
      "geometry": {
        "type": "MultiLineString",
        "coordinates": [
          [
            [
              85.26421,
              26.83133
            ],
            [
              85.27063,
              26.83298
            ]
          ],
          [
            [
              85.26856,
              26.82392
            ],
            [
              85.2654,
              26.81786
            ],
            [
              85.26643,
              26.81291
            ],
            [
              85.26122,
              26.79363
            ],
            [
              85.25201,
              26.791
            ],
            [
              85.24989,
              26.78486
            ],
            [
              85.25353,
              26.78138
            ],
            [
              85.26431,
              26.77787
            ],
            [
              85.24887,
              26.76683
            ],
            [
              85.25676,
              26.76415
            ],
            [
              85.25797,
              26.76135
            ],
            [
              85.25324,
              26.75318
            ],
            [
              85.25606,
              26.74968
            ],
            [
              85.25613,
              26.7435
            ],
            [
              85.25136,
              26.73387
            ],
            [
              85.25749,
              26.73021
            ],
            [
              85.25792,
              26.72247
            ],
            [
              85.2535,
              26.71989
            ],
            [
              85.25318,
              26.71577
            ],
            [
              85.25706,
              26.71587
            ],
            [
              85.25612,
              26.70439
            ],
            [
              85.26086,
              26.69776
            ],
            [
              85.25083,
              26.68948
            ],
            [
              85.24923,
              26.67318
            ],
            [
              85.24556,
              26.6639
            ],
            [
              85.24658,
              26.66196
            ],
            [
              85.25166,
              26.66521
            ],
            [
              85.25927,
              26.66387
            ],
            [
              85.26252,
              26.65139
            ],
            [
              85.26686,
              26.64701
            ],
            [
              85.26379,
              26.64175
            ],
            [
              85.27548,
              26.63739
            ],
            [
              85.26578,
              26.63632
            ],
            [
              85.26952,
              26.6323
            ],
            [
              85.26644,
              26.61873
            ]
          ],
          [
            [
              85.26399,
              26.87137
            ],
            [
              85.26069,
              26.866
            ],
            [
              85.26727,
              26.86399
            ],
            [
              85.2691,
              26.85981
            ],
            [
              85.26525,
              26.85142
            ],
            [
              85.27148,
              26.85055
            ],
            [
              85.27276,
              26.84795
            ],
            [
              85.2694,
              26.83871
            ],
            [
              85.27054,
              26.83522
            ]
          ],
          [
            [
              85.26421,
              26.83133
            ],
            [
              85.26297,
              26.82792
            ],
            [
              85.26098,
              26.82849
            ],
            [
              85.26216,
              26.83656
            ],
            [
              85.26467,
              26.83434
            ],
            [
              85.26693,
              26.83622
            ],
            [
              85.27054,
              26.83522
            ]
          ],
          [
            [
              85.2708,
              26.8292
            ],
            [
              85.26856,
              26.82392
            ]
          ]
        ]
      }
    },
    {
      "type": "Feature",
      "properties": {
        "name": "Ghaghara",
        "name_hi": "घाघरा",
        "name_en": "Ghaghara River",
        "waterway": "river",
        "osm_ids": [
          "way/44674342",
          "way/44684564",
          "way/206508236",
          "way/206508239"
        ],
        "osm_primary_id": "way/44674342",
        "source": "OpenStreetMap",
        "source_url": "https://www.openstreetmap.org/way/44674342",
        "wikidata": null,
        "wikipedia": null,
        "segment_count": 4
      },
      "geometry": {
        "type": "MultiLineString",
        "coordinates": [
          [
            [
              83.22431,
              26.38326
            ],
            [
              83.23961,
              26.38829
            ],
            [
              83.26744,
              26.37707
            ],
            [
              83.27435,
              26.36709
            ],
            [
              83.29495,
              26.34971
            ],
            [
              83.32488,
              26.34083
            ],
            [
              83.35653,
              26.33516
            ],
            [
              83.3832,
              26.31571
            ],
            [
              83.38805,
              26.30465
            ],
            [
              83.40052,
              26.29343
            ],
            [
              83.41194,
              26.27883
            ],
            [
              83.43515,
              26.27573
            ],
            [
              83.44792,
              26.26273
            ],
            [
              83.46176,
              26.25667
            ],
            [
              83.47942,
              26.25724
            ],
            [
              83.49976,
              26.26793
            ],
            [
              83.50476,
              26.27505
            ],
            [
              83.50962,
              26.27776
            ],
            [
              83.52731,
              26.27752
            ],
            [
              83.54242,
              26.27471
            ],
            [
              83.5739,
              26.26328
            ],
            [
              83.57787,
              26.25898
            ],
            [
              83.58459,
              26.24258
            ],
            [
              83.59486,
              26.23553
            ],
            [
              83.59982,
              26.235
            ],
            [
              83.61076,
              26.23929
            ],
            [
              83.61883,
              26.23519
            ],
            [
              83.63736,
              26.24657
            ],
            [
              83.63658,
              26.25742
            ],
            [
              83.64265,
              26.27841
            ],
            [
              83.67029,
              26.28876
            ],
            [
              83.67207,
              26.29082
            ],
            [
              83.67006,
              26.29546
            ]
          ],
          [
            [
              83.67006,
              26.29546
            ],
            [
              83.67817,
              26.29515
            ],
            [
              83.69241,
              26.28874
            ],
            [
              83.73022,
              26.2497
            ],
            [
              83.74631,
              26.24733
            ],
            [
              83.77069,
              26.23026
            ],
            [
              83.77722,
              26.21504
            ],
            [
              83.79815,
              26.21199
            ],
            [
              83.81968,
              26.19218
            ],
            [
              83.8274,
              26.18879
            ],
            [
              83.84828,
              26.19149
            ],
            [
              83.8625,
              26.18789
            ],
            [
              83.86581,
              26.18255
            ],
            [
              83.86568,
              26.16283
            ],
            [
              83.86813,
              26.15028
            ],
            [
              83.8807,
              26.13779
            ],
            [
              83.91336,
              26.11329
            ],
            [
              83.9237,
              26.11283
            ],
            [
              83.94381,
              26.12546
            ],
            [
              83.95692,
              26.12704
            ],
            [
              83.96662,
              26.12543
            ],
            [
              83.9955,
              26.11084
            ],
            [
              84.00022,
              26.1103
            ],
            [
              84.01009,
              26.11414
            ],
            [
              84.03041,
              26.10764
            ],
            [
              84.04163,
              26.1013
            ],
            [
              84.07416,
              26.10387
            ]
          ],
          [
            [
              84.48911,
              25.89664
            ],
            [
              84.49132,
              25.88735
            ],
            [
              84.49636,
              25.88139
            ],
            [
              84.51932,
              25.88019
            ],
            [
              84.53274,
              25.871
            ],
            [
              84.53894,
              25.85973
            ],
            [
              84.53941,
              25.84034
            ],
            [
              84.54404,
              25.83466
            ],
            [
              84.54825,
              25.83356
            ],
            [
              84.55986,
              25.83756
            ],
            [
              84.56679,
              25.83632
            ],
            [
              84.58237,
              25.82257
            ],
            [
              84.58872,
              25.81171
            ],
            [
              84.5894,
              25.79599
            ],
            [
              84.59288,
              25.7866
            ],
            [
              84.61867,
              25.76073
            ],
            [
              84.62844,
              25.75839
            ],
            [
              84.64135,
              25.76225
            ],
            [
              84.64794,
              25.76173
            ],
            [
              84.6667,
              25.7512
            ],
            [
              84.68446,
              25.74981
            ],
            [
              84.70094,
              25.75255
            ],
            [
              84.72882,
              25.76998
            ],
            [
              84.74399,
              25.7724
            ],
            [
              84.75429,
              25.7696
            ],
            [
              84.76104,
              25.76475
            ],
            [
              84.76272,
              25.76111
            ],
            [
              84.76152,
              25.75025
            ],
            [
              84.76532,
              25.74677
            ],
            [
              84.79083,
              25.74445
            ],
            [
              84.80824,
              25.74026
            ],
            [
              84.82978,
              25.72733
            ]
          ],
          [
            [
              84.07416,
              26.10387
            ],
            [
              84.09084,
              26.09627
            ],
            [
              84.10532,
              26.08038
            ],
            [
              84.12925,
              26.07197
            ],
            [
              84.13476,
              26.06546
            ],
            [
              84.13619,
              26.05479
            ],
            [
              84.13892,
              26.05069
            ],
            [
              84.15248,
              26.04277
            ],
            [
              84.16128,
              26.03326
            ],
            [
              84.17349,
              26.02948
            ],
            [
              84.18892,
              26.018
            ],
            [
              84.19439,
              26.00964
            ],
            [
              84.1966,
              25.99335
            ],
            [
              84.19969,
              25.98941
            ],
            [
              84.21518,
              25.98648
            ],
            [
              84.23407,
              25.97408
            ],
            [
              84.24977,
              25.96774
            ],
            [
              84.28685,
              25.93435
            ],
            [
              84.32127,
              25.92582
            ],
            [
              84.34007,
              25.92706
            ],
            [
              84.35985,
              25.92528
            ],
            [
              84.36641,
              25.9262
            ],
            [
              84.37708,
              25.93516
            ],
            [
              84.38854,
              25.93512
            ],
            [
              84.39405,
              25.92926
            ],
            [
              84.39399,
              25.91764
            ],
            [
              84.40006,
              25.90529
            ],
            [
              84.40057,
              25.88281
            ],
            [
              84.41654,
              25.87623
            ],
            [
              84.44821,
              25.8771
            ],
            [
              84.4577,
              25.88633
            ],
            [
              84.47104,
              25.90691
            ],
            [
              84.48377,
              25.90336
            ],
            [
              84.48911,
              25.89664
            ]
          ]
        ]
      }
    },
    {
      "type": "Feature",
      "properties": {
        "name": "Punpun",
        "name_hi": "पुनपुन नदी",
        "name_en": null,
        "waterway": "river",
        "osm_ids": [
          "way/247585115",
          "way/247585117",
          "way/247741051",
          "way/247741063"
        ],
        "osm_primary_id": "way/247585115",
        "source": "OpenStreetMap",
        "source_url": "https://www.openstreetmap.org/way/247585115",
        "wikidata": null,
        "wikipedia": null,
        "segment_count": 4
      },
      "geometry": {
        "type": "MultiLineString",
        "coordinates": [
          [
            [
              84.37152,
              24.89596
            ],
            [
              84.3765,
              24.89879
            ],
            [
              84.3822,
              24.89744
            ],
            [
              84.38435,
              24.89433
            ],
            [
              84.39449,
              24.89733
            ],
            [
              84.39779,
              24.90044
            ],
            [
              84.39804,
              24.90476
            ],
            [
              84.40523,
              24.90429
            ],
            [
              84.4068,
              24.90927
            ],
            [
              84.4131,
              24.90844
            ],
            [
              84.41345,
              24.91205
            ],
            [
              84.41725,
              24.91509
            ],
            [
              84.4294,
              24.91023
            ],
            [
              84.43781,
              24.91761
            ],
            [
              84.45542,
              24.91825
            ],
            [
              84.45874,
              24.92186
            ],
            [
              84.45767,
              24.92566
            ],
            [
              84.46287,
              24.92416
            ],
            [
              84.46633,
              24.92803
            ],
            [
              84.47139,
              24.92709
            ],
            [
              84.47376,
              24.93159
            ],
            [
              84.48295,
              24.93562
            ],
            [
              84.48863,
              24.94313
            ],
            [
              84.49731,
              24.94376
            ],
            [
              84.50454,
              24.94874
            ],
            [
              84.50816,
              24.95589
            ],
            [
              84.514,
              24.95584
            ],
            [
              84.51527,
              24.96125
            ],
            [
              84.52842,
              24.97933
            ],
            [
              84.54021,
              24.97684
            ],
            [
              84.54311,
              24.98171
            ],
            [
              84.55407,
              24.98493
            ],
            [
              84.5583,
              24.98345
            ],
            [
              84.56055,
              24.97862
            ],
            [
              84.56884,
              24.9806
            ],
            [
              84.57173,
              24.98987
            ],
            [
              84.57919,
              24.99435
            ],
            [
              84.58418,
              24.99461
            ],
            [
              84.59039,
              25.01175
            ],
            [
              84.59544,
              25.01184
            ],
            [
              84.6069,
              25.0247
            ],
            [
              84.61087,
              25.02559
            ],
            [
              84.60609,
              25.03268
            ],
            [
              84.61313,
              25.03248
            ],
            [
              84.61897,
              25.03775
            ],
            [
              84.61719,
              25.04319
            ],
            [
              84.61265,
              25.04598
            ],
            [
              84.61263,
              25.05381
            ],
            [
              84.62389,
              25.05493
            ],
            [
              84.62911,
              25.05253
            ],
            [
              84.6283,
              25.04916
            ],
            [
              84.63243,
              25.0485
            ],
            [
              84.63444,
              25.06095
            ],
            [
              84.64516,
              25.06359
            ],
            [
              84.65646,
              25.06281
            ],
            [
              84.65952,
              25.06555
            ],
            [
              84.6576,
              25.07079
            ],
            [
              84.66626,
              25.06829
            ],
            [
              84.67297,
              25.07051
            ],
            [
              84.66985,
              25.07742
            ],
            [
              84.67181,
              25.08341
            ],
            [
              84.68233,
              25.07993
            ],
            [
              84.68474,
              25.08367
            ],
            [
              84.6916,
              25.0862
            ],
            [
              84.69131,
              25.09392
            ],
            [
              84.69608,
              25.098
            ],
            [
              84.69982,
              25.09687
            ],
            [
              84.70292,
              25.10268
            ],
            [
              84.71028,
              25.10372
            ],
            [
              84.71466,
              25.09538
            ],
            [
              84.71649,
              25.09966
            ],
            [
              84.71369,
              25.10642
            ],
            [
              84.72102,
              25.10828
            ],
            [
              84.71569,
              25.11432
            ],
            [
              84.72122,
              25.116
            ],
            [
              84.72538,
              25.11283
            ],
            [
              84.72801,
              25.11512
            ],
            [
              84.72639,
              25.12404
            ],
            [
              84.72092,
              25.12181
            ],
            [
              84.71637,
              25.12334
            ]
          ],
          [
            [
              84.71637,
              25.12334
            ],
            [
              84.71569,
              25.12825
            ],
            [
              84.72781,
              25.13046
            ],
            [
              84.73765,
              25.14431
            ],
            [
              84.74585,
              25.14877
            ],
            [
              84.74918,
              25.15341
            ],
            [
              84.75368,
              25.15147
            ],
            [
              84.75242,
              25.14431
            ],
            [
              84.7599,
              25.14106
            ],
            [
              84.76316,
              25.14276
            ],
            [
              84.76487,
              25.14784
            ],
            [
              84.77095,
              25.14736
            ],
            [
              84.77004,
              25.13555
            ],
            [
              84.77603,
              25.13182
            ],
            [
              84.78979,
              25.14062
            ],
            [
              84.79313,
              25.14745
            ],
            [
              84.78998,
              25.15413
            ],
            [
              84.79181,
              25.16772
            ],
            [
              84.80011,
              25.17084
            ],
            [
              84.80307,
              25.16442
            ],
            [
              84.80721,
              25.16406
            ],
            [
              84.8096,
              25.16685
            ],
            [
              84.80684,
              25.17061
            ],
            [
              84.81061,
              25.17916
            ],
            [
              84.81878,
              25.18033
            ],
            [
              84.82767,
              25.18776
            ],
            [
              84.82991,
              25.19305
            ],
            [
              84.82776,
              25.19793
            ],
            [
              84.8237,
              25.19835
            ],
            [
              84.81834,
              25.21033
            ],
            [
              84.82077,
              25.2114
            ],
            [
              84.82819,
              25.20504
            ],
            [
              84.83209,
              25.20747
            ],
            [
              84.82525,
              25.2144
            ],
            [
              84.82591,
              25.22446
            ],
            [
              84.82978,
              25.23165
            ],
            [
              84.82367,
              25.23482
            ],
            [
              84.82902,
              25.23886
            ],
            [
              84.8277,
              25.24468
            ],
            [
              84.83562,
              25.24464
            ],
            [
              84.83368,
              25.24902
            ],
            [
              84.82884,
              25.25053
            ],
            [
              84.8243,
              25.25601
            ],
            [
              84.82438,
              25.25906
            ],
            [
              84.82932,
              25.2642
            ],
            [
              84.82756,
              25.27098
            ],
            [
              84.83528,
              25.27433
            ],
            [
              84.83919,
              25.26415
            ],
            [
              84.85107,
              25.2604
            ],
            [
              84.85138,
              25.26362
            ],
            [
              84.84582,
              25.26813
            ],
            [
              84.84446,
              25.27246
            ],
            [
              84.85495,
              25.26839
            ],
            [
              84.85907,
              25.26998
            ],
            [
              84.86292,
              25.28693
            ],
            [
              84.86735,
              25.28516
            ],
            [
              84.8683,
              25.27755
            ],
            [
              84.87585,
              25.28166
            ],
            [
              84.87677,
              25.27481
            ],
            [
              84.88084,
              25.27419
            ],
            [
              84.88776,
              25.28739
            ],
            [
              84.89787,
              25.29199
            ],
            [
              84.89994,
              25.2964
            ],
            [
              84.90566,
              25.29691
            ],
            [
              84.90671,
              25.30305
            ],
            [
              84.91335,
              25.30365
            ],
            [
              84.91479,
              25.30985
            ],
            [
              84.90992,
              25.31186
            ],
            [
              84.9091,
              25.31455
            ],
            [
              84.91665,
              25.32003
            ],
            [
              84.91151,
              25.32408
            ],
            [
              84.91177,
              25.32722
            ],
            [
              84.92475,
              25.32953
            ],
            [
              84.93359,
              25.3379
            ],
            [
              84.93003,
              25.34292
            ],
            [
              84.93133,
              25.35101
            ],
            [
              84.92434,
              25.35218
            ],
            [
              84.92186,
              25.36015
            ],
            [
              84.92688,
              25.36516
            ],
            [
              84.9287,
              25.37688
            ],
            [
              84.93833,
              25.38825
            ],
            [
              84.93909,
              25.40366
            ],
            [
              84.94214,
              25.40612
            ],
            [
              84.93914,
              25.41026
            ],
            [
              84.94024,
              25.41734
            ],
            [
              84.94667,
              25.41887
            ],
            [
              84.9521,
              25.41622
            ],
            [
              84.96495,
              25.41528
            ],
            [
              84.96854,
              25.42132
            ],
            [
              84.97471,
              25.41793
            ],
            [
              84.97762,
              25.41996
            ],
            [
              84.97731,
              25.42613
            ],
            [
              84.98293,
              25.42623
            ],
            [
              84.98688,
              25.43036
            ],
            [
              85.00311,
              25.42828
            ],
            [
              85.00418,
              25.43531
            ],
            [
              85.00854,
              25.43561
            ],
            [
              85.01722,
              25.44214
            ],
            [
              85.01812,
              25.44593
            ],
            [
              85.01553,
              25.45177
            ],
            [
              85.01694,
              25.45907
            ],
            [
              85.02134,
              25.46283
            ],
            [
              85.01942,
              25.47645
            ],
            [
              85.01358,
              25.47956
            ],
            [
              85.01747,
              25.48258
            ],
            [
              85.01918,
              25.495
            ],
            [
              85.02262,
              25.49503
            ],
            [
              85.02569,
              25.50379
            ],
            [
              85.03121,
              25.49981
            ],
            [
              85.03914,
              25.50026
            ],
            [
              85.0409,
              25.50757
            ],
            [
              85.04362,
              25.50828
            ],
            [
              85.05093,
              25.49946
            ],
            [
              85.0613,
              25.50376
            ],
            [
              85.06471,
              25.50184
            ],
            [
              85.06932,
              25.50373
            ],
            [
              85.08258,
              25.49956
            ],
            [
              85.08419,
              25.49592
            ],
            [
              85.08817,
              25.49955
            ],
            [
              85.0954,
              25.49828
            ],
            [
              85.09807,
              25.50219
            ],
            [
              85.10685,
              25.49755
            ],
            [
              85.11617,
              25.50602
            ],
            [
              85.12987,
              25.50319
            ],
            [
              85.13412,
              25.4986
            ],
            [
              85.13604,
              25.50135
            ],
            [
              85.14313,
              25.50247
            ],
            [
              85.14466,
              25.49579
            ],
            [
              85.14079,
              25.49255
            ],
            [
              85.14079,
              25.48825
            ],
            [
              85.14573,
              25.48868
            ],
            [
              85.15134,
              25.48297
            ],
            [
              85.15575,
              25.48749
            ],
            [
              85.16221,
              25.48207
            ],
            [
              85.16911,
              25.48387
            ],
            [
              85.17461,
              25.48137
            ],
            [
              85.17928,
              25.48179
            ],
            [
              85.18165,
              25.48824
            ],
            [
              85.19405,
              25.49058
            ],
            [
              85.19651,
              25.51313
            ],
            [
              85.2001,
              25.51344
            ],
            [
              85.20624,
              25.50929
            ],
            [
              85.21064,
              25.51574
            ],
            [
              85.21865,
              25.51656
            ],
            [
              85.22278,
              25.51184
            ],
            [
              85.22705,
              25.51685
            ],
            [
              85.22726,
              25.5225
            ],
            [
              85.24221,
              25.52027
            ],
            [
              85.24434,
              25.52804
            ],
            [
              85.2485,
              25.52991
            ],
            [
              85.25535,
              25.52482
            ],
            [
              85.25287,
              25.53102
            ],
            [
              85.25468,
              25.53228
            ],
            [
              85.25817,
              25.53096
            ],
            [
              85.26001,
              25.52519
            ],
            [
              85.27659,
              25.51782
            ],
            [
              85.27781,
              25.5098
            ],
            [
              85.28386,
              25.51501
            ],
            [
              85.28903,
              25.50982
            ],
            [
              85.29485,
              25.51501
            ],
            [
              85.30349,
              25.51402
            ],
            [
              85.31757,
              25.51702
            ]
          ],
          [
            [
              84.30648,
              24.85311
            ],
            [
              84.31363,
              24.86075
            ],
            [
              84.32062,
              24.86167
            ],
            [
              84.32261,
              24.86797
            ],
            [
              84.32943,
              24.86563
            ],
            [
              84.33556,
              24.87227
            ],
            [
              84.34021,
              24.8697
            ],
            [
              84.34355,
              24.87863
            ],
            [
              84.34202,
              24.88404
            ],
            [
              84.35378,
              24.88012
            ],
            [
              84.36012,
              24.8809
            ],
            [
              84.362,
              24.88613
            ],
            [
              84.37019,
              24.89078
            ],
            [
              84.37152,
              24.89596
            ]
          ],
          [
            [
              84.26023,
              24.82472
            ],
            [
              84.26524,
              24.82555
            ],
            [
              84.27029,
              24.83046
            ],
            [
              84.27547,
              24.83075
            ],
            [
              84.27365,
              24.8332
            ],
            [
              84.27666,
              24.83295
            ],
            [
              84.2748,
              24.83681
            ],
            [
              84.27738,
              24.84094
            ],
            [
              84.28646,
              24.8397
            ],
            [
              84.28942,
              24.84164
            ],
            [
              84.29237,
              24.85323
            ],
            [
              84.29738,
              24.85188
            ],
            [
              84.29675,
              24.85438
            ],
            [
              84.30087,
              24.85471
            ],
            [
              84.30363,
              24.85038
            ],
            [
              84.30648,
              24.85311
            ]
          ]
        ]
      }
    },
    {
      "type": "Feature",
      "properties": {
        "name": "Panchane River",
        "name_hi": null,
        "name_en": null,
        "waterway": "river",
        "osm_ids": [
          "way/247657400",
          "way/247657422",
          "way/381463286",
          "way/1122507881"
        ],
        "osm_primary_id": "way/247657400",
        "source": "OpenStreetMap",
        "source_url": "https://www.openstreetmap.org/way/247657400",
        "wikidata": null,
        "wikipedia": null,
        "segment_count": 4
      },
      "geometry": {
        "type": "MultiLineString",
        "coordinates": [
          [
            [
              85.56003,
              24.63724
            ],
            [
              85.54632,
              24.64355
            ],
            [
              85.54074,
              24.65256
            ],
            [
              85.54089,
              24.65639
            ],
            [
              85.53691,
              24.65722
            ],
            [
              85.53715,
              24.66152
            ],
            [
              85.53204,
              24.66512
            ],
            [
              85.53216,
              24.68058
            ],
            [
              85.52812,
              24.68291
            ],
            [
              85.53086,
              24.68586
            ],
            [
              85.53045,
              24.68979
            ],
            [
              85.53452,
              24.69234
            ],
            [
              85.53682,
              24.69757
            ],
            [
              85.53513,
              24.70154
            ],
            [
              85.53746,
              24.70453
            ],
            [
              85.53646,
              24.71002
            ],
            [
              85.54019,
              24.71464
            ],
            [
              85.53931,
              24.71821
            ],
            [
              85.54325,
              24.7278
            ],
            [
              85.54712,
              24.73219
            ],
            [
              85.55165,
              24.73268
            ],
            [
              85.55331,
              24.736
            ],
            [
              85.55325,
              24.74357
            ],
            [
              85.5553,
              24.74581
            ],
            [
              85.55344,
              24.75188
            ],
            [
              85.55884,
              24.75654
            ],
            [
              85.56184,
              24.76423
            ],
            [
              85.56808,
              24.76661
            ],
            [
              85.56676,
              24.7711
            ],
            [
              85.57442,
              24.77257
            ],
            [
              85.57946,
              24.77685
            ],
            [
              85.57665,
              24.78237
            ],
            [
              85.57786,
              24.78659
            ],
            [
              85.57253,
              24.79358
            ],
            [
              85.57984,
              24.81578
            ],
            [
              85.57927,
              24.82209
            ],
            [
              85.57735,
              24.82908
            ],
            [
              85.57135,
              24.82999
            ],
            [
              85.56751,
              24.83789
            ],
            [
              85.56158,
              24.84004
            ],
            [
              85.56382,
              24.85359
            ],
            [
              85.56025,
              24.85488
            ],
            [
              85.56257,
              24.8588
            ],
            [
              85.55822,
              24.87647
            ],
            [
              85.55036,
              24.88263
            ],
            [
              85.54495,
              24.88156
            ],
            [
              85.53625,
              24.88499
            ],
            [
              85.53394,
              24.89437
            ],
            [
              85.53936,
              24.90252
            ],
            [
              85.52804,
              24.90286
            ],
            [
              85.52146,
              24.91563
            ],
            [
              85.51102,
              24.91691
            ],
            [
              85.50773,
              24.9238
            ],
            [
              85.49116,
              24.92846
            ],
            [
              85.48957,
              24.93541
            ],
            [
              85.49477,
              24.93618
            ],
            [
              85.49615,
              24.94009
            ],
            [
              85.48945,
              24.95278
            ]
          ],
          [
            [
              85.49093,
              24.59981
            ],
            [
              85.4899,
              24.60342
            ],
            [
              85.47973,
              24.60735
            ],
            [
              85.48385,
              24.61723
            ],
            [
              85.48055,
              24.61989
            ],
            [
              85.47432,
              24.61919
            ],
            [
              85.47284,
              24.62488
            ],
            [
              85.46815,
              24.62663
            ],
            [
              85.4665,
              24.63268
            ],
            [
              85.46173,
              24.63599
            ],
            [
              85.46247,
              24.64173
            ],
            [
              85.45529,
              24.6405
            ],
            [
              85.452,
              24.6422
            ],
            [
              85.45342,
              24.65112
            ],
            [
              85.446,
              24.66671
            ],
            [
              85.44675,
              24.67334
            ],
            [
              85.43842,
              24.70275
            ],
            [
              85.43894,
              24.7115
            ],
            [
              85.44557,
              24.72761
            ],
            [
              85.44439,
              24.73846
            ],
            [
              85.43905,
              24.74814
            ],
            [
              85.43916,
              24.76171
            ],
            [
              85.44128,
              24.76976
            ],
            [
              85.4516,
              24.7786
            ],
            [
              85.44969,
              24.78558
            ],
            [
              85.45046,
              24.80013
            ],
            [
              85.44743,
              24.80726
            ],
            [
              85.45437,
              24.81809
            ],
            [
              85.45256,
              24.82195
            ],
            [
              85.45595,
              24.82409
            ],
            [
              85.46722,
              24.8437
            ],
            [
              85.47049,
              24.84468
            ],
            [
              85.47182,
              24.86611
            ],
            [
              85.47545,
              24.86819
            ],
            [
              85.47576,
              24.87855
            ],
            [
              85.48021,
              24.8859
            ],
            [
              85.47608,
              24.88804
            ],
            [
              85.47715,
              24.89328
            ],
            [
              85.47387,
              24.89686
            ],
            [
              85.47119,
              24.90748
            ],
            [
              85.47886,
              24.91267
            ],
            [
              85.47696,
              24.9198
            ],
            [
              85.47388,
              24.92252
            ],
            [
              85.47999,
              24.93681
            ],
            [
              85.48606,
              24.93877
            ],
            [
              85.48816,
              24.94591
            ],
            [
              85.49139,
              24.96632
            ],
            [
              85.48783,
              24.97675
            ],
            [
              85.49034,
              24.99237
            ],
            [
              85.50274,
              24.99916
            ],
            [
              85.50589,
              25.00344
            ],
            [
              85.51344,
              25.00537
            ],
            [
              85.51862,
              25.0146
            ],
            [
              85.52065,
              25.03382
            ],
            [
              85.50541,
              25.0496
            ],
            [
              85.50972,
              25.05793
            ],
            [
              85.5174,
              25.0644
            ],
            [
              85.51433,
              25.07735
            ],
            [
              85.52184,
              25.10238
            ],
            [
              85.52065,
              25.11959
            ],
            [
              85.52534,
              25.12479
            ],
            [
              85.52501,
              25.13504
            ],
            [
              85.52696,
              25.13881
            ],
            [
              85.53971,
              25.13893
            ],
            [
              85.54192,
              25.14854
            ],
            [
              85.55001,
              25.15649
            ],
            [
              85.55013,
              25.18403
            ],
            [
              85.55416,
              25.18832
            ],
            [
              85.56163,
              25.18895
            ],
            [
              85.56303,
              25.19549
            ],
            [
              85.57113,
              25.19855
            ],
            [
              85.56996,
              25.20689
            ],
            [
              85.57977,
              25.22441
            ],
            [
              85.57992,
              25.23389
            ],
            [
              85.58729,
              25.24059
            ],
            [
              85.59284,
              25.2399
            ],
            [
              85.59473,
              25.24398
            ],
            [
              85.60058,
              25.24546
            ],
            [
              85.60385,
              25.24384
            ],
            [
              85.60734,
              25.24745
            ],
            [
              85.61035,
              25.24681
            ],
            [
              85.6133,
              25.25126
            ],
            [
              85.61093,
              25.25838
            ],
            [
              85.61666,
              25.26693
            ],
            [
              85.62224,
              25.26713
            ],
            [
              85.62288,
              25.27053
            ],
            [
              85.62722,
              25.26747
            ],
            [
              85.62936,
              25.26947
            ],
            [
              85.63823,
              25.26953
            ],
            [
              85.63716,
              25.30397
            ],
            [
              85.64107,
              25.31092
            ],
            [
              85.65639,
              25.31051
            ],
            [
              85.65996,
              25.32814
            ],
            [
              85.6739,
              25.32824
            ],
            [
              85.68106,
              25.32596
            ],
            [
              85.6804,
              25.32332
            ]
          ],
          [
            [
              85.48978,
              24.57388
            ],
            [
              85.48781,
              24.58046
            ],
            [
              85.49011,
              24.59585
            ],
            [
              85.48486,
              24.60503
            ]
          ],
          [
            [
              85.49011,
              24.59585
            ],
            [
              85.49093,
              24.59981
            ]
          ]
        ]
      }
    },
    {
      "type": "Feature",
      "properties": {
        "name": "Sunder",
        "name_hi": null,
        "name_en": null,
        "waterway": "river",
        "osm_ids": [
          "way/275068199",
          "way/275302804",
          "way/1204744353",
          "way/1204744356"
        ],
        "osm_primary_id": "way/275068199",
        "source": "OpenStreetMap",
        "source_url": "https://www.openstreetmap.org/way/275068199",
        "wikidata": null,
        "wikipedia": null,
        "segment_count": 4
      },
      "geometry": {
        "type": "MultiLineString",
        "coordinates": [
          [
            [
              87.37864,
              24.93526
            ],
            [
              87.36581,
              24.94753
            ],
            [
              87.36262,
              24.95502
            ],
            [
              87.36436,
              24.96071
            ],
            [
              87.36142,
              24.9611
            ],
            [
              87.35765,
              24.96902
            ],
            [
              87.35292,
              24.96899
            ],
            [
              87.34713,
              24.97335
            ],
            [
              87.33763,
              24.97392
            ],
            [
              87.33439,
              24.97968
            ],
            [
              87.31984,
              24.97946
            ],
            [
              87.30674,
              24.9716
            ],
            [
              87.30582,
              24.96741
            ],
            [
              87.29838,
              24.96297
            ],
            [
              87.29399,
              24.96409
            ],
            [
              87.28948,
              24.96207
            ],
            [
              87.28305,
              24.96627
            ],
            [
              87.28113,
              24.96172
            ],
            [
              87.27746,
              24.96054
            ],
            [
              87.27221,
              24.96712
            ],
            [
              87.26875,
              24.96778
            ],
            [
              87.26768,
              24.97128
            ],
            [
              87.25879,
              24.97036
            ],
            [
              87.25717,
              24.97921
            ],
            [
              87.25375,
              24.97715
            ],
            [
              87.25013,
              24.97981
            ],
            [
              87.24416,
              24.97805
            ],
            [
              87.23639,
              24.97958
            ],
            [
              87.22952,
              24.97604
            ],
            [
              87.22586,
              24.98136
            ],
            [
              87.21934,
              24.97892
            ],
            [
              87.21445,
              24.98704
            ],
            [
              87.2099,
              24.9877
            ],
            [
              87.20825,
              24.98354
            ],
            [
              87.20397,
              24.98762
            ],
            [
              87.1988,
              24.98732
            ],
            [
              87.19476,
              24.99231
            ],
            [
              87.19568,
              25.00245
            ],
            [
              87.19358,
              25.00543
            ],
            [
              87.19657,
              25.00662
            ],
            [
              87.19392,
              25.00804
            ],
            [
              87.19338,
              25.01279
            ],
            [
              87.18618,
              25.01121
            ],
            [
              87.18774,
              25.0238
            ],
            [
              87.1831,
              25.03003
            ],
            [
              87.18625,
              25.03184
            ],
            [
              87.18698,
              25.04217
            ]
          ],
          [
            [
              87.18698,
              25.04217
            ],
            [
              87.19052,
              25.0469
            ],
            [
              87.1867,
              25.05181
            ],
            [
              87.19093,
              25.0576
            ],
            [
              87.19613,
              25.05842
            ],
            [
              87.1915,
              25.06417
            ],
            [
              87.1938,
              25.06792
            ]
          ],
          [
            [
              87.38461,
              24.93393
            ],
            [
              87.37864,
              24.93526
            ]
          ],
          [
            [
              87.38461,
              24.93393
            ],
            [
              87.38157,
              24.92996
            ],
            [
              87.37837,
              24.9319
            ],
            [
              87.37864,
              24.93526
            ]
          ]
        ]
      }
    },
    {
      "type": "Feature",
      "properties": {
        "name": "Bakra Khola",
        "name_hi": null,
        "name_en": null,
        "waterway": "river",
        "osm_ids": [
          "way/45308179",
          "way/1549635820",
          "way/1549635821"
        ],
        "osm_primary_id": "way/45308179",
        "source": "OpenStreetMap",
        "source_url": "https://www.openstreetmap.org/way/45308179",
        "wikidata": null,
        "wikipedia": null,
        "segment_count": 3
      },
      "geometry": {
        "type": "MultiLineString",
        "coordinates": [
          [
            [
              87.65068,
              26.74229
            ],
            [
              87.64407,
              26.73479
            ],
            [
              87.63606,
              26.73207
            ],
            [
              87.63448,
              26.72392
            ],
            [
              87.62649,
              26.71803
            ],
            [
              87.62292,
              26.7077
            ],
            [
              87.62408,
              26.70256
            ],
            [
              87.62093,
              26.7015
            ],
            [
              87.62017,
              26.69708
            ],
            [
              87.62246,
              26.67477
            ],
            [
              87.61629,
              26.67073
            ],
            [
              87.6163,
              26.66453
            ],
            [
              87.60488,
              26.65189
            ],
            [
              87.60709,
              26.64548
            ],
            [
              87.60422,
              26.63475
            ],
            [
              87.60588,
              26.62663
            ],
            [
              87.59677,
              26.61022
            ],
            [
              87.59527,
              26.59756
            ],
            [
              87.59521,
              26.58899
            ],
            [
              87.59926,
              26.58136
            ],
            [
              87.59971,
              26.57342
            ],
            [
              87.59627,
              26.56832
            ],
            [
              87.58789,
              26.56421
            ],
            [
              87.59081,
              26.55382
            ],
            [
              87.5877,
              26.52949
            ],
            [
              87.59096,
              26.51585
            ],
            [
              87.58531,
              26.50357
            ],
            [
              87.57348,
              26.49411
            ],
            [
              87.57622,
              26.48767
            ],
            [
              87.57474,
              26.47834
            ],
            [
              87.57844,
              26.46773
            ],
            [
              87.57807,
              26.45397
            ],
            [
              87.58358,
              26.44943
            ],
            [
              87.596,
              26.44777
            ],
            [
              87.60046,
              26.44459
            ],
            [
              87.60107,
              26.43696
            ],
            [
              87.59622,
              26.42784
            ],
            [
              87.59885,
              26.41892
            ],
            [
              87.6058,
              26.40947
            ],
            [
              87.60159,
              26.40406
            ],
            [
              87.58914,
              26.40179
            ],
            [
              87.58598,
              26.38088
            ],
            [
              87.579,
              26.37705
            ],
            [
              87.58062,
              26.3723
            ],
            [
              87.57906,
              26.36511
            ],
            [
              87.58323,
              26.36479
            ],
            [
              87.58512,
              26.35888
            ],
            [
              87.5792,
              26.357
            ],
            [
              87.58225,
              26.35164
            ],
            [
              87.58017,
              26.34848
            ],
            [
              87.57576,
              26.34834
            ],
            [
              87.57782,
              26.34338
            ],
            [
              87.5715,
              26.34168
            ],
            [
              87.57103,
              26.33779
            ],
            [
              87.56824,
              26.3383
            ],
            [
              87.57179,
              26.33164
            ],
            [
              87.57856,
              26.33223
            ],
            [
              87.57821,
              26.32767
            ],
            [
              87.58325,
              26.32545
            ],
            [
              87.57695,
              26.32103
            ],
            [
              87.58258,
              26.32188
            ],
            [
              87.58403,
              26.31784
            ],
            [
              87.57895,
              26.31522
            ],
            [
              87.58154,
              26.31209
            ],
            [
              87.57647,
              26.30843
            ],
            [
              87.57741,
              26.3049
            ],
            [
              87.57206,
              26.30602
            ],
            [
              87.57107,
              26.30325
            ],
            [
              87.5733,
              26.30053
            ],
            [
              87.56827,
              26.2997
            ],
            [
              87.56434,
              26.29324
            ],
            [
              87.5693,
              26.28499
            ],
            [
              87.55717,
              26.28216
            ],
            [
              87.55792,
              26.27849
            ],
            [
              87.55419,
              26.2755
            ],
            [
              87.54454,
              26.27746
            ],
            [
              87.53928,
              26.25761
            ],
            [
              87.53295,
              26.25601
            ],
            [
              87.53222,
              26.24932
            ]
          ],
          [
            [
              87.65074,
              26.74235
            ],
            [
              87.65068,
              26.74229
            ]
          ],
          [
            [
              87.65885,
              26.75719
            ],
            [
              87.65354,
              26.7512
            ],
            [
              87.65074,
              26.74235
            ]
          ]
        ]
      }
    },
    {
      "type": "Feature",
      "properties": {
        "name": "Kiul",
        "name_hi": null,
        "name_en": null,
        "waterway": "river",
        "osm_ids": [
          "way/162046075",
          "way/162046076",
          "way/247785979"
        ],
        "osm_primary_id": "way/162046075",
        "source": "OpenStreetMap",
        "source_url": "https://www.openstreetmap.org/way/162046075",
        "wikidata": null,
        "wikipedia": null,
        "segment_count": 3
      },
      "geometry": {
        "type": "MultiLineString",
        "coordinates": [
          [
            [
              86.23147,
              24.89248
            ],
            [
              86.241,
              24.90705
            ],
            [
              86.23799,
              24.92037
            ],
            [
              86.23893,
              24.92428
            ],
            [
              86.24661,
              24.93157
            ],
            [
              86.24702,
              24.94002
            ],
            [
              86.24302,
              24.95776
            ],
            [
              86.22931,
              24.96943
            ],
            [
              86.23255,
              24.98478
            ],
            [
              86.23001,
              24.98792
            ],
            [
              86.21292,
              24.99552
            ],
            [
              86.20893,
              25.01942
            ],
            [
              86.18443,
              25.02845
            ],
            [
              86.16859,
              25.0461
            ],
            [
              86.15329,
              25.05673
            ],
            [
              86.14929,
              25.07147
            ],
            [
              86.14511,
              25.07686
            ],
            [
              86.13716,
              25.07958
            ],
            [
              86.1319,
              25.08888
            ],
            [
              86.14126,
              25.10092
            ],
            [
              86.14225,
              25.10841
            ],
            [
              86.12759,
              25.12495
            ],
            [
              86.10928,
              25.13744
            ],
            [
              86.10797,
              25.14849
            ]
          ],
          [
            [
              86.10797,
              25.14849
            ],
            [
              86.10758,
              25.15583
            ],
            [
              86.09939,
              25.16857
            ],
            [
              86.09904,
              25.17957
            ],
            [
              86.13576,
              25.20089
            ],
            [
              86.14311,
              25.20677
            ],
            [
              86.14559,
              25.21321
            ],
            [
              86.13368,
              25.22865
            ],
            [
              86.12858,
              25.22745
            ],
            [
              86.12568,
              25.22903
            ],
            [
              86.12601,
              25.23234
            ]
          ],
          [
            [
              86.12268,
              24.60919
            ],
            [
              86.12481,
              24.61395
            ],
            [
              86.11891,
              24.62592
            ],
            [
              86.1215,
              24.6318
            ],
            [
              86.11867,
              24.63642
            ],
            [
              86.12012,
              24.63864
            ],
            [
              86.11706,
              24.63986
            ],
            [
              86.11264,
              24.6495
            ],
            [
              86.10893,
              24.65185
            ],
            [
              86.10823,
              24.65744
            ],
            [
              86.10401,
              24.65478
            ],
            [
              86.09812,
              24.65657
            ],
            [
              86.09248,
              24.65516
            ],
            [
              86.08654,
              24.65948
            ],
            [
              86.08474,
              24.65569
            ],
            [
              86.07446,
              24.65655
            ],
            [
              86.06226,
              24.66432
            ],
            [
              86.05944,
              24.66253
            ],
            [
              86.06029,
              24.66022
            ],
            [
              86.05656,
              24.66111
            ],
            [
              86.05113,
              24.66833
            ],
            [
              86.05444,
              24.6746
            ],
            [
              86.04958,
              24.67739
            ],
            [
              86.05143,
              24.68515
            ],
            [
              86.04764,
              24.68672
            ],
            [
              86.04936,
              24.69407
            ],
            [
              86.03978,
              24.711
            ],
            [
              86.0349,
              24.71212
            ],
            [
              86.0257,
              24.72143
            ],
            [
              86.03172,
              24.72299
            ],
            [
              86.03411,
              24.73568
            ],
            [
              86.03846,
              24.73529
            ],
            [
              86.03943,
              24.7396
            ],
            [
              86.03505,
              24.74652
            ],
            [
              86.0422,
              24.74722
            ],
            [
              86.04663,
              24.75292
            ],
            [
              86.05338,
              24.75523
            ],
            [
              86.05857,
              24.77039
            ],
            [
              86.05689,
              24.77961
            ],
            [
              86.06304,
              24.78381
            ],
            [
              86.06947,
              24.78147
            ],
            [
              86.06794,
              24.78889
            ],
            [
              86.07263,
              24.79397
            ],
            [
              86.0679,
              24.80654
            ],
            [
              86.0694,
              24.81199
            ],
            [
              86.07869,
              24.80965
            ],
            [
              86.08132,
              24.81421
            ],
            [
              86.09142,
              24.81963
            ],
            [
              86.09955,
              24.8138
            ],
            [
              86.10828,
              24.81988
            ],
            [
              86.11198,
              24.818
            ],
            [
              86.11073,
              24.81348
            ],
            [
              86.11768,
              24.81461
            ],
            [
              86.11982,
              24.80933
            ],
            [
              86.13495,
              24.80958
            ],
            [
              86.13631,
              24.80271
            ],
            [
              86.14265,
              24.79817
            ],
            [
              86.15209,
              24.80035
            ],
            [
              86.16257,
              24.80793
            ],
            [
              86.16872,
              24.8079
            ],
            [
              86.17564,
              24.80422
            ],
            [
              86.17896,
              24.81143
            ],
            [
              86.18635,
              24.81575
            ],
            [
              86.19949,
              24.80748
            ],
            [
              86.2035,
              24.81143
            ],
            [
              86.20626,
              24.82106
            ],
            [
              86.21726,
              24.82186
            ],
            [
              86.21787,
              24.82628
            ],
            [
              86.21023,
              24.83498
            ],
            [
              86.21717,
              24.84454
            ],
            [
              86.22252,
              24.86047
            ],
            [
              86.23021,
              24.87117
            ],
            [
              86.23147,
              24.89248
            ]
          ]
        ]
      }
    },
    {
      "type": "Feature",
      "properties": {
        "name": "Rautai Nadi",
        "name_hi": null,
        "name_en": null,
        "waterway": "river",
        "osm_ids": [
          "way/1228512742",
          "way/1228512745",
          "way/1228512746"
        ],
        "osm_primary_id": "way/1228512742",
        "source": "OpenStreetMap",
        "source_url": "https://www.openstreetmap.org/way/1228512742",
        "wikidata": null,
        "wikipedia": null,
        "segment_count": 3
      },
      "geometry": {
        "type": "MultiLineString",
        "coordinates": [
          [
            [
              87.7505,
              25.72077
            ],
            [
              87.75245,
              25.71345
            ],
            [
              87.75945,
              25.71041
            ],
            [
              87.77665,
              25.7173
            ]
          ],
          [
            [
              87.73979,
              25.73886
            ],
            [
              87.73797,
              25.73736
            ],
            [
              87.74033,
              25.73397
            ],
            [
              87.73714,
              25.73079
            ],
            [
              87.73981,
              25.72893
            ],
            [
              87.73877,
              25.7221
            ],
            [
              87.74427,
              25.72336
            ],
            [
              87.74203,
              25.72638
            ],
            [
              87.74529,
              25.72766
            ],
            [
              87.7505,
              25.72077
            ]
          ],
          [
            [
              87.76837,
              25.71391
            ],
            [
              87.77264,
              25.71326
            ],
            [
              87.77223,
              25.71579
            ]
          ]
        ]
      }
    },
    {
      "type": "Feature",
      "properties": {
        "name": "Kankai",
        "name_hi": null,
        "name_en": null,
        "waterway": "river",
        "osm_ids": [
          "way/27917400",
          "way/328251351"
        ],
        "osm_primary_id": "way/27917400",
        "source": "OpenStreetMap",
        "source_url": "https://www.openstreetmap.org/way/27917400",
        "wikidata": null,
        "wikipedia": null,
        "segment_count": 2
      },
      "geometry": {
        "type": "MultiLineString",
        "coordinates": [
          [
            [
              87.74575,
              25.98288
            ],
            [
              87.75892,
              25.97167
            ],
            [
              87.75988,
              25.96833
            ],
            [
              87.75767,
              25.96191
            ],
            [
              87.74903,
              25.96204
            ],
            [
              87.74469,
              25.95937
            ],
            [
              87.74507,
              25.95345
            ],
            [
              87.75565,
              25.9509
            ],
            [
              87.76355,
              25.94395
            ],
            [
              87.76767,
              25.93376
            ],
            [
              87.77214,
              25.92908
            ],
            [
              87.77266,
              25.9269
            ],
            [
              87.76401,
              25.9232
            ],
            [
              87.76214,
              25.91891
            ],
            [
              87.76285,
              25.91485
            ],
            [
              87.77613,
              25.90229
            ],
            [
              87.76909,
              25.89288
            ],
            [
              87.77031,
              25.88844
            ],
            [
              87.78449,
              25.88281
            ],
            [
              87.79777,
              25.88303
            ],
            [
              87.80412,
              25.87894
            ]
          ],
          [
            [
              87.86214,
              26.63802
            ],
            [
              87.8576,
              26.6307
            ],
            [
              87.85906,
              26.62508
            ],
            [
              87.85592,
              26.62092
            ],
            [
              87.85457,
              26.60128
            ],
            [
              87.85024,
              26.5966
            ],
            [
              87.85063,
              26.58887
            ],
            [
              87.84647,
              26.58254
            ],
            [
              87.84821,
              26.57718
            ],
            [
              87.83986,
              26.54958
            ],
            [
              87.84175,
              26.54271
            ],
            [
              87.82818,
              26.52671
            ],
            [
              87.82607,
              26.51876
            ],
            [
              87.82341,
              26.49741
            ],
            [
              87.82732,
              26.48677
            ],
            [
              87.81662,
              26.47351
            ],
            [
              87.81162,
              26.46325
            ],
            [
              87.78732,
              26.44355
            ],
            [
              87.78018,
              26.41915
            ],
            [
              87.77632,
              26.41778
            ],
            [
              87.76862,
              26.42172
            ],
            [
              87.75973,
              26.42063
            ],
            [
              87.75693,
              26.41348
            ],
            [
              87.76451,
              26.40276
            ],
            [
              87.75886,
              26.39943
            ],
            [
              87.74628,
              26.37278
            ],
            [
              87.74527,
              26.36161
            ],
            [
              87.73697,
              26.35617
            ],
            [
              87.73834,
              26.32746
            ],
            [
              87.73233,
              26.32429
            ],
            [
              87.73064,
              26.31788
            ],
            [
              87.74107,
              26.31134
            ],
            [
              87.76662,
              26.30132
            ],
            [
              87.76257,
              26.29611
            ],
            [
              87.75102,
              26.29399
            ],
            [
              87.74909,
              26.29138
            ],
            [
              87.75669,
              26.27698
            ],
            [
              87.75656,
              26.26975
            ],
            [
              87.74154,
              26.25413
            ],
            [
              87.74132,
              26.23742
            ],
            [
              87.73333,
              26.22824
            ],
            [
              87.7354,
              26.22123
            ],
            [
              87.73385,
              26.21515
            ],
            [
              87.72491,
              26.21251
            ],
            [
              87.71318,
              26.21575
            ],
            [
              87.70699,
              26.21417
            ],
            [
              87.70721,
              26.18687
            ],
            [
              87.7035,
              26.18073
            ],
            [
              87.69162,
              26.17664
            ],
            [
              87.68927,
              26.17315
            ],
            [
              87.69192,
              26.16329
            ],
            [
              87.69946,
              26.16228
            ],
            [
              87.70613,
              26.16706
            ],
            [
              87.71075,
              26.16402
            ],
            [
              87.69862,
              26.15079
            ],
            [
              87.68578,
              26.12682
            ],
            [
              87.68785,
              26.1159
            ],
            [
              87.69766,
              26.10821
            ],
            [
              87.70058,
              26.10259
            ],
            [
              87.69642,
              26.0864
            ],
            [
              87.69706,
              26.07736
            ],
            [
              87.69922,
              26.07551
            ],
            [
              87.70509,
              26.07886
            ],
            [
              87.7063,
              26.08404
            ],
            [
              87.70314,
              26.09259
            ],
            [
              87.71309,
              26.09825
            ],
            [
              87.71718,
              26.09818
            ],
            [
              87.7228,
              26.09237
            ],
            [
              87.72298,
              26.08656
            ],
            [
              87.7122,
              26.08055
            ],
            [
              87.71985,
              26.07238
            ],
            [
              87.72176,
              26.06138
            ],
            [
              87.74132,
              26.05789
            ],
            [
              87.75035,
              26.05935
            ],
            [
              87.75389,
              26.05632
            ],
            [
              87.75308,
              26.03987
            ],
            [
              87.74827,
              26.03655
            ],
            [
              87.75437,
              26.01534
            ],
            [
              87.74564,
              25.99035
            ],
            [
              87.74575,
              25.98288
            ]
          ]
        ]
      }
    },
    {
      "type": "Feature",
      "properties": {
        "name": "Tamasa",
        "name_hi": null,
        "name_en": null,
        "waterway": "river",
        "osm_ids": [
          "way/51870544",
          "way/158712072"
        ],
        "osm_primary_id": "way/51870544",
        "source": "OpenStreetMap",
        "source_url": "https://www.openstreetmap.org/way/51870544",
        "wikidata": null,
        "wikipedia": null,
        "segment_count": 2
      },
      "geometry": {
        "type": "MultiLineString",
        "coordinates": [
          [
            [
              83.49959,
              26.00692
            ],
            [
              83.50433,
              26.01075
            ],
            [
              83.50893,
              26.01032
            ],
            [
              83.5104,
              26.00091
            ],
            [
              83.51284,
              25.99864
            ],
            [
              83.54073,
              26.00356
            ],
            [
              83.54436,
              26.00188
            ],
            [
              83.54186,
              25.99901
            ]
          ],
          [
            [
              83.54186,
              25.99901
            ],
            [
              83.54416,
              25.99241
            ],
            [
              83.5404,
              25.98867
            ],
            [
              83.54464,
              25.98186
            ],
            [
              83.54638,
              25.98438
            ],
            [
              83.5496,
              25.98316
            ],
            [
              83.54751,
              25.97841
            ],
            [
              83.55817,
              25.98411
            ],
            [
              83.56283,
              25.98213
            ],
            [
              83.56109,
              25.97733
            ],
            [
              83.55534,
              25.97851
            ],
            [
              83.55529,
              25.97346
            ],
            [
              83.5453,
              25.97535
            ],
            [
              83.54968,
              25.96903
            ],
            [
              83.55069,
              25.96135
            ],
            [
              83.56166,
              25.95452
            ],
            [
              83.56231,
              25.9516
            ],
            [
              83.57187,
              25.94781
            ],
            [
              83.6087,
              25.94721
            ],
            [
              83.60955,
              25.94484
            ],
            [
              83.60611,
              25.9407
            ],
            [
              83.60874,
              25.93815
            ],
            [
              83.61418,
              25.93929
            ],
            [
              83.61631,
              25.94349
            ],
            [
              83.61899,
              25.94273
            ],
            [
              83.61809,
              25.93401
            ],
            [
              83.62876,
              25.92972
            ],
            [
              83.62838,
              25.92543
            ],
            [
              83.62427,
              25.92415
            ],
            [
              83.62399,
              25.92072
            ],
            [
              83.63318,
              25.91628
            ],
            [
              83.63519,
              25.91282
            ],
            [
              83.63437,
              25.90795
            ],
            [
              83.64145,
              25.90523
            ],
            [
              83.63344,
              25.89379
            ],
            [
              83.64907,
              25.87952
            ],
            [
              83.66539,
              25.87023
            ],
            [
              83.68722,
              25.86885
            ],
            [
              83.68983,
              25.86376
            ],
            [
              83.69377,
              25.86277
            ],
            [
              83.72553,
              25.8703
            ],
            [
              83.72923,
              25.86536
            ],
            [
              83.72537,
              25.85378
            ],
            [
              83.72982,
              25.84389
            ],
            [
              83.73617,
              25.84392
            ],
            [
              83.74042,
              25.85013
            ],
            [
              83.74562,
              25.8491
            ],
            [
              83.74812,
              25.84281
            ],
            [
              83.74714,
              25.83691
            ],
            [
              83.75558,
              25.83472
            ],
            [
              83.76008,
              25.82711
            ],
            [
              83.76943,
              25.82236
            ],
            [
              83.76999,
              25.81624
            ],
            [
              83.78299,
              25.8149
            ],
            [
              83.78611,
              25.80849
            ],
            [
              83.79214,
              25.80877
            ],
            [
              83.7952,
              25.81449
            ],
            [
              83.80192,
              25.81511
            ],
            [
              83.80361,
              25.81274
            ],
            [
              83.80075,
              25.80396
            ],
            [
              83.8105,
              25.79873
            ],
            [
              83.8162,
              25.78684
            ],
            [
              83.82839,
              25.78642
            ],
            [
              83.83497,
              25.79574
            ],
            [
              83.83823,
              25.79128
            ],
            [
              83.85454,
              25.78569
            ],
            [
              83.85891,
              25.79495
            ],
            [
              83.86303,
              25.79721
            ],
            [
              83.86815,
              25.78829
            ],
            [
              83.87696,
              25.79007
            ],
            [
              83.8877,
              25.78325
            ],
            [
              83.88955,
              25.77832
            ],
            [
              83.90113,
              25.7753
            ],
            [
              83.90553,
              25.76663
            ],
            [
              83.9155,
              25.76786
            ],
            [
              83.91392,
              25.75571
            ],
            [
              83.91619,
              25.75451
            ],
            [
              83.93112,
              25.76592
            ],
            [
              83.93863,
              25.76559
            ],
            [
              83.93629,
              25.77302
            ],
            [
              83.94707,
              25.78001
            ],
            [
              83.96457,
              25.77676
            ],
            [
              83.96815,
              25.77293
            ],
            [
              83.97955,
              25.77445
            ],
            [
              83.99162,
              25.76897
            ],
            [
              83.99229,
              25.76068
            ],
            [
              84.00003,
              25.75784
            ],
            [
              84.00335,
              25.75316
            ],
            [
              84.01497,
              25.75909
            ],
            [
              84.02995,
              25.75624
            ],
            [
              84.03863,
              25.75839
            ],
            [
              84.0386,
              25.74587
            ],
            [
              84.02909,
              25.73586
            ],
            [
              84.03044,
              25.73232
            ],
            [
              84.03441,
              25.73102
            ],
            [
              84.04376,
              25.73844
            ],
            [
              84.05065,
              25.74014
            ],
            [
              84.05157,
              25.74572
            ],
            [
              84.05384,
              25.74622
            ],
            [
              84.05585,
              25.7382
            ],
            [
              84.05239,
              25.7336
            ],
            [
              84.04521,
              25.73102
            ],
            [
              84.04767,
              25.72489
            ],
            [
              84.06477,
              25.73104
            ],
            [
              84.06599,
              25.7418
            ],
            [
              84.08239,
              25.74632
            ],
            [
              84.10996,
              25.74159
            ],
            [
              84.14087,
              25.73231
            ],
            [
              84.14961,
              25.72653
            ]
          ]
        ]
      }
    },
    {
      "type": "Feature",
      "properties": {
        "name": "Kosi River",
        "name_hi": null,
        "name_en": null,
        "waterway": "river",
        "osm_ids": [
          "way/155336073",
          "way/1229513547"
        ],
        "osm_primary_id": "way/155336073",
        "source": "OpenStreetMap",
        "source_url": "https://www.openstreetmap.org/way/155336073",
        "wikidata": null,
        "wikipedia": null,
        "segment_count": 2
      },
      "geometry": {
        "type": "MultiLineString",
        "coordinates": [
          [
            [
              87.29219,
              26.00118
            ],
            [
              87.2971,
              25.99823
            ],
            [
              87.29279,
              25.99225
            ],
            [
              87.29664,
              25.99112
            ],
            [
              87.29699,
              25.98784
            ],
            [
              87.29941,
              25.98941
            ],
            [
              87.30891,
              25.98323
            ],
            [
              87.31002,
              25.98518
            ],
            [
              87.31597,
              25.98357
            ],
            [
              87.32535,
              25.9695
            ],
            [
              87.32777,
              25.96946
            ],
            [
              87.32764,
              25.96472
            ],
            [
              87.33452,
              25.96253
            ],
            [
              87.33504,
              25.9556
            ],
            [
              87.33866,
              25.95615
            ],
            [
              87.33416,
              25.95016
            ],
            [
              87.33751,
              25.94527
            ],
            [
              87.33528,
              25.94451
            ],
            [
              87.33424,
              25.93959
            ],
            [
              87.3367,
              25.93977
            ],
            [
              87.33701,
              25.93707
            ],
            [
              87.33827,
              25.9385
            ],
            [
              87.33937,
              25.93174
            ],
            [
              87.34144,
              25.93359
            ],
            [
              87.34107,
              25.93189
            ],
            [
              87.34386,
              25.93191
            ],
            [
              87.33895,
              25.92758
            ],
            [
              87.33268,
              25.9285
            ],
            [
              87.33457,
              25.92775
            ],
            [
              87.33496,
              25.92076
            ],
            [
              87.34325,
              25.91721
            ],
            [
              87.33985,
              25.91667
            ],
            [
              87.34011,
              25.91131
            ],
            [
              87.34514,
              25.90411
            ],
            [
              87.34832,
              25.90329
            ],
            [
              87.34641,
              25.89665
            ],
            [
              87.35049,
              25.89663
            ],
            [
              87.35124,
              25.89214
            ],
            [
              87.3567,
              25.89235
            ],
            [
              87.35559,
              25.88644
            ],
            [
              87.36053,
              25.8831
            ],
            [
              87.36628,
              25.88453
            ],
            [
              87.36739,
              25.88034
            ],
            [
              87.37056,
              25.88037
            ],
            [
              87.36914,
              25.87915
            ],
            [
              87.37223,
              25.87653
            ],
            [
              87.37231,
              25.87312
            ],
            [
              87.38294,
              25.87002
            ],
            [
              87.38541,
              25.8674
            ],
            [
              87.38342,
              25.86412
            ],
            [
              87.38593,
              25.86018
            ],
            [
              87.3927,
              25.86063
            ],
            [
              87.3948,
              25.84722
            ],
            [
              87.40475,
              25.84071
            ],
            [
              87.40482,
              25.83796
            ],
            [
              87.39593,
              25.83103
            ],
            [
              87.3992,
              25.82796
            ],
            [
              87.39897,
              25.82258
            ],
            [
              87.40153,
              25.82024
            ],
            [
              87.40801,
              25.82251
            ],
            [
              87.4087,
              25.815
            ],
            [
              87.4152,
              25.81498
            ],
            [
              87.42133,
              25.80581
            ],
            [
              87.43378,
              25.79767
            ],
            [
              87.43486,
              25.7918
            ],
            [
              87.44116,
              25.78974
            ],
            [
              87.43743,
              25.78447
            ],
            [
              87.4425,
              25.77959
            ],
            [
              87.43979,
              25.77647
            ],
            [
              87.43083,
              25.77397
            ],
            [
              87.43062,
              25.76858
            ],
            [
              87.43593,
              25.75758
            ],
            [
              87.44487,
              25.7502
            ],
            [
              87.44554,
              25.74361
            ],
            [
              87.43919,
              25.73888
            ],
            [
              87.44261,
              25.72921
            ],
            [
              87.44149,
              25.72647
            ],
            [
              87.44576,
              25.7197
            ],
            [
              87.45629,
              25.71617
            ],
            [
              87.45795,
              25.71768
            ],
            [
              87.45928,
              25.71466
            ],
            [
              87.46202,
              25.7146
            ],
            [
              87.46629,
              25.71938
            ],
            [
              87.47531,
              25.72343
            ],
            [
              87.48894,
              25.71923
            ]
          ],
          [
            [
              87.82146,
              25.20823
            ],
            [
              87.83543,
              25.20277
            ],
            [
              87.83755,
              25.19987
            ],
            [
              87.84305,
              25.20086
            ],
            [
              87.84995,
              25.19724
            ],
            [
              87.8715,
              25.20212
            ],
            [
              87.87689,
              25.19941
            ],
            [
              87.88399,
              25.1869
            ]
          ]
        ]
      }
    },
    {
      "type": "Feature",
      "properties": {
        "name": "Karmanasa",
        "name_hi": null,
        "name_en": null,
        "waterway": "river",
        "osm_ids": [
          "way/178644349",
          "way/178644374"
        ],
        "osm_primary_id": "way/178644349",
        "source": "OpenStreetMap",
        "source_url": "https://www.openstreetmap.org/way/178644349",
        "wikidata": null,
        "wikipedia": null,
        "segment_count": 2
      },
      "geometry": {
        "type": "MultiLineString",
        "coordinates": [
          [
            [
              83.68104,
              25.36582
            ],
            [
              83.69475,
              25.36997
            ],
            [
              83.68843,
              25.37646
            ],
            [
              83.68275,
              25.37659
            ],
            [
              83.68221,
              25.37951
            ],
            [
              83.69484,
              25.385
            ],
            [
              83.6949,
              25.39001
            ],
            [
              83.70251,
              25.39676
            ],
            [
              83.70622,
              25.3937
            ],
            [
              83.70609,
              25.3872
            ],
            [
              83.71091,
              25.38521
            ],
            [
              83.71734,
              25.39702
            ],
            [
              83.72625,
              25.39999
            ],
            [
              83.73237,
              25.39669
            ],
            [
              83.7352,
              25.40592
            ],
            [
              83.74202,
              25.41052
            ],
            [
              83.7459,
              25.40014
            ],
            [
              83.75601,
              25.40508
            ],
            [
              83.76645,
              25.40099
            ],
            [
              83.76635,
              25.39751
            ],
            [
              83.75767,
              25.39759
            ],
            [
              83.75513,
              25.39311
            ],
            [
              83.75848,
              25.38948
            ],
            [
              83.76895,
              25.38662
            ],
            [
              83.77118,
              25.39765
            ],
            [
              83.77534,
              25.39954
            ],
            [
              83.78946,
              25.39708
            ],
            [
              83.80729,
              25.40968
            ],
            [
              83.81382,
              25.4222
            ],
            [
              83.79993,
              25.42628
            ],
            [
              83.80184,
              25.43074
            ],
            [
              83.81163,
              25.43033
            ],
            [
              83.8307,
              25.4368
            ],
            [
              83.83342,
              25.43599
            ],
            [
              83.83307,
              25.4315
            ],
            [
              83.84634,
              25.43511
            ],
            [
              83.84603,
              25.44115
            ],
            [
              83.84225,
              25.44738
            ],
            [
              83.82411,
              25.44667
            ],
            [
              83.81932,
              25.45087
            ],
            [
              83.81295,
              25.44885
            ],
            [
              83.8149,
              25.45995
            ],
            [
              83.81887,
              25.46488
            ],
            [
              83.82393,
              25.46634
            ],
            [
              83.83052,
              25.45872
            ],
            [
              83.83395,
              25.45824
            ],
            [
              83.85583,
              25.46835
            ],
            [
              83.8632,
              25.48398
            ],
            [
              83.87071,
              25.4878
            ],
            [
              83.87149,
              25.49336
            ],
            [
              83.8776,
              25.49977
            ],
            [
              83.87481,
              25.51474
            ],
            [
              83.88146,
              25.51875
            ]
          ],
          [
            [
              83.68057,
              25.2973
            ],
            [
              83.67888,
              25.30407
            ],
            [
              83.68319,
              25.30803
            ],
            [
              83.68205,
              25.3128
            ],
            [
              83.68451,
              25.31389
            ],
            [
              83.67524,
              25.31747
            ],
            [
              83.68159,
              25.32071
            ],
            [
              83.68065,
              25.32512
            ],
            [
              83.67497,
              25.32434
            ],
            [
              83.68003,
              25.33274
            ],
            [
              83.66947,
              25.33974
            ],
            [
              83.68054,
              25.33927
            ],
            [
              83.67456,
              25.34515
            ],
            [
              83.67846,
              25.34684
            ],
            [
              83.67697,
              25.35452
            ],
            [
              83.68262,
              25.35993
            ],
            [
              83.67984,
              25.3613
            ],
            [
              83.68104,
              25.36582
            ]
          ]
        ]
      }
    },
    {
      "type": "Feature",
      "properties": {
        "name": "Son",
        "name_hi": null,
        "name_en": null,
        "waterway": "river",
        "osm_ids": [
          "way/178708193",
          "way/178708198"
        ],
        "osm_primary_id": "way/178708193",
        "source": "OpenStreetMap",
        "source_url": "https://www.openstreetmap.org/way/178708193",
        "wikidata": null,
        "wikipedia": null,
        "segment_count": 2
      },
      "geometry": {
        "type": "MultiLineString",
        "coordinates": [
          [
            [
              83.68782,
              24.50859
            ],
            [
              83.71702,
              24.50962
            ],
            [
              83.73895,
              24.50347
            ],
            [
              83.75462,
              24.50351
            ],
            [
              83.76479,
              24.50687
            ],
            [
              83.77019,
              24.5121
            ],
            [
              83.79311,
              24.513
            ],
            [
              83.79607,
              24.51878
            ],
            [
              83.80886,
              24.52405
            ],
            [
              83.81989,
              24.53678
            ],
            [
              83.83148,
              24.54037
            ],
            [
              83.85931,
              24.54408
            ],
            [
              83.87772,
              24.54273
            ],
            [
              83.89074,
              24.54751
            ],
            [
              83.90156,
              24.54855
            ],
            [
              83.91222,
              24.54857
            ],
            [
              83.91729,
              24.54334
            ],
            [
              83.92291,
              24.54199
            ],
            [
              83.94548,
              24.54744
            ],
            [
              83.95271,
              24.54515
            ],
            [
              83.95411,
              24.5514
            ],
            [
              83.96889,
              24.55895
            ],
            [
              83.97295,
              24.56398
            ],
            [
              83.97846,
              24.59267
            ],
            [
              83.9967,
              24.60293
            ],
            [
              84.00533,
              24.61148
            ],
            [
              84.00674,
              24.62127
            ],
            [
              84.01241,
              24.62833
            ],
            [
              84.01181,
              24.65872
            ],
            [
              84.01438,
              24.66808
            ],
            [
              84.0197,
              24.67662
            ],
            [
              84.0282,
              24.68282
            ],
            [
              84.03112,
              24.7013
            ],
            [
              84.04399,
              24.71113
            ],
            [
              84.04674,
              24.71744
            ],
            [
              84.04481,
              24.73331
            ],
            [
              84.04271,
              24.73557
            ],
            [
              84.04387,
              24.74418
            ],
            [
              84.05979,
              24.7524
            ],
            [
              84.06208,
              24.77111
            ],
            [
              84.06929,
              24.77795
            ],
            [
              84.07215,
              24.78578
            ],
            [
              84.08706,
              24.80189
            ],
            [
              84.10785,
              24.80664
            ],
            [
              84.12261,
              24.81611
            ],
            [
              84.13008,
              24.82557
            ],
            [
              84.1403,
              24.84935
            ],
            [
              84.15017,
              24.8569
            ],
            [
              84.15446,
              24.86681
            ],
            [
              84.16787,
              24.87587
            ],
            [
              84.1818,
              24.89004
            ],
            [
              84.18922,
              24.90111
            ],
            [
              84.20147,
              24.89948
            ],
            [
              84.21025,
              24.90409
            ],
            [
              84.21887,
              24.90516
            ],
            [
              84.22563,
              24.91186
            ],
            [
              84.23188,
              24.91133
            ],
            [
              84.23943,
              24.91606
            ],
            [
              84.24078,
              24.92094
            ],
            [
              84.25349,
              24.92238
            ],
            [
              84.25872,
              24.92731
            ],
            [
              84.25879,
              24.93246
            ],
            [
              84.26808,
              24.93488
            ],
            [
              84.27061,
              24.94511
            ],
            [
              84.27381,
              24.94896
            ],
            [
              84.27275,
              24.96991
            ],
            [
              84.27681,
              24.97289
            ],
            [
              84.2793,
              24.99222
            ],
            [
              84.30818,
              25.03267
            ],
            [
              84.31945,
              25.03963
            ],
            [
              84.32659,
              25.03975
            ],
            [
              84.33848,
              25.04849
            ],
            [
              84.34479,
              25.04884
            ],
            [
              84.35429,
              25.05349
            ],
            [
              84.35953,
              25.05269
            ],
            [
              84.37322,
              25.0615
            ],
            [
              84.37833,
              25.06123
            ],
            [
              84.39764,
              25.0685
            ],
            [
              84.40957,
              25.06735
            ],
            [
              84.41274,
              25.06323
            ],
            [
              84.41639,
              25.06298
            ],
            [
              84.42023,
              25.07104
            ],
            [
              84.42957,
              25.07351
            ],
            [
              84.42935,
              25.09572
            ],
            [
              84.43753,
              25.09885
            ],
            [
              84.43729,
              25.10678
            ],
            [
              84.44834,
              25.11508
            ],
            [
              84.44983,
              25.13022
            ],
            [
              84.46422,
              25.14229
            ],
            [
              84.47617,
              25.16302
            ],
            [
              84.47982,
              25.17426
            ],
            [
              84.47572,
              25.1845
            ],
            [
              84.48124,
              25.19465
            ],
            [
              84.51246,
              25.19599
            ],
            [
              84.51739,
              25.20182
            ],
            [
              84.51851,
              25.20756
            ],
            [
              84.52965,
              25.2176
            ],
            [
              84.55239,
              25.22129
            ],
            [
              84.56466,
              25.2189
            ],
            [
              84.57091,
              25.22292
            ],
            [
              84.57175,
              25.22798
            ],
            [
              84.59046,
              25.2374
            ],
            [
              84.60024,
              25.23435
            ],
            [
              84.60556,
              25.23918
            ],
            [
              84.61464,
              25.23984
            ],
            [
              84.62354,
              25.24483
            ],
            [
              84.64437,
              25.24527
            ],
            [
              84.66382,
              25.25871
            ],
            [
              84.66427,
              25.26593
            ],
            [
              84.67397,
              25.27642
            ],
            [
              84.67674,
              25.28411
            ],
            [
              84.67569,
              25.30326
            ],
            [
              84.69156,
              25.31561
            ],
            [
              84.7195,
              25.3217
            ],
            [
              84.72618,
              25.3288
            ],
            [
              84.7357,
              25.3549
            ],
            [
              84.73523,
              25.37311
            ],
            [
              84.73783,
              25.37619
            ],
            [
              84.74403,
              25.37515
            ],
            [
              84.74718,
              25.37914
            ],
            [
              84.74375,
              25.38755
            ],
            [
              84.74617,
              25.39151
            ],
            [
              84.74667,
              25.40849
            ],
            [
              84.76057,
              25.42657
            ],
            [
              84.77866,
              25.43632
            ],
            [
              84.78072,
              25.44736
            ],
            [
              84.77697,
              25.44951
            ],
            [
              84.77669,
              25.45876
            ],
            [
              84.77128,
              25.4628
            ],
            [
              84.771,
              25.47406
            ],
            [
              84.76373,
              25.48129
            ],
            [
              84.75933,
              25.49891
            ],
            [
              84.76806,
              25.50431
            ],
            [
              84.77137,
              25.50991
            ],
            [
              84.76943,
              25.51806
            ],
            [
              84.77306,
              25.53443
            ],
            [
              84.77096,
              25.54016
            ],
            [
              84.77237,
              25.5474
            ],
            [
              84.78036,
              25.55413
            ],
            [
              84.79347,
              25.5589
            ],
            [
              84.80102,
              25.58027
            ],
            [
              84.81016,
              25.58808
            ],
            [
              84.81029,
              25.61022
            ],
            [
              84.81943,
              25.62934
            ],
            [
              84.82956,
              25.64137
            ],
            [
              84.8325,
              25.66445
            ],
            [
              84.83025,
              25.67561
            ],
            [
              84.83784,
              25.6944
            ],
            [
              84.84318,
              25.7008
            ],
            [
              84.85117,
              25.70531
            ],
            [
              84.87127,
              25.71064
            ]
          ],
          [
            [
              83.21197,
              24.46596
            ],
            [
              83.22625,
              24.46928
            ],
            [
              83.24195,
              24.4649
            ],
            [
              83.25687,
              24.47009
            ],
            [
              83.28758,
              24.46613
            ],
            [
              83.30298,
              24.47171
            ],
            [
              83.31336,
              24.48297
            ],
            [
              83.33915,
              24.48637
            ],
            [
              83.34387,
              24.49359
            ],
            [
              83.35246,
              24.49551
            ],
            [
              83.36027,
              24.50214
            ],
            [
              83.36889,
              24.50472
            ],
            [
              83.37726,
              24.50601
            ],
            [
              83.38863,
              24.5023
            ],
            [
              83.40836,
              24.50928
            ],
            [
              83.42975,
              24.50844
            ],
            [
              83.46413,
              24.52009
            ],
            [
              83.48932,
              24.5226
            ],
            [
              83.51167,
              24.5293
            ],
            [
              83.52433,
              24.53063
            ],
            [
              83.55008,
              24.53056
            ],
            [
              83.57014,
              24.52687
            ],
            [
              83.58839,
              24.51765
            ],
            [
              83.59266,
              24.50928
            ],
            [
              83.59708,
              24.50585
            ],
            [
              83.62665,
              24.50752
            ],
            [
              83.64569,
              24.51227
            ],
            [
              83.66266,
              24.50669
            ],
            [
              83.68374,
              24.50535
            ],
            [
              83.68782,
              24.50859
            ]
          ]
        ]
      }
    },
    {
      "type": "Feature",
      "properties": {
        "name": "जमनी नदी",
        "name_hi": null,
        "name_en": "Jamni River",
        "waterway": "river",
        "osm_ids": [
          "way/235335218",
          "way/1125439560"
        ],
        "osm_primary_id": "way/235335218",
        "source": "OpenStreetMap",
        "source_url": "https://www.openstreetmap.org/way/235335218",
        "wikidata": null,
        "wikipedia": null,
        "segment_count": 2
      },
      "geometry": {
        "type": "MultiLineString",
        "coordinates": [
          [
            [
              85.13483,
              26.99023
            ],
            [
              85.13091,
              26.97891
            ],
            [
              85.12796,
              26.9807
            ],
            [
              85.12541,
              26.97925
            ],
            [
              85.12766,
              26.97565
            ],
            [
              85.12954,
              26.97714
            ],
            [
              85.12831,
              26.974
            ],
            [
              85.13194,
              26.97214
            ],
            [
              85.12819,
              26.96648
            ],
            [
              85.13442,
              26.96767
            ],
            [
              85.13464,
              26.96388
            ],
            [
              85.13755,
              26.96485
            ],
            [
              85.14134,
              26.96175
            ],
            [
              85.1384,
              26.95943
            ],
            [
              85.1396,
              26.95602
            ],
            [
              85.13343,
              26.95817
            ],
            [
              85.13191,
              26.95387
            ],
            [
              85.11905,
              26.95275
            ],
            [
              85.11871,
              26.94722
            ],
            [
              85.11414,
              26.94877
            ],
            [
              85.1096,
              26.94653
            ],
            [
              85.11334,
              26.94134
            ],
            [
              85.1101,
              26.93871
            ],
            [
              85.11059,
              26.93321
            ],
            [
              85.10586,
              26.93365
            ],
            [
              85.10891,
              26.92999
            ],
            [
              85.10204,
              26.932
            ],
            [
              85.09773,
              26.92678
            ],
            [
              85.10203,
              26.91909
            ],
            [
              85.09853,
              26.91789
            ],
            [
              85.09334,
              26.9224
            ],
            [
              85.08912,
              26.91956
            ],
            [
              85.09071,
              26.91553
            ],
            [
              85.08693,
              26.91768
            ],
            [
              85.08564,
              26.91237
            ],
            [
              85.08069,
              26.91382
            ],
            [
              85.08119,
              26.91686
            ],
            [
              85.07824,
              26.91791
            ],
            [
              85.07644,
              26.91235
            ],
            [
              85.07142,
              26.90997
            ],
            [
              85.05687,
              26.91081
            ],
            [
              85.05531,
              26.90757
            ],
            [
              85.06173,
              26.90455
            ],
            [
              85.0591,
              26.8975
            ],
            [
              85.05404,
              26.89512
            ],
            [
              85.05379,
              26.89136
            ],
            [
              85.05074,
              26.88921
            ],
            [
              85.05598,
              26.88629
            ],
            [
              85.05479,
              26.88181
            ],
            [
              85.03715,
              26.87805
            ],
            [
              85.03642,
              26.87177
            ],
            [
              85.02953,
              26.87529
            ],
            [
              85.03085,
              26.86402
            ],
            [
              85.02634,
              26.86285
            ],
            [
              85.03264,
              26.85823
            ],
            [
              85.02841,
              26.85616
            ],
            [
              85.02354,
              26.85725
            ],
            [
              85.02648,
              26.85011
            ],
            [
              85.02379,
              26.84594
            ],
            [
              85.01905,
              26.84706
            ],
            [
              85.01722,
              26.83786
            ],
            [
              85.02074,
              26.83473
            ],
            [
              85.02826,
              26.83537
            ],
            [
              85.02727,
              26.83148
            ],
            [
              85.02113,
              26.83167
            ],
            [
              85.01978,
              26.82978
            ],
            [
              85.02281,
              26.82699
            ],
            [
              85.01995,
              26.82356
            ],
            [
              85.02309,
              26.81595
            ],
            [
              85.01965,
              26.79925
            ],
            [
              85.0245,
              26.79508
            ],
            [
              85.01394,
              26.78788
            ],
            [
              85.01273,
              26.78417
            ],
            [
              85.00952,
              26.78698
            ],
            [
              85.00101,
              26.77566
            ],
            [
              85.00399,
              26.75881
            ],
            [
              84.99756,
              26.75673
            ],
            [
              85.00223,
              26.75453
            ],
            [
              85.00461,
              26.74983
            ],
            [
              85.00144,
              26.74686
            ],
            [
              85.00161,
              26.74082
            ],
            [
              84.99682,
              26.74117
            ],
            [
              84.99854,
              26.73867
            ],
            [
              84.99366,
              26.7314
            ],
            [
              84.98783,
              26.73514
            ],
            [
              84.98831,
              26.73235
            ],
            [
              84.98421,
              26.72719
            ],
            [
              84.97721,
              26.72363
            ],
            [
              84.97109,
              26.7265
            ],
            [
              84.97262,
              26.71718
            ],
            [
              84.96975,
              26.71589
            ]
          ],
          [
            [
              85.0941,
              26.92177
            ],
            [
              85.09681,
              26.92517
            ],
            [
              85.09221,
              26.927
            ],
            [
              85.09364,
              26.92235
            ]
          ]
        ]
      }
    },
    {
      "type": "Feature",
      "properties": {
        "name": "Dardha",
        "name_hi": null,
        "name_en": null,
        "waterway": "river",
        "osm_ids": [
          "way/247611459",
          "way/247740982"
        ],
        "osm_primary_id": "way/247611459",
        "source": "OpenStreetMap",
        "source_url": "https://www.openstreetmap.org/way/247611459",
        "wikidata": null,
        "wikipedia": null,
        "segment_count": 2
      },
      "geometry": {
        "type": "MultiLineString",
        "coordinates": [
          [
            [
              85.00015,
              25.21619
            ],
            [
              85.00661,
              25.2155
            ],
            [
              85.00989,
              25.22728
            ],
            [
              85.01712,
              25.22563
            ],
            [
              85.02336,
              25.23023
            ],
            [
              85.02506,
              25.24044
            ],
            [
              85.02239,
              25.24572
            ],
            [
              85.02696,
              25.2515
            ],
            [
              85.02639,
              25.26469
            ],
            [
              85.03022,
              25.26786
            ],
            [
              85.03056,
              25.27591
            ],
            [
              85.0359,
              25.27683
            ],
            [
              85.03764,
              25.28349
            ],
            [
              85.04205,
              25.28058
            ],
            [
              85.04644,
              25.28496
            ],
            [
              85.05334,
              25.28281
            ],
            [
              85.05571,
              25.2889
            ],
            [
              85.05986,
              25.28968
            ],
            [
              85.06337,
              25.29632
            ],
            [
              85.07266,
              25.2969
            ],
            [
              85.07319,
              25.30556
            ],
            [
              85.0781,
              25.31454
            ],
            [
              85.07415,
              25.31826
            ],
            [
              85.07655,
              25.32124
            ],
            [
              85.07486,
              25.32957
            ],
            [
              85.07896,
              25.33055
            ],
            [
              85.07934,
              25.33583
            ],
            [
              85.08754,
              25.33051
            ],
            [
              85.09077,
              25.33135
            ],
            [
              85.08649,
              25.33741
            ],
            [
              85.09223,
              25.34232
            ],
            [
              85.08723,
              25.34699
            ],
            [
              85.09296,
              25.34928
            ],
            [
              85.08986,
              25.35147
            ],
            [
              85.08891,
              25.35703
            ],
            [
              85.09109,
              25.36284
            ],
            [
              85.09634,
              25.36305
            ],
            [
              85.09285,
              25.36699
            ],
            [
              85.09446,
              25.37377
            ],
            [
              85.10145,
              25.37745
            ],
            [
              85.10288,
              25.37182
            ],
            [
              85.11099,
              25.3703
            ],
            [
              85.12284,
              25.37788
            ],
            [
              85.12241,
              25.382
            ],
            [
              85.12612,
              25.385
            ],
            [
              85.12996,
              25.38163
            ],
            [
              85.13304,
              25.38426
            ],
            [
              85.14003,
              25.38289
            ],
            [
              85.14421,
              25.37823
            ],
            [
              85.14572,
              25.38836
            ],
            [
              85.14935,
              25.38596
            ],
            [
              85.15296,
              25.38762
            ],
            [
              85.15317,
              25.39153
            ],
            [
              85.15019,
              25.39201
            ],
            [
              85.1533,
              25.39393
            ],
            [
              85.15259,
              25.39808
            ],
            [
              85.15824,
              25.40139
            ],
            [
              85.16361,
              25.39726
            ],
            [
              85.16705,
              25.40233
            ],
            [
              85.1665,
              25.40525
            ],
            [
              85.17052,
              25.40415
            ],
            [
              85.17659,
              25.40876
            ],
            [
              85.17489,
              25.41164
            ],
            [
              85.17749,
              25.41866
            ],
            [
              85.18325,
              25.41854
            ],
            [
              85.18041,
              25.4232
            ],
            [
              85.18327,
              25.42699
            ],
            [
              85.18231,
              25.43559
            ],
            [
              85.18658,
              25.4383
            ],
            [
              85.1809,
              25.44035
            ],
            [
              85.18474,
              25.44246
            ],
            [
              85.18267,
              25.44512
            ],
            [
              85.18485,
              25.44708
            ],
            [
              85.18156,
              25.45119
            ],
            [
              85.18494,
              25.45605
            ],
            [
              85.18917,
              25.4545
            ],
            [
              85.1872,
              25.46448
            ],
            [
              85.18164,
              25.46773
            ],
            [
              85.18688,
              25.47124
            ],
            [
              85.18988,
              25.47073
            ],
            [
              85.193,
              25.47721
            ],
            [
              85.19592,
              25.47801
            ],
            [
              85.19256,
              25.48043
            ],
            [
              85.19518,
              25.48297
            ],
            [
              85.19263,
              25.4843
            ],
            [
              85.19319,
              25.4902
            ]
          ],
          [
            [
              84.9011,
              25.04132
            ],
            [
              84.90925,
              25.04334
            ],
            [
              84.90852,
              25.0512
            ],
            [
              84.91771,
              25.05998
            ],
            [
              84.91827,
              25.06904
            ],
            [
              84.93037,
              25.07248
            ],
            [
              84.93247,
              25.07915
            ],
            [
              84.9441,
              25.07724
            ],
            [
              84.94826,
              25.08739
            ],
            [
              84.94882,
              25.09908
            ],
            [
              84.95483,
              25.10274
            ],
            [
              84.95706,
              25.10864
            ],
            [
              84.96342,
              25.10924
            ],
            [
              84.96736,
              25.11292
            ],
            [
              84.96594,
              25.12275
            ],
            [
              84.96955,
              25.13316
            ],
            [
              84.96574,
              25.14363
            ],
            [
              84.97191,
              25.14761
            ],
            [
              84.97032,
              25.15107
            ],
            [
              84.96397,
              25.14971
            ],
            [
              84.96264,
              25.15154
            ],
            [
              84.96612,
              25.15632
            ],
            [
              84.96491,
              25.16704
            ],
            [
              84.97079,
              25.17096
            ],
            [
              84.96865,
              25.17473
            ],
            [
              84.96427,
              25.17628
            ],
            [
              84.9674,
              25.1811
            ],
            [
              84.96312,
              25.18426
            ],
            [
              84.96861,
              25.18762
            ],
            [
              84.96667,
              25.1936
            ],
            [
              84.97127,
              25.2028
            ],
            [
              84.98054,
              25.20102
            ],
            [
              84.981,
              25.20871
            ],
            [
              84.98448,
              25.20956
            ],
            [
              84.98908,
              25.20529
            ],
            [
              84.99148,
              25.21337
            ],
            [
              84.99744,
              25.21309
            ],
            [
              85.00015,
              25.21619
            ]
          ]
        ]
      }
    },
    {
      "type": "Feature",
      "properties": {
        "name": "Sakri",
        "name_hi": null,
        "name_en": null,
        "waterway": "river",
        "osm_ids": [
          "way/247658876",
          "way/275068116"
        ],
        "osm_primary_id": "way/247658876",
        "source": "OpenStreetMap",
        "source_url": "https://www.openstreetmap.org/way/247658876",
        "wikidata": null,
        "wikipedia": null,
        "segment_count": 2
      },
      "geometry": {
        "type": "MultiLineString",
        "coordinates": [
          [
            [
              86.06902,
              24.61414
            ],
            [
              86.06129,
              24.6182
            ],
            [
              86.05222,
              24.6144
            ],
            [
              86.04039,
              24.6199
            ],
            [
              86.03608,
              24.61569
            ],
            [
              86.02183,
              24.61799
            ],
            [
              86.01754,
              24.62589
            ],
            [
              86.0049,
              24.63635
            ],
            [
              85.99959,
              24.63476
            ],
            [
              85.99117,
              24.62491
            ],
            [
              85.98514,
              24.6223
            ],
            [
              85.98365,
              24.61324
            ],
            [
              85.98067,
              24.60943
            ],
            [
              85.96655,
              24.60584
            ],
            [
              85.9576,
              24.60058
            ],
            [
              85.93977,
              24.59827
            ],
            [
              85.93317,
              24.60456
            ],
            [
              85.91194,
              24.60836
            ],
            [
              85.90411,
              24.62294
            ],
            [
              85.89828,
              24.62752
            ],
            [
              85.89514,
              24.63471
            ],
            [
              85.89529,
              24.64638
            ],
            [
              85.89225,
              24.65006
            ],
            [
              85.87218,
              24.65805
            ],
            [
              85.85882,
              24.67555
            ],
            [
              85.84773,
              24.68218
            ],
            [
              85.84224,
              24.68906
            ],
            [
              85.83491,
              24.71015
            ],
            [
              85.81305,
              24.72507
            ],
            [
              85.81168,
              24.73601
            ],
            [
              85.80123,
              24.73951
            ],
            [
              85.79636,
              24.74942
            ],
            [
              85.79155,
              24.75356
            ],
            [
              85.75969,
              24.76337
            ],
            [
              85.75351,
              24.76756
            ],
            [
              85.73819,
              24.78557
            ],
            [
              85.72642,
              24.78688
            ],
            [
              85.70634,
              24.78
            ],
            [
              85.69898,
              24.78396
            ],
            [
              85.69599,
              24.79326
            ],
            [
              85.66705,
              24.78621
            ],
            [
              85.65397,
              24.78841
            ]
          ],
          [
            [
              87.20035,
              24.63354
            ],
            [
              87.20025,
              24.63787
            ],
            [
              87.19341,
              24.64023
            ],
            [
              87.18784,
              24.64802
            ],
            [
              87.17779,
              24.65022
            ],
            [
              87.17736,
              24.66102
            ],
            [
              87.17343,
              24.66232
            ],
            [
              87.16904,
              24.67234
            ],
            [
              87.16621,
              24.67258
            ],
            [
              87.15253,
              24.68631
            ],
            [
              87.14802,
              24.68598
            ],
            [
              87.14637,
              24.69297
            ],
            [
              87.13875,
              24.6962
            ],
            [
              87.13863,
              24.70043
            ],
            [
              87.13436,
              24.70507
            ],
            [
              87.12796,
              24.70615
            ],
            [
              87.12594,
              24.71339
            ],
            [
              87.11713,
              24.71668
            ],
            [
              87.11637,
              24.72375
            ],
            [
              87.11136,
              24.73025
            ],
            [
              87.10568,
              24.73261
            ],
            [
              87.10371,
              24.73708
            ]
          ]
        ]
      }
    },
    {
      "type": "Feature",
      "properties": {
        "name": "Ulai",
        "name_hi": null,
        "name_en": null,
        "waterway": "river",
        "osm_ids": [
          "way/247785975",
          "way/247787298"
        ],
        "osm_primary_id": "way/247785975",
        "source": "OpenStreetMap",
        "source_url": "https://www.openstreetmap.org/way/247785975",
        "wikidata": null,
        "wikipedia": null,
        "segment_count": 2
      },
      "geometry": {
        "type": "MultiLineString",
        "coordinates": [
          [
            [
              86.45312,
              24.63845
            ],
            [
              86.45366,
              24.64194
            ],
            [
              86.47006,
              24.64393
            ],
            [
              86.47429,
              24.64747
            ],
            [
              86.47453,
              24.65159
            ],
            [
              86.47793,
              24.65487
            ],
            [
              86.4767,
              24.65912
            ],
            [
              86.48403,
              24.66273
            ],
            [
              86.48631,
              24.66733
            ],
            [
              86.48408,
              24.66956
            ],
            [
              86.48762,
              24.67044
            ],
            [
              86.48629,
              24.6727
            ],
            [
              86.49054,
              24.68081
            ],
            [
              86.48269,
              24.68374
            ],
            [
              86.4821,
              24.687
            ],
            [
              86.47892,
              24.6859
            ],
            [
              86.47644,
              24.6931
            ],
            [
              86.47018,
              24.6953
            ],
            [
              86.47219,
              24.69868
            ],
            [
              86.46861,
              24.69973
            ],
            [
              86.46089,
              24.70939
            ],
            [
              86.45912,
              24.71576
            ],
            [
              86.4549,
              24.71651
            ],
            [
              86.45206,
              24.72079
            ],
            [
              86.44437,
              24.72137
            ],
            [
              86.43182,
              24.73191
            ],
            [
              86.42071,
              24.73479
            ],
            [
              86.4204,
              24.74544
            ],
            [
              86.41541,
              24.74243
            ],
            [
              86.40068,
              24.75131
            ],
            [
              86.39895,
              24.75599
            ],
            [
              86.40304,
              24.75907
            ],
            [
              86.39869,
              24.76436
            ],
            [
              86.39431,
              24.76644
            ],
            [
              86.36695,
              24.7661
            ],
            [
              86.35048,
              24.77752
            ],
            [
              86.35075,
              24.78481
            ],
            [
              86.348,
              24.78829
            ],
            [
              86.33464,
              24.79442
            ],
            [
              86.32741,
              24.80119
            ],
            [
              86.32286,
              24.8139
            ],
            [
              86.31277,
              24.82375
            ],
            [
              86.31141,
              24.83875
            ],
            [
              86.29994,
              24.85194
            ],
            [
              86.29611,
              24.85825
            ],
            [
              86.29466,
              24.86922
            ],
            [
              86.28721,
              24.87803
            ],
            [
              86.28555,
              24.89664
            ],
            [
              86.27611,
              24.91244
            ],
            [
              86.26647,
              24.91548
            ],
            [
              86.26491,
              24.92318
            ],
            [
              86.25202,
              24.94041
            ],
            [
              86.24674,
              24.94385
            ]
          ],
          [
            [
              86.28721,
              24.87803
            ],
            [
              86.28082,
              24.88298
            ],
            [
              86.27811,
              24.89965
            ],
            [
              86.27981,
              24.90619
            ]
          ]
        ]
      }
    },
    {
      "type": "Feature",
      "properties": {
        "name": "Gerua",
        "name_hi": null,
        "name_en": null,
        "waterway": "river",
        "osm_ids": [
          "way/247788778",
          "way/421207913"
        ],
        "osm_primary_id": "way/247788778",
        "source": "OpenStreetMap",
        "source_url": "https://www.openstreetmap.org/way/247788778",
        "wikidata": null,
        "wikipedia": null,
        "segment_count": 2
      },
      "geometry": {
        "type": "MultiLineString",
        "coordinates": [
          [
            [
              87.14664,
              24.9064
            ],
            [
              87.14307,
              24.91216
            ],
            [
              87.14325,
              24.92072
            ],
            [
              87.152,
              24.93187
            ],
            [
              87.14413,
              24.94423
            ],
            [
              87.14872,
              24.95966
            ],
            [
              87.14843,
              24.97069
            ],
            [
              87.14624,
              24.97341
            ],
            [
              87.15107,
              24.99084
            ],
            [
              87.14568,
              25.00941
            ],
            [
              87.14591,
              25.01876
            ],
            [
              87.15139,
              25.02603
            ],
            [
              87.15899,
              25.02878
            ],
            [
              87.16404,
              25.0384
            ],
            [
              87.16764,
              25.04
            ],
            [
              87.16623,
              25.04608
            ],
            [
              87.17269,
              25.04862
            ],
            [
              87.18008,
              25.06468
            ],
            [
              87.1938,
              25.06792
            ],
            [
              87.19875,
              25.07181
            ],
            [
              87.20252,
              25.0796
            ],
            [
              87.21343,
              25.08337
            ],
            [
              87.21092,
              25.09421
            ],
            [
              87.21662,
              25.09813
            ],
            [
              87.21677,
              25.10761
            ],
            [
              87.20605,
              25.11128
            ],
            [
              87.20055,
              25.11
            ],
            [
              87.19445,
              25.11547
            ],
            [
              87.19456,
              25.11985
            ],
            [
              87.19948,
              25.1236
            ],
            [
              87.19415,
              25.13
            ],
            [
              87.19496,
              25.13522
            ],
            [
              87.19184,
              25.1409
            ],
            [
              87.19877,
              25.1468
            ],
            [
              87.18903,
              25.15511
            ],
            [
              87.18714,
              25.16266
            ],
            [
              87.18025,
              25.1625
            ],
            [
              87.17806,
              25.16483
            ],
            [
              87.18723,
              25.18078
            ],
            [
              87.18684,
              25.19058
            ],
            [
              87.19041,
              25.1924
            ],
            [
              87.1902,
              25.19673
            ],
            [
              87.19319,
              25.19797
            ],
            [
              87.19566,
              25.20513
            ],
            [
              87.19209,
              25.2111
            ],
            [
              87.19636,
              25.21242
            ],
            [
              87.19224,
              25.21803
            ],
            [
              87.19422,
              25.22163
            ],
            [
              87.20309,
              25.22481
            ],
            [
              87.20537,
              25.23072
            ],
            [
              87.21135,
              25.23375
            ],
            [
              87.22289,
              25.24748
            ],
            [
              87.22436,
              25.26775
            ]
          ],
          [
            [
              87.16829,
              25.04146
            ],
            [
              87.17139,
              25.04709
            ]
          ]
        ]
      }
    },
    {
      "type": "Feature",
      "properties": {
        "name": "Tribani",
        "name_hi": null,
        "name_en": null,
        "waterway": "river",
        "osm_ids": [
          "way/275302811",
          "way/275302815"
        ],
        "osm_primary_id": "way/275302811",
        "source": "OpenStreetMap",
        "source_url": "https://www.openstreetmap.org/way/275302811",
        "wikidata": null,
        "wikipedia": null,
        "segment_count": 2
      },
      "geometry": {
        "type": "MultiLineString",
        "coordinates": [
          [
            [
              87.06548,
              24.81561
            ],
            [
              87.06864,
              24.81898
            ],
            [
              87.06861,
              24.83075
            ],
            [
              87.073,
              24.84441
            ],
            [
              87.07708,
              24.8466
            ],
            [
              87.09152,
              24.84702
            ],
            [
              87.11045,
              24.86067
            ],
            [
              87.11722,
              24.85985
            ]
          ],
          [
            [
              87.10371,
              24.73708
            ],
            [
              87.09114,
              24.74717
            ],
            [
              87.08188,
              24.78108
            ],
            [
              87.07287,
              24.78277
            ],
            [
              87.05829,
              24.79738
            ],
            [
              87.0582,
              24.80575
            ],
            [
              87.06548,
              24.81561
            ]
          ]
        ]
      }
    },
    {
      "type": "Feature",
      "properties": {
        "name": "Madad",
        "name_hi": null,
        "name_en": null,
        "waterway": "river",
        "osm_ids": [
          "way/317920430",
          "way/762822539"
        ],
        "osm_primary_id": "way/317920430",
        "source": "OpenStreetMap",
        "source_url": "https://www.openstreetmap.org/way/317920430",
        "wikidata": null,
        "wikipedia": null,
        "segment_count": 2
      },
      "geometry": {
        "type": "MultiLineString",
        "coordinates": [
          [
            [
              84.53719,
              24.78065
            ],
            [
              84.53769,
              24.78499
            ]
          ],
          [
            [
              84.53912,
              24.78416
            ],
            [
              84.5366,
              24.78695
            ],
            [
              84.53925,
              24.78905
            ],
            [
              84.53771,
              24.79154
            ],
            [
              84.53937,
              24.79461
            ],
            [
              84.5367,
              24.79541
            ],
            [
              84.53398,
              24.80101
            ],
            [
              84.53023,
              24.8019
            ],
            [
              84.53051,
              24.80674
            ],
            [
              84.52688,
              24.8084
            ],
            [
              84.52835,
              24.81169
            ],
            [
              84.52257,
              24.81696
            ],
            [
              84.52413,
              24.82021
            ],
            [
              84.52059,
              24.82796
            ],
            [
              84.51304,
              24.82985
            ],
            [
              84.5038,
              24.8414
            ],
            [
              84.50967,
              24.84295
            ],
            [
              84.5138,
              24.85487
            ],
            [
              84.52151,
              24.85568
            ],
            [
              84.51791,
              24.86087
            ],
            [
              84.52539,
              24.86315
            ],
            [
              84.52697,
              24.86612
            ],
            [
              84.52327,
              24.86777
            ],
            [
              84.52604,
              24.86812
            ],
            [
              84.529,
              24.873
            ],
            [
              84.52765,
              24.87503
            ],
            [
              84.53011,
              24.87514
            ],
            [
              84.52728,
              24.87708
            ],
            [
              84.53109,
              24.8838
            ],
            [
              84.53449,
              24.88331
            ],
            [
              84.53748,
              24.88976
            ],
            [
              84.54273,
              24.88975
            ],
            [
              84.54301,
              24.89319
            ],
            [
              84.54642,
              24.89266
            ],
            [
              84.54799,
              24.89659
            ],
            [
              84.55042,
              24.89676
            ],
            [
              84.54928,
              24.89906
            ],
            [
              84.55299,
              24.89807
            ],
            [
              84.55154,
              24.90275
            ],
            [
              84.54816,
              24.90408
            ],
            [
              84.55104,
              24.90504
            ],
            [
              84.54911,
              24.91054
            ],
            [
              84.55231,
              24.912
            ],
            [
              84.55092,
              24.91493
            ],
            [
              84.55355,
              24.91452
            ],
            [
              84.55149,
              24.91667
            ],
            [
              84.55277,
              24.92068
            ],
            [
              84.5593,
              24.92673
            ],
            [
              84.55672,
              24.92966
            ],
            [
              84.558,
              24.93176
            ],
            [
              84.55508,
              24.93232
            ],
            [
              84.56059,
              24.93457
            ],
            [
              84.55914,
              24.94071
            ],
            [
              84.56168,
              24.94108
            ],
            [
              84.56227,
              24.94484
            ],
            [
              84.55981,
              24.95151
            ],
            [
              84.5632,
              24.95252
            ],
            [
              84.5642,
              24.95763
            ],
            [
              84.5664,
              24.95639
            ],
            [
              84.56515,
              24.95883
            ],
            [
              84.56768,
              24.96609
            ],
            [
              84.56436,
              24.96704
            ],
            [
              84.56182,
              24.97373
            ],
            [
              84.56253,
              24.97786
            ],
            [
              84.5677,
              24.98066
            ]
          ]
        ]
      }
    },
    {
      "type": "Feature",
      "properties": {
        "name": "Koshi river",
        "name_hi": null,
        "name_en": null,
        "waterway": "river",
        "osm_ids": [
          "way/319630066",
          "way/319634696"
        ],
        "osm_primary_id": "way/319630066",
        "source": "OpenStreetMap",
        "source_url": "https://www.openstreetmap.org/way/319630066",
        "wikidata": null,
        "wikipedia": null,
        "segment_count": 2
      },
      "geometry": {
        "type": "MultiLineString",
        "coordinates": [
          [
            [
              86.81117,
              26.18387
            ],
            [
              86.80628,
              26.17365
            ],
            [
              86.8017,
              26.17135
            ],
            [
              86.80153,
              26.16753
            ],
            [
              86.79684,
              26.16628
            ],
            [
              86.79515,
              26.16128
            ],
            [
              86.78365,
              26.15249
            ],
            [
              86.78329,
              26.14569
            ],
            [
              86.78588,
              26.14382
            ],
            [
              86.78404,
              26.14013
            ],
            [
              86.77865,
              26.13737
            ],
            [
              86.76959,
              26.13765
            ],
            [
              86.76354,
              26.13136
            ],
            [
              86.76532,
              26.12527
            ],
            [
              86.76396,
              26.11742
            ],
            [
              86.77516,
              26.10928
            ],
            [
              86.77634,
              26.10281
            ],
            [
              86.77467,
              26.0998
            ],
            [
              86.77672,
              26.0981
            ],
            [
              86.76927,
              26.09807
            ],
            [
              86.77073,
              26.093
            ],
            [
              86.76408,
              26.08288
            ],
            [
              86.76604,
              26.07853
            ],
            [
              86.7614,
              26.07398
            ],
            [
              86.76219,
              26.06501
            ],
            [
              86.76593,
              26.06318
            ],
            [
              86.7686,
              26.05302
            ],
            [
              86.76682,
              26.0451
            ],
            [
              86.76875,
              26.03848
            ],
            [
              86.76636,
              26.038
            ],
            [
              86.76882,
              26.03636
            ],
            [
              86.76565,
              26.03418
            ],
            [
              86.77747,
              26.02882
            ],
            [
              86.77499,
              26.02155
            ],
            [
              86.77847,
              26.01433
            ],
            [
              86.77585,
              26.00821
            ],
            [
              86.779,
              26.00003
            ],
            [
              86.7757,
              25.99386
            ],
            [
              86.77789,
              25.99042
            ],
            [
              86.78261,
              25.98956
            ],
            [
              86.77969,
              25.98348
            ],
            [
              86.78413,
              25.97846
            ],
            [
              86.77793,
              25.96982
            ],
            [
              86.77677,
              25.96336
            ],
            [
              86.7795,
              25.95785
            ],
            [
              86.77819,
              25.9527
            ],
            [
              86.78107,
              25.95179
            ],
            [
              86.78361,
              25.94584
            ],
            [
              86.77791,
              25.93887
            ],
            [
              86.78043,
              25.93501
            ],
            [
              86.7794,
              25.92806
            ],
            [
              86.77264,
              25.92399
            ],
            [
              86.7745,
              25.92229
            ],
            [
              86.7705,
              25.92236
            ],
            [
              86.76863,
              25.91758
            ],
            [
              86.77185,
              25.9118
            ],
            [
              86.77515,
              25.91144
            ],
            [
              86.7703,
              25.90253
            ],
            [
              86.77815,
              25.90194
            ],
            [
              86.77521,
              25.8963
            ],
            [
              86.77139,
              25.89507
            ],
            [
              86.77307,
              25.88074
            ],
            [
              86.77073,
              25.8757
            ],
            [
              86.76051,
              25.87617
            ],
            [
              86.75839,
              25.87312
            ],
            [
              86.7642,
              25.86419
            ],
            [
              86.75853,
              25.85466
            ],
            [
              86.7562,
              25.84439
            ],
            [
              86.76409,
              25.83369
            ],
            [
              86.76285,
              25.82018
            ],
            [
              86.75589,
              25.82031
            ],
            [
              86.74353,
              25.82493
            ],
            [
              86.74332,
              25.82083
            ],
            [
              86.73851,
              25.82034
            ],
            [
              86.73068,
              25.80889
            ],
            [
              86.72653,
              25.80076
            ],
            [
              86.7267,
              25.79268
            ],
            [
              86.71453,
              25.78018
            ],
            [
              86.70789,
              25.76932
            ],
            [
              86.69763,
              25.76268
            ],
            [
              86.6872,
              25.76249
            ],
            [
              86.68705,
              25.75877
            ],
            [
              86.68335,
              25.75722
            ],
            [
              86.67615,
              25.74397
            ],
            [
              86.67999,
              25.73163
            ],
            [
              86.6787,
              25.72881
            ],
            [
              86.68698,
              25.72263
            ],
            [
              86.69166,
              25.71441
            ],
            [
              86.69646,
              25.71409
            ],
            [
              86.69537,
              25.70931
            ],
            [
              86.69902,
              25.70624
            ],
            [
              86.69851,
              25.70056
            ],
            [
              86.70307,
              25.69814
            ],
            [
              86.70295,
              25.69209
            ],
            [
              86.70732,
              25.68914
            ],
            [
              86.70857,
              25.67919
            ],
            [
              86.71729,
              25.67138
            ],
            [
              86.71591,
              25.66659
            ],
            [
              86.71033,
              25.66367
            ],
            [
              86.7032,
              25.65188
            ],
            [
              86.70637,
              25.63914
            ],
            [
              86.69986,
              25.63326
            ],
            [
              86.69269,
              25.63211
            ],
            [
              86.68263,
              25.61746
            ],
            [
              86.68176,
              25.61176
            ],
            [
              86.67488,
              25.6039
            ],
            [
              86.67529,
              25.59972
            ],
            [
              86.68115,
              25.59608
            ],
            [
              86.6758,
              25.58259
            ],
            [
              86.69356,
              25.57051
            ],
            [
              86.69427,
              25.5663
            ]
          ],
          [
            [
              86.95775,
              26.49013
            ],
            [
              86.95189,
              26.48533
            ],
            [
              86.95225,
              26.45123
            ],
            [
              86.94848,
              26.43922
            ],
            [
              86.95116,
              26.43163
            ],
            [
              86.94909,
              26.42371
            ],
            [
              86.9321,
              26.41756
            ],
            [
              86.93272,
              26.40286
            ],
            [
              86.92948,
              26.39001
            ],
            [
              86.93763,
              26.36863
            ],
            [
              86.93224,
              26.35706
            ],
            [
              86.93676,
              26.3497
            ],
            [
              86.93223,
              26.34612
            ],
            [
              86.93141,
              26.33999
            ],
            [
              86.90901,
              26.32135
            ],
            [
              86.90758,
              26.31214
            ],
            [
              86.91233,
              26.30119
            ],
            [
              86.89804,
              26.29118
            ],
            [
              86.89432,
              26.28359
            ],
            [
              86.89366,
              26.2744
            ],
            [
              86.88633,
              26.26613
            ],
            [
              86.88484,
              26.26008
            ],
            [
              86.88467,
              26.2483
            ],
            [
              86.89316,
              26.24193
            ],
            [
              86.88984,
              26.2324
            ],
            [
              86.89518,
              26.2175
            ],
            [
              86.89436,
              26.20989
            ],
            [
              86.8909,
              26.20433
            ],
            [
              86.89309,
              26.19491
            ],
            [
              86.88396,
              26.18058
            ],
            [
              86.87504,
              26.17551
            ],
            [
              86.87697,
              26.16421
            ],
            [
              86.86839,
              26.15035
            ],
            [
              86.86961,
              26.13857
            ],
            [
              86.86211,
              26.11774
            ],
            [
              86.85761,
              26.1156
            ],
            [
              86.85201,
              26.10544
            ],
            [
              86.84069,
              26.10271
            ],
            [
              86.83796,
              26.09737
            ],
            [
              86.83968,
              26.08789
            ],
            [
              86.83579,
              26.078
            ],
            [
              86.83039,
              26.07002
            ],
            [
              86.83028,
              26.06592
            ],
            [
              86.82226,
              26.06014
            ],
            [
              86.82589,
              26.05779
            ],
            [
              86.82054,
              26.03537
            ],
            [
              86.8214,
              26.03268
            ],
            [
              86.82603,
              26.03176
            ],
            [
              86.828,
              26.02689
            ],
            [
              86.82273,
              26.02156
            ],
            [
              86.82515,
              26.01097
            ],
            [
              86.83051,
              26.00468
            ],
            [
              86.81598,
              25.97116
            ],
            [
              86.80824,
              25.96826
            ],
            [
              86.80588,
              25.95853
            ],
            [
              86.80033,
              25.95296
            ],
            [
              86.80156,
              25.9449
            ],
            [
              86.79859,
              25.9343
            ],
            [
              86.8038,
              25.9267
            ],
            [
              86.79567,
              25.91131
            ],
            [
              86.79817,
              25.90257
            ],
            [
              86.78747,
              25.89821
            ],
            [
              86.77704,
              25.8997
            ]
          ]
        ]
      }
    },
    {
      "type": "Feature",
      "properties": {
        "name": "Lakhandei Khola",
        "name_hi": null,
        "name_en": "Lakhandehi River",
        "waterway": "river",
        "osm_ids": [
          "way/345711559",
          "way/1458441132"
        ],
        "osm_primary_id": "way/345711559",
        "source": "OpenStreetMap",
        "source_url": "https://www.openstreetmap.org/way/345711559",
        "wikidata": null,
        "wikipedia": null,
        "segment_count": 2
      },
      "geometry": {
        "type": "MultiLineString",
        "coordinates": [
          [
            [
              85.57263,
              27.04945
            ],
            [
              85.57783,
              27.04344
            ],
            [
              85.57431,
              27.03191
            ],
            [
              85.56014,
              27.02292
            ],
            [
              85.55609,
              27.01389
            ],
            [
              85.54589,
              27.01132
            ],
            [
              85.53969,
              26.99953
            ],
            [
              85.53269,
              26.9972
            ],
            [
              85.51922,
              26.98259
            ],
            [
              85.51141,
              26.9785
            ],
            [
              85.50937,
              26.96416
            ],
            [
              85.50226,
              26.96418
            ],
            [
              85.49514,
              26.95703
            ],
            [
              85.49957,
              26.94883
            ],
            [
              85.49744,
              26.94314
            ],
            [
              85.50053,
              26.92755
            ],
            [
              85.49386,
              26.91452
            ],
            [
              85.49538,
              26.90382
            ],
            [
              85.49026,
              26.90043
            ],
            [
              85.49167,
              26.89696
            ],
            [
              85.49483,
              26.89647
            ],
            [
              85.49085,
              26.88554
            ],
            [
              85.49178,
              26.88182
            ],
            [
              85.4977,
              26.87772
            ],
            [
              85.49466,
              26.87695
            ],
            [
              85.49407,
              26.86661
            ],
            [
              85.50139,
              26.85754
            ],
            [
              85.49957,
              26.85331
            ],
            [
              85.5035,
              26.84831
            ],
            [
              85.50191,
              26.84381
            ],
            [
              85.509,
              26.8422
            ],
            [
              85.51397,
              26.83624
            ],
            [
              85.51559,
              26.82583
            ],
            [
              85.51317,
              26.81582
            ],
            [
              85.5153,
              26.8144
            ]
          ],
          [
            [
              85.5153,
              26.8144
            ],
            [
              85.51048,
              26.81039
            ],
            [
              85.51023,
              26.80335
            ],
            [
              85.50873,
              26.80431
            ],
            [
              85.50774,
              26.80203
            ],
            [
              85.50982,
              26.79983
            ],
            [
              85.50902,
              26.79656
            ]
          ]
        ]
      }
    },
    {
      "type": "Feature",
      "properties": {
        "name": "Parmān Nadi",
        "name_hi": null,
        "name_en": null,
        "waterway": "river",
        "osm_ids": [
          "way/523651447",
          "way/1228241347"
        ],
        "osm_primary_id": "way/523651447",
        "source": "OpenStreetMap",
        "source_url": "https://www.openstreetmap.org/way/523651447",
        "wikidata": null,
        "wikipedia": null,
        "segment_count": 2
      },
      "geometry": {
        "type": "MultiLineString",
        "coordinates": [
          [
            [
              87.47429,
              26.47508
            ],
            [
              87.47759,
              26.47275
            ],
            [
              87.47097,
              26.46693
            ],
            [
              87.47435,
              26.4599
            ],
            [
              87.47145,
              26.45742
            ],
            [
              87.47393,
              26.45259
            ],
            [
              87.46778,
              26.45268
            ],
            [
              87.47028,
              26.44657
            ],
            [
              87.45308,
              26.42828
            ],
            [
              87.4565,
              26.4179
            ],
            [
              87.45098,
              26.41517
            ],
            [
              87.4515,
              26.40581
            ],
            [
              87.45983,
              26.39374
            ],
            [
              87.45675,
              26.38845
            ],
            [
              87.45963,
              26.38315
            ],
            [
              87.45638,
              26.38031
            ],
            [
              87.46343,
              26.37372
            ],
            [
              87.46978,
              26.37286
            ],
            [
              87.46234,
              26.3666
            ],
            [
              87.46701,
              26.36405
            ],
            [
              87.47396,
              26.36648
            ],
            [
              87.47217,
              26.35628
            ],
            [
              87.48474,
              26.34856
            ],
            [
              87.48523,
              26.34465
            ],
            [
              87.48048,
              26.34357
            ],
            [
              87.49035,
              26.33639
            ],
            [
              87.48985,
              26.33259
            ],
            [
              87.49203,
              26.33089
            ],
            [
              87.48666,
              26.3278
            ],
            [
              87.48715,
              26.32541
            ],
            [
              87.48155,
              26.31899
            ],
            [
              87.48448,
              26.31914
            ],
            [
              87.48587,
              26.3232
            ],
            [
              87.49031,
              26.31317
            ],
            [
              87.49457,
              26.31629
            ],
            [
              87.49779,
              26.31525
            ],
            [
              87.4997,
              26.31818
            ],
            [
              87.50452,
              26.31256
            ],
            [
              87.51145,
              26.31248
            ],
            [
              87.51436,
              26.30634
            ],
            [
              87.50843,
              26.29934
            ],
            [
              87.51788,
              26.29788
            ],
            [
              87.51916,
              26.28883
            ],
            [
              87.51599,
              26.28997
            ],
            [
              87.51579,
              26.28817
            ],
            [
              87.52938,
              26.28243
            ],
            [
              87.52725,
              26.27871
            ],
            [
              87.53135,
              26.27953
            ],
            [
              87.52861,
              26.27419
            ],
            [
              87.52527,
              26.27466
            ],
            [
              87.53024,
              26.26731
            ],
            [
              87.52979,
              26.25175
            ],
            [
              87.53676,
              26.24393
            ],
            [
              87.54095,
              26.23457
            ],
            [
              87.53507,
              26.22748
            ],
            [
              87.53649,
              26.21935
            ],
            [
              87.52974,
              26.21692
            ],
            [
              87.53483,
              26.19435
            ],
            [
              87.52761,
              26.18333
            ],
            [
              87.53157,
              26.18358
            ],
            [
              87.53293,
              26.1876
            ],
            [
              87.53752,
              26.18648
            ],
            [
              87.53533,
              26.17457
            ],
            [
              87.52364,
              26.1691
            ],
            [
              87.53783,
              26.16764
            ],
            [
              87.53843,
              26.16342
            ],
            [
              87.537,
              26.1614
            ],
            [
              87.53064,
              26.16426
            ],
            [
              87.51807,
              26.15624
            ],
            [
              87.52126,
              26.15317
            ],
            [
              87.52891,
              26.15334
            ],
            [
              87.53485,
              26.15639
            ],
            [
              87.53867,
              26.15498
            ],
            [
              87.54008,
              26.15317
            ],
            [
              87.53749,
              26.14439
            ],
            [
              87.53949,
              26.13789
            ],
            [
              87.5437,
              26.13711
            ],
            [
              87.54911,
              26.14114
            ],
            [
              87.55237,
              26.14068
            ],
            [
              87.56269,
              26.12214
            ],
            [
              87.56942,
              26.12872
            ],
            [
              87.56886,
              26.12145
            ],
            [
              87.5657,
              26.11878
            ],
            [
              87.56829,
              26.11708
            ],
            [
              87.57343,
              26.11879
            ],
            [
              87.57409,
              26.11039
            ],
            [
              87.57814,
              26.10848
            ],
            [
              87.57874,
              26.1023
            ],
            [
              87.5886,
              26.10717
            ],
            [
              87.59209,
              26.10464
            ],
            [
              87.59117,
              26.10116
            ],
            [
              87.58403,
              26.09796
            ],
            [
              87.58378,
              26.09558
            ],
            [
              87.59579,
              26.09011
            ],
            [
              87.5963,
              26.08356
            ],
            [
              87.60206,
              26.08308
            ],
            [
              87.60515,
              26.07996
            ],
            [
              87.60524,
              26.07537
            ],
            [
              87.61437,
              26.07267
            ],
            [
              87.60909,
              26.06274
            ],
            [
              87.61051,
              26.05477
            ],
            [
              87.60727,
              26.04636
            ],
            [
              87.61031,
              26.04542
            ],
            [
              87.61442,
              26.04856
            ],
            [
              87.62066,
              26.04056
            ],
            [
              87.63239,
              26.0407
            ],
            [
              87.63168,
              26.03733
            ],
            [
              87.62143,
              26.03542
            ],
            [
              87.61967,
              26.02938
            ],
            [
              87.62502,
              26.02793
            ],
            [
              87.63241,
              26.03194
            ],
            [
              87.62633,
              26.01352
            ],
            [
              87.63464,
              26.0088
            ],
            [
              87.64341,
              26.01106
            ],
            [
              87.64228,
              26.00381
            ],
            [
              87.64736,
              26.00516
            ],
            [
              87.64917,
              26.00298
            ],
            [
              87.63902,
              25.99725
            ],
            [
              87.6423,
              25.99334
            ],
            [
              87.64692,
              25.99436
            ],
            [
              87.64558,
              25.98694
            ],
            [
              87.64007,
              25.98468
            ],
            [
              87.63448,
              25.98816
            ],
            [
              87.63569,
              25.98463
            ],
            [
              87.64133,
              25.98183
            ],
            [
              87.63418,
              25.97731
            ],
            [
              87.63535,
              25.96883
            ],
            [
              87.63112,
              25.95938
            ],
            [
              87.64548,
              25.96521
            ],
            [
              87.64734,
              25.95781
            ],
            [
              87.65168,
              25.95781
            ],
            [
              87.6562,
              25.96244
            ],
            [
              87.65648,
              25.96763
            ],
            [
              87.6609,
              25.95995
            ],
            [
              87.66314,
              25.96012
            ],
            [
              87.66625,
              25.96678
            ],
            [
              87.68283,
              25.96423
            ],
            [
              87.68582,
              25.96178
            ],
            [
              87.68341,
              25.95634
            ],
            [
              87.68665,
              25.95539
            ],
            [
              87.69032,
              25.95748
            ],
            [
              87.6921,
              25.96506
            ],
            [
              87.69805,
              25.96599
            ],
            [
              87.70423,
              25.9726
            ],
            [
              87.70839,
              25.97131
            ],
            [
              87.70972,
              25.95914
            ],
            [
              87.71476,
              25.94752
            ],
            [
              87.72448,
              25.93577
            ],
            [
              87.72665,
              25.92962
            ],
            [
              87.72431,
              25.92506
            ],
            [
              87.71867,
              25.92153
            ],
            [
              87.71869,
              25.91875
            ],
            [
              87.72225,
              25.91481
            ],
            [
              87.73395,
              25.91246
            ],
            [
              87.72937,
              25.90547
            ],
            [
              87.73792,
              25.90055
            ],
            [
              87.73534,
              25.89839
            ],
            [
              87.72843,
              25.89993
            ],
            [
              87.72654,
              25.8941
            ],
            [
              87.72714,
              25.88941
            ],
            [
              87.73566,
              25.88657
            ],
            [
              87.73588,
              25.88381
            ],
            [
              87.72654,
              25.88401
            ],
            [
              87.72444,
              25.88113
            ],
            [
              87.72603,
              25.87773
            ],
            [
              87.73528,
              25.87424
            ],
            [
              87.73551,
              25.87152
            ],
            [
              87.72217,
              25.87099
            ],
            [
              87.7203,
              25.86787
            ],
            [
              87.72749,
              25.8669
            ],
            [
              87.72944,
              25.86099
            ],
            [
              87.7362,
              25.86539
            ],
            [
              87.73864,
              25.86238
            ]
          ],
          [
            [
              87.73864,
              25.86238
            ],
            [
              87.73884,
              25.85306
            ],
            [
              87.72985,
              25.85205
            ],
            [
              87.73511,
              25.8499
            ],
            [
              87.73518,
              25.84581
            ],
            [
              87.72873,
              25.84403
            ],
            [
              87.72455,
              25.83976
            ],
            [
              87.73081,
              25.83861
            ],
            [
              87.74265,
              25.82719
            ],
            [
              87.7425,
              25.82489
            ],
            [
              87.73656,
              25.82407
            ],
            [
              87.73707,
              25.82164
            ],
            [
              87.74899,
              25.81716
            ],
            [
              87.75654,
              25.80926
            ],
            [
              87.74368,
              25.80927
            ],
            [
              87.7373,
              25.81318
            ],
            [
              87.73354,
              25.80997
            ],
            [
              87.75231,
              25.79212
            ],
            [
              87.75634,
              25.7947
            ],
            [
              87.76052,
              25.79159
            ],
            [
              87.76233,
              25.80107
            ],
            [
              87.76706,
              25.80155
            ],
            [
              87.76977,
              25.78452
            ]
          ]
        ]
      }
    },
    {
      "type": "Feature",
      "properties": {
        "name": "Kararwār Nadī",
        "name_hi": null,
        "name_en": "Kararwar Nadi",
        "waterway": "river",
        "osm_ids": [
          "way/663146115",
          "way/1032981922"
        ],
        "osm_primary_id": "way/663146115",
        "source": "OpenStreetMap",
        "source_url": "https://www.openstreetmap.org/way/663146115",
        "wikidata": null,
        "wikipedia": null,
        "segment_count": 2
      },
      "geometry": {
        "type": "MultiLineString",
        "coordinates": [
          [
            [
              84.11623,
              24.42759
            ],
            [
              84.10498,
              24.43087
            ],
            [
              84.10147,
              24.42811
            ],
            [
              84.09194,
              24.42926
            ],
            [
              84.08838,
              24.43138
            ],
            [
              84.08761,
              24.43564
            ],
            [
              84.08085,
              24.43633
            ],
            [
              84.07849,
              24.44099
            ],
            [
              84.07166,
              24.44354
            ],
            [
              84.06945,
              24.44688
            ],
            [
              84.07111,
              24.45507
            ],
            [
              84.07468,
              24.45698
            ],
            [
              84.07821,
              24.46391
            ],
            [
              84.07732,
              24.47023
            ],
            [
              84.07998,
              24.47136
            ],
            [
              84.07728,
              24.47194
            ],
            [
              84.07795,
              24.47457
            ],
            [
              84.0886,
              24.47815
            ]
          ],
          [
            [
              84.0886,
              24.47815
            ],
            [
              84.08854,
              24.48128
            ],
            [
              84.09181,
              24.48407
            ],
            [
              84.08768,
              24.48473
            ],
            [
              84.09014,
              24.48724
            ],
            [
              84.08849,
              24.49054
            ],
            [
              84.09115,
              24.49585
            ],
            [
              84.08856,
              24.4994
            ],
            [
              84.08962,
              24.50457
            ],
            [
              84.08529,
              24.50546
            ],
            [
              84.08774,
              24.51239
            ],
            [
              84.08435,
              24.51315
            ],
            [
              84.08899,
              24.51766
            ],
            [
              84.08281,
              24.52711
            ],
            [
              84.07848,
              24.52887
            ],
            [
              84.0819,
              24.53933
            ],
            [
              84.07804,
              24.54005
            ],
            [
              84.07782,
              24.54659
            ],
            [
              84.07496,
              24.55369
            ],
            [
              84.0724,
              24.5545
            ],
            [
              84.07272,
              24.55949
            ],
            [
              84.07608,
              24.56176
            ],
            [
              84.07326,
              24.56294
            ],
            [
              84.07231,
              24.56746
            ],
            [
              84.06831,
              24.56747
            ],
            [
              84.0682,
              24.57061
            ],
            [
              84.06113,
              24.57333
            ],
            [
              84.06518,
              24.58146
            ],
            [
              84.062,
              24.58673
            ],
            [
              84.05526,
              24.58475
            ],
            [
              84.05147,
              24.58603
            ],
            [
              84.0508,
              24.58777
            ],
            [
              84.05736,
              24.59325
            ],
            [
              84.04625,
              24.60412
            ],
            [
              84.04964,
              24.61107
            ],
            [
              84.04421,
              24.61137
            ],
            [
              84.0424,
              24.61858
            ],
            [
              84.03874,
              24.61745
            ],
            [
              84.03723,
              24.62046
            ],
            [
              84.03393,
              24.62074
            ],
            [
              84.0334,
              24.62964
            ],
            [
              84.02409,
              24.6289
            ],
            [
              84.0235,
              24.63136
            ],
            [
              84.02778,
              24.63301
            ],
            [
              84.02278,
              24.63696
            ],
            [
              84.02573,
              24.64011
            ],
            [
              84.02456,
              24.64704
            ],
            [
              84.012,
              24.65349
            ]
          ]
        ]
      }
    },
    {
      "type": "Feature",
      "properties": {
        "name": "Mirchani Nadi",
        "name_hi": null,
        "name_en": "Mirchani Nadi",
        "waterway": "river",
        "osm_ids": [
          "way/1052521911",
          "way/1052521912"
        ],
        "osm_primary_id": "way/1052521911",
        "source": "OpenStreetMap",
        "source_url": "https://www.openstreetmap.org/way/1052521911",
        "wikidata": null,
        "wikipedia": null,
        "segment_count": 2
      },
      "geometry": {
        "type": "MultiLineString",
        "coordinates": [
          [
            [
              87.181,
              25.11044
            ],
            [
              87.18055,
              25.10773
            ]
          ],
          [
            [
              87.18081,
              25.11974
            ],
            [
              87.1832,
              25.11702
            ],
            [
              87.1806,
              25.10844
            ],
            [
              87.18255,
              25.10658
            ]
          ]
        ]
      }
    },
    {
      "type": "Feature",
      "properties": {
        "name": "Samda Nadi",
        "name_hi": null,
        "name_en": "Samda Nadi",
        "waterway": "river",
        "osm_ids": [
          "way/1091605903",
          "way/1091713811"
        ],
        "osm_primary_id": "way/1091605903",
        "source": "OpenStreetMap",
        "source_url": "https://www.openstreetmap.org/way/1091605903",
        "wikidata": null,
        "wikipedia": null,
        "segment_count": 2
      },
      "geometry": {
        "type": "MultiLineString",
        "coordinates": [
          [
            [
              87.57644,
              25.27868
            ],
            [
              87.58132,
              25.27791
            ],
            [
              87.59426,
              25.26812
            ],
            [
              87.61238,
              25.26269
            ],
            [
              87.62836,
              25.25255
            ],
            [
              87.64439,
              25.24926
            ],
            [
              87.66405,
              25.25302
            ]
          ],
          [
            [
              87.64439,
              25.24926
            ],
            [
              87.67271,
              25.24105
            ],
            [
              87.68517,
              25.24327
            ],
            [
              87.68716,
              25.249
            ]
          ]
        ]
      }
    },
    {
      "type": "Feature",
      "properties": {
        "name": "Kamla River",
        "name_hi": null,
        "name_en": null,
        "waterway": "river",
        "osm_ids": [
          "way/27914235"
        ],
        "osm_primary_id": "way/27914235",
        "source": "OpenStreetMap",
        "source_url": "https://www.openstreetmap.org/way/27914235",
        "wikidata": null,
        "wikipedia": null,
        "segment_count": 1
      },
      "geometry": {
        "type": "LineString",
        "coordinates": [
          [
            85.85707,
            26.39954
          ],
          [
            85.85529,
            26.39387
          ],
          [
            85.85778,
            26.39006
          ],
          [
            85.85221,
            26.38757
          ],
          [
            85.85511,
            26.38059
          ],
          [
            85.85283,
            26.37451
          ],
          [
            85.85725,
            26.36719
          ],
          [
            85.85626,
            26.35546
          ],
          [
            85.85928,
            26.35405
          ],
          [
            85.86141,
            26.34381
          ],
          [
            85.85703,
            26.33886
          ],
          [
            85.8515,
            26.33969
          ],
          [
            85.85006,
            26.33289
          ],
          [
            85.85867,
            26.32867
          ],
          [
            85.85696,
            26.32197
          ],
          [
            85.85944,
            26.31612
          ],
          [
            85.85218,
            26.31102
          ],
          [
            85.84787,
            26.31253
          ],
          [
            85.84885,
            26.30563
          ]
        ]
      }
    },
    {
      "type": "Feature",
      "properties": {
        "name": "Dahuk",
        "name_hi": null,
        "name_en": null,
        "waterway": "river",
        "osm_ids": [
          "way/55071614"
        ],
        "osm_primary_id": "way/55071614",
        "source": "OpenStreetMap",
        "source_url": "https://www.openstreetmap.org/way/55071614",
        "wikidata": null,
        "wikipedia": null,
        "segment_count": 1
      },
      "geometry": {
        "type": "LineString",
        "coordinates": [
          [
            88.14112,
            26.2961
          ],
          [
            88.13951,
            26.29403
          ],
          [
            88.13023,
            26.2936
          ],
          [
            88.13058,
            26.28487
          ],
          [
            88.12567,
            26.27701
          ],
          [
            88.12121,
            26.27871
          ],
          [
            88.11227,
            26.28907
          ],
          [
            88.10281,
            26.28861
          ],
          [
            88.09642,
            26.29151
          ],
          [
            88.09291,
            26.29001
          ],
          [
            88.09151,
            26.2658
          ],
          [
            88.08107,
            26.25442
          ],
          [
            88.07384,
            26.25722
          ],
          [
            88.07092,
            26.25639
          ],
          [
            88.069,
            26.251
          ],
          [
            88.05737,
            26.25243
          ],
          [
            88.04388,
            26.24961
          ],
          [
            88.03957,
            26.25381
          ],
          [
            88.03139,
            26.2535
          ],
          [
            88.02725,
            26.24834
          ],
          [
            88.02809,
            26.23805
          ],
          [
            88.02014,
            26.23418
          ],
          [
            88.0175,
            26.22739
          ],
          [
            88.01217,
            26.22794
          ],
          [
            88.01243,
            26.22456
          ],
          [
            88.01967,
            26.21736
          ],
          [
            88.01532,
            26.21033
          ],
          [
            88.00741,
            26.20896
          ],
          [
            88.00417,
            26.2144
          ],
          [
            87.99919,
            26.20901
          ],
          [
            87.98988,
            26.20619
          ],
          [
            87.98565,
            26.19942
          ],
          [
            87.97323,
            26.19926
          ],
          [
            87.97684,
            26.18879
          ],
          [
            87.97324,
            26.18687
          ],
          [
            87.96106,
            26.18781
          ],
          [
            87.95754,
            26.18503
          ]
        ]
      }
    },
    {
      "type": "Feature",
      "properties": {
        "name": "Sirsiya",
        "name_hi": null,
        "name_en": null,
        "waterway": "river",
        "osm_ids": [
          "way/60051228"
        ],
        "osm_primary_id": "way/60051228",
        "source": "OpenStreetMap",
        "source_url": "https://www.openstreetmap.org/way/60051228",
        "wikidata": null,
        "wikipedia": null,
        "segment_count": 1
      },
      "geometry": {
        "type": "LineString",
        "coordinates": [
          [
            84.86748,
            27.01817
          ],
          [
            84.86445,
            27.01758
          ],
          [
            84.8622,
            27.01367
          ],
          [
            84.85907,
            27.01464
          ],
          [
            84.8566,
            27.01166
          ],
          [
            84.85829,
            27.00999
          ],
          [
            84.85441,
            27.0084
          ],
          [
            84.85083,
            27.00284
          ],
          [
            84.8524,
            27.00115
          ],
          [
            84.85026,
            26.99794
          ],
          [
            84.85703,
            26.99866
          ],
          [
            84.85541,
            26.99613
          ],
          [
            84.85806,
            26.99579
          ],
          [
            84.85521,
            26.98563
          ],
          [
            84.85797,
            26.98684
          ],
          [
            84.85794,
            26.98961
          ],
          [
            84.86064,
            26.98618
          ],
          [
            84.85563,
            26.98177
          ],
          [
            84.85645,
            26.97785
          ],
          [
            84.85256,
            26.97757
          ],
          [
            84.84796,
            26.96623
          ],
          [
            84.85343,
            26.95604
          ],
          [
            84.8534,
            26.95437
          ],
          [
            84.85159,
            26.9554
          ],
          [
            84.85154,
            26.95084
          ],
          [
            84.85684,
            26.94926
          ]
        ]
      }
    },
    {
      "type": "Feature",
      "properties": {
        "name": "Lilājān Nadi",
        "name_hi": null,
        "name_en": "Niranjana",
        "waterway": "river",
        "osm_ids": [
          "way/70364559"
        ],
        "osm_primary_id": "way/70364559",
        "source": "OpenStreetMap",
        "source_url": "https://www.openstreetmap.org/way/70364559",
        "wikidata": null,
        "wikipedia": null,
        "segment_count": 1
      },
      "geometry": {
        "type": "LineString",
        "coordinates": [
          [
            84.79356,
            24.29951
          ],
          [
            84.78727,
            24.31753
          ],
          [
            84.78836,
            24.32419
          ],
          [
            84.79793,
            24.33788
          ],
          [
            84.79692,
            24.34471
          ],
          [
            84.80001,
            24.35533
          ],
          [
            84.79836,
            24.36237
          ],
          [
            84.80803,
            24.3711
          ],
          [
            84.81052,
            24.37929
          ],
          [
            84.81334,
            24.39812
          ],
          [
            84.81152,
            24.41938
          ],
          [
            84.81415,
            24.42669
          ],
          [
            84.82157,
            24.43702
          ],
          [
            84.83822,
            24.45056
          ],
          [
            84.86994,
            24.45805
          ],
          [
            84.87257,
            24.46302
          ],
          [
            84.87161,
            24.48392
          ],
          [
            84.87343,
            24.48779
          ],
          [
            84.87821,
            24.49167
          ],
          [
            84.90058,
            24.4974
          ],
          [
            84.9112,
            24.50596
          ],
          [
            84.92321,
            24.5436
          ],
          [
            84.95702,
            24.57122
          ],
          [
            84.97761,
            24.5808
          ],
          [
            84.98041,
            24.58647
          ],
          [
            84.98213,
            24.60473
          ],
          [
            85.0017,
            24.61784
          ],
          [
            85.00376,
            24.64796
          ],
          [
            84.9962,
            24.67323
          ],
          [
            84.99706,
            24.69319
          ],
          [
            85.00153,
            24.71378
          ],
          [
            85.00668,
            24.72407
          ],
          [
            85.01394,
            24.73035
          ]
        ]
      }
    },
    {
      "type": "Feature",
      "properties": {
        "name": "bagmati river",
        "name_hi": null,
        "name_en": null,
        "waterway": "river",
        "osm_ids": [
          "way/93073246"
        ],
        "osm_primary_id": "way/93073246",
        "source": "OpenStreetMap",
        "source_url": "https://www.openstreetmap.org/way/93073246",
        "wikidata": null,
        "wikipedia": null,
        "segment_count": 1
      },
      "geometry": {
        "type": "LineString",
        "coordinates": [
          [
            85.84885,
            26.30563
          ],
          [
            85.85084,
            26.30865
          ],
          [
            85.85276,
            26.30737
          ],
          [
            85.85342,
            26.29747
          ],
          [
            85.84966,
            26.29259
          ],
          [
            85.85485,
            26.29022
          ],
          [
            85.85083,
            26.28662
          ],
          [
            85.84987,
            26.28176
          ],
          [
            85.85543,
            26.27756
          ],
          [
            85.85701,
            26.27219
          ],
          [
            85.86256,
            26.27097
          ],
          [
            85.8493,
            26.26359
          ],
          [
            85.85357,
            26.26005
          ],
          [
            85.86401,
            26.25722
          ],
          [
            85.85694,
            26.25584
          ],
          [
            85.85586,
            26.24944
          ],
          [
            85.85024,
            26.24888
          ],
          [
            85.8478,
            26.24334
          ],
          [
            85.84262,
            26.24279
          ],
          [
            85.84338,
            26.23952
          ],
          [
            85.8481,
            26.23785
          ],
          [
            85.83995,
            26.22962
          ],
          [
            85.84813,
            26.22449
          ],
          [
            85.84366,
            26.21827
          ],
          [
            85.85229,
            26.22193
          ],
          [
            85.85347,
            26.21955
          ],
          [
            85.84695,
            26.2087
          ],
          [
            85.84264,
            26.21187
          ],
          [
            85.83705,
            26.20716
          ],
          [
            85.8467,
            26.20469
          ],
          [
            85.85026,
            26.19964
          ],
          [
            85.85748,
            26.20571
          ],
          [
            85.86062,
            26.19955
          ],
          [
            85.8656,
            26.19718
          ],
          [
            85.86509,
            26.19081
          ],
          [
            85.86892,
            26.18533
          ],
          [
            85.86746,
            26.17544
          ],
          [
            85.87454,
            26.17572
          ],
          [
            85.88745,
            26.16626
          ],
          [
            85.88262,
            26.16312
          ],
          [
            85.87788,
            26.16441
          ],
          [
            85.88092,
            26.16008
          ],
          [
            85.88648,
            26.1626
          ],
          [
            85.88896,
            26.16071
          ],
          [
            85.8894,
            26.15528
          ],
          [
            85.88412,
            26.15073
          ],
          [
            85.88939,
            26.14941
          ],
          [
            85.89055,
            26.14668
          ],
          [
            85.88247,
            26.13784
          ],
          [
            85.88223,
            26.13411
          ],
          [
            85.87489,
            26.13254
          ],
          [
            85.87346,
            26.12922
          ],
          [
            85.86926,
            26.12765
          ],
          [
            85.87701,
            26.12469
          ],
          [
            85.87632,
            26.121
          ]
        ]
      }
    },
    {
      "type": "Feature",
      "properties": {
        "name": "Harohar",
        "name_hi": null,
        "name_en": null,
        "waterway": "river",
        "osm_ids": [
          "way/162046079"
        ],
        "osm_primary_id": "way/162046079",
        "source": "OpenStreetMap",
        "source_url": "https://www.openstreetmap.org/way/162046079",
        "wikidata": null,
        "wikipedia": null,
        "segment_count": 1
      },
      "geometry": {
        "type": "LineString",
        "coordinates": [
          [
            85.56927,
            25.03852
          ],
          [
            85.57746,
            25.06947
          ],
          [
            85.58288,
            25.0759
          ],
          [
            85.59963,
            25.08549
          ],
          [
            85.59995,
            25.10488
          ],
          [
            85.60348,
            25.11476
          ],
          [
            85.60161,
            25.12653
          ],
          [
            85.59471,
            25.13598
          ],
          [
            85.5939,
            25.15014
          ],
          [
            85.59725,
            25.1665
          ],
          [
            85.60518,
            25.16966
          ],
          [
            85.60853,
            25.16568
          ],
          [
            85.61907,
            25.16412
          ],
          [
            85.61897,
            25.1707
          ],
          [
            85.62399,
            25.17427
          ],
          [
            85.62439,
            25.18308
          ],
          [
            85.64393,
            25.18714
          ],
          [
            85.64462,
            25.20031
          ],
          [
            85.64784,
            25.20254
          ],
          [
            85.64109,
            25.22724
          ],
          [
            85.64456,
            25.23847
          ],
          [
            85.64821,
            25.23847
          ],
          [
            85.65195,
            25.25533
          ],
          [
            85.65707,
            25.2576
          ],
          [
            85.66054,
            25.26498
          ],
          [
            85.67629,
            25.26215
          ],
          [
            85.68005,
            25.26364
          ],
          [
            85.67992,
            25.27907
          ],
          [
            85.68524,
            25.29411
          ],
          [
            85.68035,
            25.30044
          ],
          [
            85.69203,
            25.32858
          ],
          [
            85.71129,
            25.32688
          ],
          [
            85.71819,
            25.33344
          ],
          [
            85.72345,
            25.33401
          ],
          [
            85.72993,
            25.33141
          ],
          [
            85.72501,
            25.32742
          ],
          [
            85.74368,
            25.32069
          ],
          [
            85.74864,
            25.31447
          ],
          [
            85.75444,
            25.31315
          ],
          [
            85.76104,
            25.31699
          ],
          [
            85.78112,
            25.31397
          ],
          [
            85.78518,
            25.32394
          ],
          [
            85.79141,
            25.32981
          ],
          [
            85.81185,
            25.32586
          ],
          [
            85.83532,
            25.32729
          ],
          [
            85.83882,
            25.31913
          ],
          [
            85.86002,
            25.31109
          ],
          [
            85.86416,
            25.3128
          ],
          [
            85.86737,
            25.32034
          ],
          [
            85.87872,
            25.31932
          ],
          [
            85.87738,
            25.31614
          ],
          [
            85.88553,
            25.31285
          ],
          [
            85.88674,
            25.30848
          ],
          [
            85.89127,
            25.30596
          ],
          [
            85.88778,
            25.30281
          ],
          [
            85.89166,
            25.29715
          ],
          [
            85.89127,
            25.29017
          ],
          [
            85.89537,
            25.2932
          ],
          [
            85.90758,
            25.29133
          ],
          [
            85.91186,
            25.29729
          ],
          [
            85.9146,
            25.29749
          ],
          [
            85.9147,
            25.2933
          ],
          [
            85.92927,
            25.29893
          ],
          [
            85.93374,
            25.29595
          ],
          [
            85.93249,
            25.28797
          ],
          [
            85.94305,
            25.28807
          ],
          [
            85.93843,
            25.2772
          ],
          [
            85.94375,
            25.27642
          ],
          [
            85.94693,
            25.26772
          ],
          [
            85.94198,
            25.25382
          ],
          [
            85.93085,
            25.24751
          ],
          [
            85.93062,
            25.24327
          ],
          [
            85.92658,
            25.23939
          ],
          [
            85.93067,
            25.23621
          ],
          [
            85.92904,
            25.22613
          ],
          [
            85.93429,
            25.21957
          ],
          [
            85.93541,
            25.21279
          ],
          [
            85.94364,
            25.20481
          ],
          [
            85.95356,
            25.20289
          ],
          [
            85.95559,
            25.19556
          ],
          [
            85.96656,
            25.19639
          ],
          [
            85.96809,
            25.18925
          ],
          [
            85.97305,
            25.18923
          ],
          [
            85.97729,
            25.19323
          ],
          [
            85.98903,
            25.19353
          ],
          [
            85.99093,
            25.19745
          ],
          [
            85.9886,
            25.20096
          ],
          [
            85.99304,
            25.20911
          ],
          [
            86.01029,
            25.21803
          ],
          [
            86.01511,
            25.21584
          ],
          [
            86.0176,
            25.2092
          ],
          [
            86.02011,
            25.21608
          ],
          [
            86.02819,
            25.22007
          ],
          [
            86.03668,
            25.21236
          ],
          [
            86.04201,
            25.218
          ],
          [
            86.0478,
            25.21705
          ],
          [
            86.05332,
            25.2194
          ],
          [
            86.059,
            25.21567
          ],
          [
            86.08283,
            25.21348
          ],
          [
            86.08409,
            25.21648
          ],
          [
            86.07768,
            25.22283
          ],
          [
            86.06344,
            25.23019
          ],
          [
            86.06347,
            25.23494
          ],
          [
            86.06864,
            25.23882
          ],
          [
            86.08012,
            25.23814
          ],
          [
            86.08938,
            25.23397
          ],
          [
            86.12601,
            25.23234
          ]
        ]
      }
    },
    {
      "type": "Feature",
      "properties": {
        "name": "Mohana Nadi",
        "name_hi": null,
        "name_en": "Mohana Nadi",
        "waterway": "river",
        "osm_ids": [
          "way/162050215"
        ],
        "osm_primary_id": "way/162050215",
        "source": "OpenStreetMap",
        "source_url": "https://www.openstreetmap.org/way/162050215",
        "wikidata": null,
        "wikipedia": null,
        "segment_count": 1
      },
      "geometry": {
        "type": "LineString",
        "coordinates": [
          [
            85.14182,
            24.45966
          ],
          [
            85.1385,
            24.46173
          ],
          [
            85.13473,
            24.4783
          ],
          [
            85.13503,
            24.48775
          ],
          [
            85.12528,
            24.50028
          ],
          [
            85.12488,
            24.51059
          ],
          [
            85.11847,
            24.51727
          ],
          [
            85.12326,
            24.52929
          ],
          [
            85.12248,
            24.53348
          ],
          [
            85.10298,
            24.54611
          ],
          [
            85.10226,
            24.55755
          ],
          [
            85.10979,
            24.56892
          ],
          [
            85.10876,
            24.57323
          ],
          [
            85.10548,
            24.57687
          ],
          [
            85.08717,
            24.57991
          ],
          [
            85.07768,
            24.59355
          ],
          [
            85.06532,
            24.60332
          ],
          [
            85.0638,
            24.60955
          ],
          [
            85.06756,
            24.62716
          ],
          [
            85.05939,
            24.636
          ],
          [
            85.04725,
            24.64011
          ],
          [
            85.04271,
            24.64517
          ],
          [
            85.04092,
            24.64944
          ],
          [
            85.04768,
            24.65966
          ],
          [
            85.04637,
            24.66316
          ],
          [
            85.0201,
            24.68289
          ],
          [
            85.01434,
            24.69263
          ],
          [
            85.01314,
            24.70332
          ],
          [
            85.01653,
            24.71783
          ],
          [
            85.01394,
            24.73035
          ]
        ]
      }
    },
    {
      "type": "Feature",
      "properties": {
        "name": "Panar Nadi",
        "name_hi": null,
        "name_en": null,
        "waterway": "river",
        "osm_ids": [
          "way/162050589"
        ],
        "osm_primary_id": "way/162050589",
        "source": "OpenStreetMap",
        "source_url": "https://www.openstreetmap.org/way/162050589",
        "wikidata": null,
        "wikipedia": null,
        "segment_count": 1
      },
      "geometry": {
        "type": "LineString",
        "coordinates": [
          [
            87.59913,
            25.96488
          ],
          [
            87.59259,
            25.95738
          ],
          [
            87.59529,
            25.9511
          ],
          [
            87.59968,
            25.95071
          ],
          [
            87.60111,
            25.94719
          ],
          [
            87.60578,
            25.94753
          ],
          [
            87.60648,
            25.93829
          ],
          [
            87.61306,
            25.94128
          ],
          [
            87.61853,
            25.93556
          ],
          [
            87.61493,
            25.92839
          ],
          [
            87.61839,
            25.9236
          ],
          [
            87.61536,
            25.92386
          ],
          [
            87.61209,
            25.91872
          ],
          [
            87.60855,
            25.92139
          ],
          [
            87.60734,
            25.92005
          ],
          [
            87.61245,
            25.91696
          ],
          [
            87.61505,
            25.91144
          ],
          [
            87.61738,
            25.91101
          ],
          [
            87.6188,
            25.91371
          ],
          [
            87.62189,
            25.911
          ],
          [
            87.61711,
            25.90775
          ],
          [
            87.612,
            25.90808
          ],
          [
            87.61225,
            25.90214
          ],
          [
            87.60613,
            25.9016
          ],
          [
            87.60611,
            25.89897
          ],
          [
            87.61084,
            25.89212
          ],
          [
            87.61951,
            25.89845
          ],
          [
            87.62321,
            25.8981
          ],
          [
            87.62106,
            25.89071
          ],
          [
            87.61728,
            25.8907
          ],
          [
            87.61637,
            25.88849
          ],
          [
            87.6221,
            25.88433
          ],
          [
            87.63093,
            25.88422
          ],
          [
            87.63167,
            25.88089
          ],
          [
            87.62874,
            25.88075
          ],
          [
            87.62714,
            25.87759
          ],
          [
            87.63462,
            25.87147
          ],
          [
            87.62803,
            25.86635
          ],
          [
            87.63947,
            25.86398
          ],
          [
            87.64241,
            25.8593
          ],
          [
            87.64721,
            25.86043
          ],
          [
            87.65219,
            25.85798
          ],
          [
            87.65198,
            25.85491
          ],
          [
            87.65474,
            25.85289
          ],
          [
            87.64807,
            25.85308
          ],
          [
            87.64507,
            25.85041
          ],
          [
            87.65197,
            25.85084
          ],
          [
            87.67206,
            25.81757
          ],
          [
            87.66981,
            25.81397
          ],
          [
            87.67434,
            25.80652
          ],
          [
            87.67701,
            25.80693
          ],
          [
            87.67611,
            25.80132
          ],
          [
            87.68092,
            25.79698
          ],
          [
            87.67971,
            25.7945
          ],
          [
            87.68807,
            25.77478
          ],
          [
            87.68762,
            25.76761
          ],
          [
            87.6939,
            25.75679
          ],
          [
            87.67845,
            25.71803
          ],
          [
            87.68126,
            25.69904
          ],
          [
            87.68548,
            25.69953
          ],
          [
            87.68326,
            25.69533
          ],
          [
            87.69134,
            25.68706
          ],
          [
            87.69485,
            25.68654
          ],
          [
            87.6958,
            25.68158
          ],
          [
            87.6993,
            25.68411
          ],
          [
            87.69539,
            25.67907
          ],
          [
            87.7014,
            25.6788
          ],
          [
            87.69958,
            25.67604
          ],
          [
            87.70468,
            25.67587
          ],
          [
            87.70142,
            25.67276
          ],
          [
            87.70749,
            25.66781
          ],
          [
            87.71269,
            25.66919
          ],
          [
            87.70985,
            25.66732
          ],
          [
            87.71266,
            25.66422
          ],
          [
            87.71485,
            25.66735
          ],
          [
            87.72964,
            25.66081
          ],
          [
            87.74167,
            25.66326
          ],
          [
            87.74281,
            25.66222
          ],
          [
            87.73721,
            25.65638
          ],
          [
            87.74039,
            25.65503
          ],
          [
            87.7469,
            25.65772
          ],
          [
            87.75375,
            25.65452
          ],
          [
            87.7491,
            25.65055
          ],
          [
            87.7562,
            25.65164
          ],
          [
            87.7545,
            25.64591
          ],
          [
            87.75826,
            25.64381
          ],
          [
            87.75547,
            25.64277
          ],
          [
            87.75766,
            25.63913
          ],
          [
            87.76065,
            25.63889
          ],
          [
            87.76045,
            25.63502
          ],
          [
            87.75706,
            25.63479
          ],
          [
            87.75669,
            25.63163
          ],
          [
            87.76393,
            25.63432
          ],
          [
            87.76773,
            25.6326
          ],
          [
            87.7636,
            25.63101
          ],
          [
            87.76846,
            25.62722
          ],
          [
            87.77337,
            25.63067
          ],
          [
            87.77604,
            25.62471
          ],
          [
            87.7876,
            25.61546
          ]
        ]
      }
    },
    {
      "type": "Feature",
      "properties": {
        "name": "Dhowa Nadi",
        "name_hi": null,
        "name_en": null,
        "waterway": "river",
        "osm_ids": [
          "way/166334682"
        ],
        "osm_primary_id": "way/166334682",
        "source": "OpenStreetMap",
        "source_url": "https://www.openstreetmap.org/way/166334682",
        "wikidata": null,
        "wikipedia": null,
        "segment_count": 1
      },
      "geometry": {
        "type": "LineString",
        "coordinates": [
          [
            85.15437,
            25.22405
          ],
          [
            85.15463,
            25.22672
          ],
          [
            85.15059,
            25.23014
          ],
          [
            85.14895,
            25.25559
          ],
          [
            85.14151,
            25.25619
          ],
          [
            85.13641,
            25.26221
          ],
          [
            85.12736,
            25.26613
          ],
          [
            85.13154,
            25.26988
          ],
          [
            85.13395,
            25.29087
          ],
          [
            85.13666,
            25.29327
          ],
          [
            85.13235,
            25.29375
          ],
          [
            85.13684,
            25.30305
          ],
          [
            85.13324,
            25.31005
          ],
          [
            85.13412,
            25.31758
          ],
          [
            85.14057,
            25.32238
          ],
          [
            85.14126,
            25.32751
          ],
          [
            85.14973,
            25.33831
          ],
          [
            85.15748,
            25.3386
          ],
          [
            85.16114,
            25.34154
          ],
          [
            85.15759,
            25.34389
          ],
          [
            85.16319,
            25.37314
          ],
          [
            85.1661,
            25.37616
          ],
          [
            85.16131,
            25.38066
          ],
          [
            85.16283,
            25.38638
          ],
          [
            85.17624,
            25.38872
          ],
          [
            85.18256,
            25.39414
          ],
          [
            85.20192,
            25.39565
          ],
          [
            85.20971,
            25.40266
          ],
          [
            85.21675,
            25.40303
          ],
          [
            85.21444,
            25.40717
          ],
          [
            85.221,
            25.42242
          ],
          [
            85.21834,
            25.42974
          ],
          [
            85.22167,
            25.43447
          ],
          [
            85.22233,
            25.44106
          ],
          [
            85.23107,
            25.44374
          ],
          [
            85.23618,
            25.44915
          ],
          [
            85.23727,
            25.45529
          ],
          [
            85.24809,
            25.45544
          ],
          [
            85.24785,
            25.46201
          ],
          [
            85.2563,
            25.47449
          ],
          [
            85.27431,
            25.4766
          ],
          [
            85.28601,
            25.48228
          ],
          [
            85.29401,
            25.48222
          ],
          [
            85.297,
            25.48689
          ],
          [
            85.3172,
            25.47936
          ],
          [
            85.31954,
            25.47426
          ],
          [
            85.35835,
            25.46842
          ]
        ]
      }
    },
    {
      "type": "Feature",
      "properties": {
        "name": "Ganges",
        "name_hi": "गंगा",
        "name_en": null,
        "waterway": "river",
        "osm_ids": [
          "way/197526030"
        ],
        "osm_primary_id": "way/197526030",
        "source": "OpenStreetMap",
        "source_url": "https://www.openstreetmap.org/way/197526030",
        "wikidata": null,
        "wikipedia": null,
        "segment_count": 1
      },
      "geometry": {
        "type": "LineString",
        "coordinates": [
          [
            85.2048,
            25.61777
          ],
          [
            85.22646,
            25.61415
          ],
          [
            85.24743,
            25.60113
          ],
          [
            85.28305,
            25.61831
          ],
          [
            85.3127,
            25.61831
          ],
          [
            85.33843,
            25.61489
          ],
          [
            85.37042,
            25.60171
          ],
          [
            85.38976,
            25.58766
          ],
          [
            85.41526,
            25.56426
          ],
          [
            85.42696,
            25.55638
          ],
          [
            85.4343,
            25.55421
          ],
          [
            85.45031,
            25.55888
          ],
          [
            85.47462,
            25.58392
          ],
          [
            85.48108,
            25.58623
          ],
          [
            85.50843,
            25.57823
          ],
          [
            85.54841,
            25.57322
          ],
          [
            85.55957,
            25.56805
          ],
          [
            85.5677,
            25.55971
          ],
          [
            85.58787,
            25.53183
          ],
          [
            85.59513,
            25.51293
          ],
          [
            85.6004,
            25.50631
          ],
          [
            85.64173,
            25.48489
          ],
          [
            85.678,
            25.47644
          ],
          [
            85.68787,
            25.47567
          ],
          [
            85.69688,
            25.4783
          ],
          [
            85.71791,
            25.50298
          ],
          [
            85.72928,
            25.50964
          ],
          [
            85.77509,
            25.51497
          ],
          [
            85.79146,
            25.51905
          ],
          [
            85.81736,
            25.51748
          ],
          [
            85.8618,
            25.50437
          ],
          [
            85.8894,
            25.50298
          ],
          [
            85.89785,
            25.50463
          ],
          [
            85.90413,
            25.5004
          ],
          [
            85.91006,
            25.48925
          ],
          [
            85.91695,
            25.45372
          ],
          [
            85.95119,
            25.42758
          ],
          [
            85.98009,
            25.41002
          ],
          [
            85.99284,
            25.39172
          ],
          [
            85.99383,
            25.3804
          ],
          [
            86.00329,
            25.3672
          ],
          [
            86.01883,
            25.35361
          ],
          [
            86.03394,
            25.33596
          ],
          [
            86.05445,
            25.32867
          ],
          [
            86.07067,
            25.32789
          ],
          [
            86.09097,
            25.33336
          ],
          [
            86.11814,
            25.3469
          ],
          [
            86.12449,
            25.35651
          ],
          [
            86.12852,
            25.35845
          ],
          [
            86.13152,
            25.35799
          ],
          [
            86.15777,
            25.3334
          ],
          [
            86.17032,
            25.32739
          ],
          [
            86.25263,
            25.32537
          ],
          [
            86.26134,
            25.32971
          ],
          [
            86.27529,
            25.34278
          ],
          [
            86.28314,
            25.34325
          ],
          [
            86.29237,
            25.34003
          ],
          [
            86.32246,
            25.31354
          ],
          [
            86.34378,
            25.30997
          ],
          [
            86.35795,
            25.31051
          ],
          [
            86.36666,
            25.31462
          ],
          [
            86.37915,
            25.33092
          ],
          [
            86.41015,
            25.3366
          ],
          [
            86.42159,
            25.37214
          ],
          [
            86.42661,
            25.40134
          ],
          [
            86.43176,
            25.40835
          ],
          [
            86.43961,
            25.41231
          ],
          [
            86.46133,
            25.41589
          ],
          [
            86.4809,
            25.43132
          ],
          [
            86.49459,
            25.43502
          ],
          [
            86.51049,
            25.43175
          ],
          [
            86.52096,
            25.42019
          ],
          [
            86.52454,
            25.41021
          ],
          [
            86.52686,
            25.38385
          ],
          [
            86.53021,
            25.37738
          ],
          [
            86.54383,
            25.37284
          ],
          [
            86.55991,
            25.38083
          ],
          [
            86.57347,
            25.37172
          ],
          [
            86.58136,
            25.35593
          ]
        ]
      }
    },
    {
      "type": "Feature",
      "properties": {
        "name": "Balan river",
        "name_hi": null,
        "name_en": null,
        "waterway": "river",
        "osm_ids": [
          "way/217892737"
        ],
        "osm_primary_id": "way/217892737",
        "source": "OpenStreetMap",
        "source_url": "https://www.openstreetmap.org/way/217892737",
        "wikidata": null,
        "wikipedia": null,
        "segment_count": 1
      },
      "geometry": {
        "type": "LineString",
        "coordinates": [
          [
            85.70671,
            25.67822
          ],
          [
            85.70769,
            25.67634
          ],
          [
            85.70458,
            25.67351
          ],
          [
            85.70634,
            25.66915
          ],
          [
            85.71741,
            25.67173
          ],
          [
            85.72241,
            25.66991
          ],
          [
            85.73825,
            25.67197
          ],
          [
            85.74245,
            25.68617
          ],
          [
            85.75926,
            25.68837
          ],
          [
            85.77426,
            25.67314
          ],
          [
            85.77474,
            25.66534
          ],
          [
            85.78167,
            25.65138
          ],
          [
            85.78028,
            25.64767
          ],
          [
            85.78985,
            25.6395
          ],
          [
            85.81527,
            25.64032
          ],
          [
            85.82701,
            25.64453
          ],
          [
            85.8252,
            25.65045
          ],
          [
            85.83145,
            25.64986
          ],
          [
            85.82607,
            25.66222
          ],
          [
            85.83257,
            25.66709
          ],
          [
            85.86819,
            25.62634
          ],
          [
            85.86953,
            25.61956
          ],
          [
            85.87267,
            25.61662
          ],
          [
            85.87029,
            25.61358
          ],
          [
            85.87085,
            25.60739
          ],
          [
            85.87448,
            25.60336
          ],
          [
            85.88071,
            25.60977
          ],
          [
            85.89567,
            25.60752
          ],
          [
            85.91084,
            25.62162
          ],
          [
            85.93047,
            25.62082
          ],
          [
            85.93656,
            25.60946
          ],
          [
            85.9435,
            25.606
          ],
          [
            85.94584,
            25.6006
          ],
          [
            85.95689,
            25.60028
          ],
          [
            85.95816,
            25.59845
          ],
          [
            85.95454,
            25.59022
          ],
          [
            85.94472,
            25.5786
          ],
          [
            85.94639,
            25.57309
          ],
          [
            85.95082,
            25.57002
          ],
          [
            85.95126,
            25.56008
          ],
          [
            85.9545,
            25.55385
          ],
          [
            85.96126,
            25.55057
          ],
          [
            85.97194,
            25.55889
          ],
          [
            85.97992,
            25.55406
          ],
          [
            85.97137,
            25.54913
          ],
          [
            85.97145,
            25.54711
          ],
          [
            85.98838,
            25.54584
          ],
          [
            85.99347,
            25.54189
          ],
          [
            86.00424,
            25.54687
          ],
          [
            86.00951,
            25.53699
          ],
          [
            86.01168,
            25.52117
          ],
          [
            86.00969,
            25.51849
          ],
          [
            86.00449,
            25.52276
          ],
          [
            86.00249,
            25.51619
          ],
          [
            86.01358,
            25.5001
          ],
          [
            86.02809,
            25.51319
          ],
          [
            86.03022,
            25.51104
          ],
          [
            86.02864,
            25.49976
          ],
          [
            86.03469,
            25.50248
          ],
          [
            86.04167,
            25.51062
          ],
          [
            86.05247,
            25.50631
          ]
        ]
      }
    },
    {
      "type": "Feature",
      "properties": {
        "name": "Batane",
        "name_hi": null,
        "name_en": null,
        "waterway": "river",
        "osm_ids": [
          "way/247585114"
        ],
        "osm_primary_id": "way/247585114",
        "source": "OpenStreetMap",
        "source_url": "https://www.openstreetmap.org/way/247585114",
        "wikidata": null,
        "wikipedia": null,
        "segment_count": 1
      },
      "geometry": {
        "type": "LineString",
        "coordinates": [
          [
            84.26999,
            24.33445
          ],
          [
            84.26666,
            24.34794
          ],
          [
            84.27153,
            24.35637
          ],
          [
            84.26768,
            24.36115
          ],
          [
            84.26875,
            24.36709
          ],
          [
            84.26576,
            24.37169
          ],
          [
            84.26728,
            24.38001
          ],
          [
            84.26351,
            24.38913
          ],
          [
            84.26414,
            24.39681
          ],
          [
            84.2456,
            24.4045
          ],
          [
            84.24763,
            24.40846
          ],
          [
            84.25336,
            24.40903
          ],
          [
            84.25225,
            24.41587
          ],
          [
            84.26001,
            24.42208
          ],
          [
            84.25996,
            24.42675
          ],
          [
            84.2682,
            24.43474
          ],
          [
            84.25606,
            24.44332
          ],
          [
            84.25536,
            24.45554
          ],
          [
            84.25172,
            24.46173
          ],
          [
            84.24509,
            24.45749
          ],
          [
            84.24293,
            24.45863
          ],
          [
            84.24691,
            24.46587
          ],
          [
            84.23864,
            24.47315
          ],
          [
            84.23902,
            24.48165
          ],
          [
            84.23652,
            24.48681
          ],
          [
            84.25296,
            24.49745
          ],
          [
            84.26162,
            24.49967
          ],
          [
            84.26198,
            24.50579
          ],
          [
            84.26446,
            24.50564
          ],
          [
            84.27004,
            24.51198
          ],
          [
            84.28461,
            24.51014
          ],
          [
            84.28631,
            24.51787
          ],
          [
            84.29379,
            24.52231
          ],
          [
            84.2928,
            24.52999
          ],
          [
            84.29887,
            24.53796
          ],
          [
            84.29805,
            24.55995
          ],
          [
            84.28859,
            24.56423
          ],
          [
            84.29528,
            24.57081
          ],
          [
            84.29467,
            24.58706
          ],
          [
            84.28701,
            24.60298
          ],
          [
            84.29047,
            24.61152
          ],
          [
            84.28382,
            24.61524
          ],
          [
            84.28727,
            24.62019
          ],
          [
            84.28797,
            24.63375
          ],
          [
            84.2918,
            24.63843
          ],
          [
            84.29,
            24.65153
          ],
          [
            84.29438,
            24.65732
          ],
          [
            84.29233,
            24.66628
          ],
          [
            84.29637,
            24.67334
          ],
          [
            84.29233,
            24.68127
          ],
          [
            84.29158,
            24.69483
          ],
          [
            84.29911,
            24.7064
          ],
          [
            84.31162,
            24.71348
          ],
          [
            84.31159,
            24.71969
          ],
          [
            84.30799,
            24.72589
          ],
          [
            84.30895,
            24.73236
          ],
          [
            84.31893,
            24.7414
          ],
          [
            84.31852,
            24.75564
          ],
          [
            84.32436,
            24.76617
          ],
          [
            84.32008,
            24.78583
          ],
          [
            84.32282,
            24.79613
          ],
          [
            84.31937,
            24.80377
          ],
          [
            84.32354,
            24.80877
          ],
          [
            84.32017,
            24.81355
          ],
          [
            84.3207,
            24.82098
          ],
          [
            84.32353,
            24.82505
          ],
          [
            84.32237,
            24.83217
          ],
          [
            84.31442,
            24.83905
          ],
          [
            84.31506,
            24.84508
          ],
          [
            84.30702,
            24.8481
          ],
          [
            84.30648,
            24.85311
          ]
        ]
      }
    },
    {
      "type": "Feature",
      "properties": {
        "name": "Adri",
        "name_hi": null,
        "name_en": null,
        "waterway": "river",
        "osm_ids": [
          "way/247591282"
        ],
        "osm_primary_id": "way/247591282",
        "source": "OpenStreetMap",
        "source_url": "https://www.openstreetmap.org/way/247591282",
        "wikidata": null,
        "wikipedia": null,
        "segment_count": 1
      },
      "geometry": {
        "type": "LineString",
        "coordinates": [
          [
            84.37507,
            24.86473
          ],
          [
            84.37768,
            24.86988
          ],
          [
            84.37482,
            24.87119
          ],
          [
            84.37665,
            24.87438
          ],
          [
            84.37222,
            24.88048
          ],
          [
            84.37571,
            24.88008
          ],
          [
            84.37449,
            24.88285
          ],
          [
            84.37774,
            24.88592
          ],
          [
            84.37412,
            24.88742
          ],
          [
            84.37774,
            24.88713
          ],
          [
            84.37938,
            24.89146
          ],
          [
            84.38243,
            24.88988
          ],
          [
            84.38435,
            24.89433
          ]
        ]
      }
    },
    {
      "type": "Feature",
      "properties": {
        "name": "Adari",
        "name_hi": null,
        "name_en": null,
        "waterway": "river",
        "osm_ids": [
          "way/247591368"
        ],
        "osm_primary_id": "way/247591368",
        "source": "OpenStreetMap",
        "source_url": "https://www.openstreetmap.org/way/247591368",
        "wikidata": null,
        "wikipedia": null,
        "segment_count": 1
      },
      "geometry": {
        "type": "LineString",
        "coordinates": [
          [
            84.37135,
            24.6665
          ],
          [
            84.36857,
            24.6685
          ],
          [
            84.37132,
            24.67358
          ],
          [
            84.37084,
            24.68174
          ],
          [
            84.36572,
            24.69698
          ],
          [
            84.36777,
            24.70074
          ],
          [
            84.37063,
            24.70069
          ],
          [
            84.37407,
            24.70776
          ],
          [
            84.37793,
            24.70849
          ],
          [
            84.3867,
            24.72873
          ],
          [
            84.38749,
            24.73548
          ],
          [
            84.3848,
            24.74036
          ],
          [
            84.38628,
            24.7522
          ],
          [
            84.3823,
            24.75456
          ],
          [
            84.38112,
            24.75919
          ],
          [
            84.38805,
            24.76808
          ],
          [
            84.39134,
            24.78021
          ],
          [
            84.38654,
            24.78346
          ],
          [
            84.38578,
            24.78691
          ],
          [
            84.38856,
            24.78853
          ],
          [
            84.3845,
            24.78945
          ],
          [
            84.38931,
            24.79266
          ],
          [
            84.38659,
            24.79553
          ],
          [
            84.38776,
            24.79771
          ],
          [
            84.38243,
            24.7966
          ],
          [
            84.37789,
            24.80432
          ],
          [
            84.37179,
            24.80649
          ],
          [
            84.37393,
            24.81086
          ],
          [
            84.37074,
            24.81713
          ],
          [
            84.37178,
            24.81925
          ],
          [
            84.36898,
            24.8201
          ],
          [
            84.37108,
            24.82185
          ],
          [
            84.37014,
            24.82516
          ],
          [
            84.36598,
            24.82556
          ],
          [
            84.36651,
            24.82762
          ],
          [
            84.36275,
            24.82891
          ],
          [
            84.36012,
            24.82797
          ],
          [
            84.36291,
            24.83335
          ],
          [
            84.35893,
            24.83806
          ],
          [
            84.36219,
            24.83804
          ],
          [
            84.36376,
            24.84444
          ],
          [
            84.3692,
            24.84755
          ],
          [
            84.3739,
            24.85938
          ],
          [
            84.373,
            24.86389
          ],
          [
            84.37507,
            24.86473
          ]
        ]
      }
    },
    {
      "type": "Feature",
      "properties": {
        "name": "mohana river",
        "name_hi": null,
        "name_en": null,
        "waterway": "river",
        "osm_ids": [
          "way/247620922"
        ],
        "osm_primary_id": "way/247620922",
        "source": "OpenStreetMap",
        "source_url": "https://www.openstreetmap.org/way/247620922",
        "wikidata": null,
        "wikipedia": null,
        "segment_count": 1
      },
      "geometry": {
        "type": "LineString",
        "coordinates": [
          [
            85.36169,
            25.19158
          ],
          [
            85.36321,
            25.19664
          ],
          [
            85.35911,
            25.19912
          ],
          [
            85.36723,
            25.20217
          ],
          [
            85.36187,
            25.21147
          ],
          [
            85.37016,
            25.20986
          ],
          [
            85.37148,
            25.21599
          ],
          [
            85.37554,
            25.21924
          ],
          [
            85.37391,
            25.22642
          ],
          [
            85.36834,
            25.23026
          ],
          [
            85.37067,
            25.23198
          ],
          [
            85.37713,
            25.23085
          ],
          [
            85.37611,
            25.2431
          ],
          [
            85.37968,
            25.24438
          ],
          [
            85.38454,
            25.24017
          ],
          [
            85.38678,
            25.2426
          ],
          [
            85.39546,
            25.2433
          ],
          [
            85.39642,
            25.25585
          ],
          [
            85.38791,
            25.26339
          ],
          [
            85.38979,
            25.26728
          ],
          [
            85.40205,
            25.26618
          ],
          [
            85.39876,
            25.27578
          ],
          [
            85.40357,
            25.27805
          ],
          [
            85.39575,
            25.28143
          ],
          [
            85.39421,
            25.28932
          ],
          [
            85.39531,
            25.2933
          ],
          [
            85.40115,
            25.29213
          ],
          [
            85.40577,
            25.29566
          ],
          [
            85.40617,
            25.29986
          ],
          [
            85.3981,
            25.30641
          ],
          [
            85.40927,
            25.30712
          ],
          [
            85.40339,
            25.31815
          ],
          [
            85.40636,
            25.32275
          ],
          [
            85.40146,
            25.3266
          ],
          [
            85.40918,
            25.32947
          ],
          [
            85.41089,
            25.33456
          ],
          [
            85.41594,
            25.32525
          ],
          [
            85.41853,
            25.32519
          ],
          [
            85.42056,
            25.33892
          ],
          [
            85.42773,
            25.33754
          ],
          [
            85.43051,
            25.34083
          ],
          [
            85.43032,
            25.34747
          ],
          [
            85.43313,
            25.3451
          ],
          [
            85.43657,
            25.34587
          ]
        ]
      }
    },
    {
      "type": "Feature",
      "properties": {
        "name": "Paimar",
        "name_hi": null,
        "name_en": null,
        "waterway": "river",
        "osm_ids": [
          "way/247657398"
        ],
        "osm_primary_id": "way/247657398",
        "source": "OpenStreetMap",
        "source_url": "https://www.openstreetmap.org/way/247657398",
        "wikidata": null,
        "wikipedia": null,
        "segment_count": 1
      },
      "geometry": {
        "type": "LineString",
        "coordinates": [
          [
            85.30417,
            24.51113
          ],
          [
            85.29287,
            24.50862
          ],
          [
            85.2799,
            24.52166
          ],
          [
            85.26713,
            24.52607
          ],
          [
            85.26706,
            24.53486
          ],
          [
            85.25685,
            24.53414
          ],
          [
            85.24745,
            24.537
          ],
          [
            85.23881,
            24.54811
          ],
          [
            85.23962,
            24.56494
          ],
          [
            85.23458,
            24.56482
          ],
          [
            85.22577,
            24.56894
          ],
          [
            85.22154,
            24.57552
          ],
          [
            85.22802,
            24.58693
          ],
          [
            85.22498,
            24.59445
          ],
          [
            85.22586,
            24.60804
          ],
          [
            85.23687,
            24.61648
          ],
          [
            85.23706,
            24.62503
          ],
          [
            85.2438,
            24.62872
          ],
          [
            85.25064,
            24.64159
          ],
          [
            85.24514,
            24.65547
          ],
          [
            85.24692,
            24.65786
          ],
          [
            85.25392,
            24.65851
          ],
          [
            85.25769,
            24.66359
          ],
          [
            85.25366,
            24.67807
          ],
          [
            85.24382,
            24.68388
          ],
          [
            85.24525,
            24.68812
          ],
          [
            85.25373,
            24.69169
          ],
          [
            85.2532,
            24.69467
          ],
          [
            85.24802,
            24.69828
          ],
          [
            85.24985,
            24.71366
          ],
          [
            85.26063,
            24.72403
          ],
          [
            85.26311,
            24.72953
          ],
          [
            85.27014,
            24.7333
          ],
          [
            85.26672,
            24.74321
          ],
          [
            85.27636,
            24.76338
          ],
          [
            85.27737,
            24.78119
          ],
          [
            85.29416,
            24.79269
          ],
          [
            85.30318,
            24.80544
          ],
          [
            85.30287,
            24.81918
          ],
          [
            85.31007,
            24.83128
          ],
          [
            85.32241,
            24.84248
          ],
          [
            85.32091,
            24.85789
          ],
          [
            85.32307,
            24.86803
          ],
          [
            85.32927,
            24.87138
          ],
          [
            85.33274,
            24.87645
          ],
          [
            85.34035,
            24.87885
          ],
          [
            85.34267,
            24.88231
          ],
          [
            85.34727,
            24.88187
          ],
          [
            85.35048,
            24.88688
          ],
          [
            85.35492,
            24.88688
          ],
          [
            85.36082,
            24.89299
          ],
          [
            85.37211,
            24.89009
          ],
          [
            85.38738,
            24.90216
          ],
          [
            85.38998,
            24.91683
          ],
          [
            85.42128,
            24.9336
          ],
          [
            85.42904,
            24.94167
          ],
          [
            85.42549,
            24.95348
          ],
          [
            85.42766,
            24.96751
          ],
          [
            85.45498,
            24.97463
          ],
          [
            85.46799,
            24.98541
          ],
          [
            85.47517,
            24.9978
          ],
          [
            85.48335,
            24.99849
          ],
          [
            85.49419,
            24.99553
          ]
        ]
      }
    },
    {
      "type": "Feature",
      "properties": {
        "name": "Chilkara",
        "name_hi": null,
        "name_en": null,
        "waterway": "river",
        "osm_ids": [
          "way/247787299"
        ],
        "osm_primary_id": "way/247787299",
        "source": "OpenStreetMap",
        "source_url": "https://www.openstreetmap.org/way/247787299",
        "wikidata": null,
        "wikipedia": null,
        "segment_count": 1
      },
      "geometry": {
        "type": "LineString",
        "coordinates": [
          [
            86.83887,
            24.69563
          ],
          [
            86.84311,
            24.70385
          ],
          [
            86.84932,
            24.70587
          ],
          [
            86.84691,
            24.71872
          ],
          [
            86.853,
            24.7204
          ],
          [
            86.85186,
            24.72868
          ],
          [
            86.86057,
            24.74176
          ],
          [
            86.87067,
            24.7465
          ],
          [
            86.87118,
            24.75311
          ],
          [
            86.87813,
            24.7594
          ],
          [
            86.87887,
            24.76289
          ],
          [
            86.90009,
            24.77168
          ],
          [
            86.90581,
            24.77869
          ]
        ]
      }
    },
    {
      "type": "Feature",
      "properties": {
        "name": "Chandan",
        "name_hi": null,
        "name_en": null,
        "waterway": "river",
        "osm_ids": [
          "way/247787304"
        ],
        "osm_primary_id": "way/247787304",
        "source": "OpenStreetMap",
        "source_url": "https://www.openstreetmap.org/way/247787304",
        "wikidata": null,
        "wikipedia": null,
        "segment_count": 1
      },
      "geometry": {
        "type": "LineString",
        "coordinates": [
          [
            86.6375,
            24.5969
          ],
          [
            86.6473,
            24.60616
          ],
          [
            86.65541,
            24.62378
          ],
          [
            86.66196,
            24.62838
          ],
          [
            86.66873,
            24.62511
          ],
          [
            86.67083,
            24.62943
          ],
          [
            86.67224,
            24.62734
          ],
          [
            86.67885,
            24.62757
          ],
          [
            86.68472,
            24.6233
          ],
          [
            86.72222,
            24.6188
          ],
          [
            86.72302,
            24.61456
          ],
          [
            86.72751,
            24.61062
          ],
          [
            86.73755,
            24.61142
          ],
          [
            86.74086,
            24.60963
          ],
          [
            86.7428,
            24.60563
          ],
          [
            86.74848,
            24.60259
          ],
          [
            86.74937,
            24.59447
          ],
          [
            86.75437,
            24.59219
          ],
          [
            86.76145,
            24.59449
          ],
          [
            86.76726,
            24.59157
          ],
          [
            86.77712,
            24.59471
          ],
          [
            86.78665,
            24.59216
          ],
          [
            86.78756,
            24.5965
          ],
          [
            86.80205,
            24.60125
          ],
          [
            86.81342,
            24.599
          ],
          [
            86.82858,
            24.61058
          ],
          [
            86.83404,
            24.61163
          ],
          [
            86.83975,
            24.62066
          ],
          [
            86.84626,
            24.62178
          ],
          [
            86.84912,
            24.6263
          ],
          [
            86.85263,
            24.62627
          ],
          [
            86.85271,
            24.63034
          ],
          [
            86.86382,
            24.62961
          ],
          [
            86.86293,
            24.63971
          ],
          [
            86.87204,
            24.63657
          ],
          [
            86.8819,
            24.63776
          ],
          [
            86.88561,
            24.64254
          ],
          [
            86.90819,
            24.64277
          ],
          [
            86.91318,
            24.65071
          ],
          [
            86.92036,
            24.65527
          ],
          [
            86.92015,
            24.67267
          ],
          [
            86.92506,
            24.67702
          ],
          [
            86.91071,
            24.69371
          ],
          [
            86.91462,
            24.69761
          ],
          [
            86.91909,
            24.711
          ],
          [
            86.91445,
            24.71598
          ],
          [
            86.91524,
            24.7232
          ],
          [
            86.90873,
            24.72924
          ],
          [
            86.91123,
            24.73654
          ],
          [
            86.9074,
            24.75055
          ],
          [
            86.91256,
            24.76555
          ],
          [
            86.90623,
            24.77648
          ],
          [
            86.90751,
            24.78608
          ],
          [
            86.90579,
            24.7935
          ],
          [
            86.90737,
            24.79625
          ],
          [
            86.91752,
            24.8005
          ],
          [
            86.92481,
            24.80933
          ],
          [
            86.92943,
            24.82477
          ],
          [
            86.93496,
            24.83254
          ],
          [
            86.93532,
            24.85498
          ],
          [
            86.9318,
            24.86899
          ],
          [
            86.93694,
            24.89056
          ],
          [
            86.93404,
            24.89589
          ],
          [
            86.9205,
            24.9035
          ],
          [
            86.91588,
            24.91028
          ],
          [
            86.9185,
            24.92881
          ],
          [
            86.92505,
            24.94485
          ],
          [
            86.92707,
            24.96261
          ],
          [
            86.92002,
            24.98267
          ],
          [
            86.92239,
            24.98652
          ],
          [
            86.93364,
            24.98933
          ],
          [
            86.93789,
            25.00537
          ],
          [
            86.94482,
            25.01572
          ],
          [
            86.94689,
            25.02359
          ],
          [
            86.95055,
            25.04786
          ],
          [
            86.9484,
            25.08061
          ],
          [
            86.95273,
            25.09452
          ],
          [
            86.95222,
            25.11786
          ],
          [
            86.94857,
            25.13119
          ],
          [
            86.95085,
            25.14039
          ],
          [
            86.95536,
            25.1498
          ],
          [
            86.95945,
            25.15288
          ],
          [
            86.96589,
            25.15312
          ],
          [
            86.96836,
            25.16346
          ],
          [
            86.97845,
            25.17115
          ],
          [
            86.98228,
            25.16996
          ],
          [
            86.99152,
            25.17539
          ],
          [
            87.00526,
            25.17477
          ]
        ]
      }
    },
    {
      "type": "Feature",
      "properties": {
        "name": "Dhibri",
        "name_hi": null,
        "name_en": null,
        "waterway": "river",
        "osm_ids": [
          "way/247788775"
        ],
        "osm_primary_id": "way/247788775",
        "source": "OpenStreetMap",
        "source_url": "https://www.openstreetmap.org/way/247788775",
        "wikidata": null,
        "wikipedia": null,
        "segment_count": 1
      },
      "geometry": {
        "type": "LineString",
        "coordinates": [
          [
            87.18752,
            24.69795
          ],
          [
            87.18389,
            24.69494
          ],
          [
            87.17777,
            24.69746
          ],
          [
            87.17515,
            24.69598
          ],
          [
            87.15516,
            24.715
          ],
          [
            87.13476,
            24.71878
          ],
          [
            87.1347,
            24.72243
          ],
          [
            87.13067,
            24.72404
          ],
          [
            87.13281,
            24.72963
          ],
          [
            87.10371,
            24.73708
          ]
        ]
      }
    },
    {
      "type": "Feature",
      "properties": {
        "name": "Chir",
        "name_hi": null,
        "name_en": null,
        "waterway": "river",
        "osm_ids": [
          "way/247788776"
        ],
        "osm_primary_id": "way/247788776",
        "source": "OpenStreetMap",
        "source_url": "https://www.openstreetmap.org/way/247788776",
        "wikidata": null,
        "wikipedia": null,
        "segment_count": 1
      },
      "geometry": {
        "type": "LineString",
        "coordinates": [
          [
            87.11722,
            24.85985
          ],
          [
            87.12935,
            24.86795
          ],
          [
            87.12775,
            24.87444
          ],
          [
            87.13659,
            24.88044
          ],
          [
            87.14515,
            24.89033
          ],
          [
            87.147,
            24.89496
          ],
          [
            87.14609,
            24.90792
          ]
        ]
      }
    },
    {
      "type": "Feature",
      "properties": {
        "name": "Garkhe",
        "name_hi": null,
        "name_en": null,
        "waterway": "river",
        "osm_ids": [
          "way/272558884"
        ],
        "osm_primary_id": "way/272558884",
        "source": "OpenStreetMap",
        "source_url": "https://www.openstreetmap.org/way/272558884",
        "wikidata": null,
        "wikipedia": null,
        "segment_count": 1
      },
      "geometry": {
        "type": "LineString",
        "coordinates": [
          [
            86.12601,
            25.23234
          ],
          [
            86.14258,
            25.23026
          ],
          [
            86.14893,
            25.21647
          ],
          [
            86.15877,
            25.22469
          ],
          [
            86.16114,
            25.22432
          ],
          [
            86.16435,
            25.21799
          ],
          [
            86.16229,
            25.21453
          ],
          [
            86.15694,
            25.21258
          ],
          [
            86.15713,
            25.20841
          ],
          [
            86.17692,
            25.20089
          ],
          [
            86.18295,
            25.20992
          ],
          [
            86.17565,
            25.21352
          ],
          [
            86.175,
            25.21628
          ],
          [
            86.18592,
            25.21917
          ],
          [
            86.19248,
            25.22515
          ],
          [
            86.20021,
            25.22241
          ],
          [
            86.21032,
            25.22454
          ],
          [
            86.21101,
            25.22849
          ],
          [
            86.20646,
            25.23505
          ],
          [
            86.20806,
            25.24135
          ],
          [
            86.2174,
            25.24715
          ],
          [
            86.22705,
            25.26269
          ],
          [
            86.23672,
            25.27168
          ],
          [
            86.26022,
            25.27942
          ],
          [
            86.2945,
            25.28315
          ],
          [
            86.33266,
            25.2927
          ],
          [
            86.3714,
            25.30599
          ],
          [
            86.38667,
            25.30814
          ],
          [
            86.40645,
            25.3064
          ],
          [
            86.42826,
            25.31279
          ],
          [
            86.4505,
            25.32709
          ],
          [
            86.45849,
            25.34022
          ],
          [
            86.46318,
            25.36304
          ],
          [
            86.46047,
            25.37798
          ],
          [
            86.45606,
            25.38494
          ],
          [
            86.46133,
            25.41589
          ]
        ]
      }
    },
    {
      "type": "Feature",
      "properties": {
        "name": "Barnar",
        "name_hi": null,
        "name_en": null,
        "waterway": "river",
        "osm_ids": [
          "way/272563263"
        ],
        "osm_primary_id": "way/272563263",
        "source": "OpenStreetMap",
        "source_url": "https://www.openstreetmap.org/way/272563263",
        "wikidata": null,
        "wikipedia": null,
        "segment_count": 1
      },
      "geometry": {
        "type": "LineString",
        "coordinates": [
          [
            86.31697,
            24.58853
          ],
          [
            86.32121,
            24.59511
          ],
          [
            86.31822,
            24.59525
          ],
          [
            86.31292,
            24.60223
          ],
          [
            86.31652,
            24.60449
          ],
          [
            86.3197,
            24.60199
          ],
          [
            86.32332,
            24.60324
          ],
          [
            86.31835,
            24.616
          ],
          [
            86.32124,
            24.6176
          ],
          [
            86.33174,
            24.63702
          ],
          [
            86.32906,
            24.63988
          ],
          [
            86.32803,
            24.65411
          ],
          [
            86.33148,
            24.67096
          ],
          [
            86.32212,
            24.67943
          ],
          [
            86.31906,
            24.68887
          ],
          [
            86.31021,
            24.69119
          ],
          [
            86.30469,
            24.70298
          ],
          [
            86.30271,
            24.72269
          ],
          [
            86.293,
            24.74063
          ],
          [
            86.29319,
            24.76339
          ],
          [
            86.29771,
            24.76986
          ],
          [
            86.29987,
            24.781
          ],
          [
            86.29328,
            24.80759
          ],
          [
            86.28458,
            24.82315
          ],
          [
            86.28667,
            24.83726
          ],
          [
            86.26878,
            24.86132
          ],
          [
            86.25565,
            24.86814
          ],
          [
            86.24645,
            24.88005
          ],
          [
            86.23968,
            24.88324
          ],
          [
            86.23141,
            24.89228
          ]
        ]
      }
    },
    {
      "type": "Feature",
      "properties": {
        "name": "Nakti",
        "name_hi": null,
        "name_en": null,
        "waterway": "river",
        "osm_ids": [
          "way/272598117"
        ],
        "osm_primary_id": "way/272598117",
        "source": "OpenStreetMap",
        "source_url": "https://www.openstreetmap.org/way/272598117",
        "wikidata": null,
        "wikipedia": null,
        "segment_count": 1
      },
      "geometry": {
        "type": "LineString",
        "coordinates": [
          [
            86.36538,
            24.87831
          ],
          [
            86.33652,
            24.8801
          ],
          [
            86.33721,
            24.88974
          ],
          [
            86.32322,
            24.89923
          ],
          [
            86.32105,
            24.90392
          ],
          [
            86.31704,
            24.90353
          ],
          [
            86.31403,
            24.90726
          ],
          [
            86.31416,
            24.91343
          ],
          [
            86.30487,
            24.91637
          ],
          [
            86.30505,
            24.92235
          ],
          [
            86.29567,
            24.92632
          ],
          [
            86.29237,
            24.93419
          ],
          [
            86.28576,
            24.93944
          ],
          [
            86.28955,
            24.94404
          ],
          [
            86.28205,
            24.94959
          ],
          [
            86.28195,
            24.95376
          ],
          [
            86.27524,
            24.95647
          ],
          [
            86.27004,
            24.95332
          ],
          [
            86.27052,
            24.95637
          ],
          [
            86.26506,
            24.96093
          ],
          [
            86.25786,
            24.95874
          ],
          [
            86.25314,
            24.96499
          ],
          [
            86.24426,
            24.96531
          ],
          [
            86.2426,
            24.96901
          ],
          [
            86.2451,
            24.97263
          ],
          [
            86.23987,
            24.97807
          ],
          [
            86.23381,
            24.97851
          ],
          [
            86.23184,
            24.98185
          ]
        ]
      }
    },
    {
      "type": "Feature",
      "properties": {
        "name": "Kharkan",
        "name_hi": null,
        "name_en": null,
        "waterway": "river",
        "osm_ids": [
          "way/272672099"
        ],
        "osm_primary_id": "way/272672099",
        "source": "OpenStreetMap",
        "source_url": "https://www.openstreetmap.org/way/272672099",
        "wikidata": null,
        "wikipedia": null,
        "segment_count": 1
      },
      "geometry": {
        "type": "LineString",
        "coordinates": [
          [
            86.70511,
            24.80346
          ],
          [
            86.72043,
            24.80999
          ],
          [
            86.72902,
            24.81013
          ],
          [
            86.73144,
            24.81357
          ],
          [
            86.74173,
            24.81367
          ],
          [
            86.74354,
            24.81664
          ],
          [
            86.74991,
            24.81727
          ],
          [
            86.75117,
            24.82078
          ],
          [
            86.75896,
            24.82143
          ],
          [
            86.76199,
            24.81881
          ],
          [
            86.77016,
            24.82308
          ],
          [
            86.77469,
            24.81861
          ],
          [
            86.78244,
            24.81821
          ],
          [
            86.79913,
            24.82537
          ],
          [
            86.81963,
            24.82361
          ],
          [
            86.8245,
            24.82786
          ],
          [
            86.82563,
            24.83505
          ],
          [
            86.83962,
            24.83473
          ],
          [
            86.84451,
            24.83827
          ],
          [
            86.85077,
            24.83681
          ],
          [
            86.85744,
            24.84199
          ],
          [
            86.86729,
            24.84309
          ],
          [
            86.87856,
            24.85734
          ],
          [
            86.91031,
            24.87115
          ],
          [
            86.90983,
            24.8783
          ],
          [
            86.91317,
            24.88567
          ],
          [
            86.90629,
            24.89588
          ],
          [
            86.90641,
            24.90607
          ],
          [
            86.91551,
            24.91303
          ]
        ]
      }
    },
    {
      "type": "Feature",
      "properties": {
        "name": "Panaria",
        "name_hi": null,
        "name_en": null,
        "waterway": "river",
        "osm_ids": [
          "way/275068010"
        ],
        "osm_primary_id": "way/275068010",
        "source": "OpenStreetMap",
        "source_url": "https://www.openstreetmap.org/way/275068010",
        "wikidata": null,
        "wikipedia": null,
        "segment_count": 1
      },
      "geometry": {
        "type": "LineString",
        "coordinates": [
          [
            87.08976,
            24.67317
          ],
          [
            87.09045,
            24.68156
          ],
          [
            87.09628,
            24.68977
          ],
          [
            87.09345,
            24.69312
          ],
          [
            87.09874,
            24.69882
          ],
          [
            87.09551,
            24.70875
          ],
          [
            87.09904,
            24.71459
          ],
          [
            87.0957,
            24.73256
          ],
          [
            87.10113,
            24.73934
          ]
        ]
      }
    },
    {
      "type": "Feature",
      "properties": {
        "name": "Gahra Nadi",
        "name_hi": null,
        "name_en": "Gahra Nadi",
        "waterway": "river",
        "osm_ids": [
          "way/275068087"
        ],
        "osm_primary_id": "way/275068087",
        "source": "OpenStreetMap",
        "source_url": "https://www.openstreetmap.org/way/275068087",
        "wikidata": null,
        "wikipedia": null,
        "segment_count": 1
      },
      "geometry": {
        "type": "LineString",
        "coordinates": [
          [
            87.16101,
            25.08326
          ],
          [
            87.16481,
            25.08897
          ],
          [
            87.17422,
            25.09272
          ],
          [
            87.17077,
            25.09607
          ],
          [
            87.17631,
            25.09991
          ],
          [
            87.17331,
            25.10179
          ],
          [
            87.17625,
            25.10571
          ],
          [
            87.18069,
            25.10783
          ],
          [
            87.18413,
            25.10591
          ],
          [
            87.19156,
            25.10722
          ],
          [
            87.18983,
            25.11274
          ],
          [
            87.19424,
            25.11626
          ]
        ]
      }
    },
    {
      "type": "Feature",
      "properties": {
        "name": "Harna Nadi",
        "name_hi": null,
        "name_en": "Harna nadi",
        "waterway": "river",
        "osm_ids": [
          "way/275068145"
        ],
        "osm_primary_id": "way/275068145",
        "source": "OpenStreetMap",
        "source_url": "https://www.openstreetmap.org/way/275068145",
        "wikidata": null,
        "wikipedia": null,
        "segment_count": 1
      },
      "geometry": {
        "type": "LineString",
        "coordinates": [
          [
            87.36321,
            24.84766
          ],
          [
            87.35252,
            24.851
          ],
          [
            87.3501,
            24.84943
          ],
          [
            87.34678,
            24.8543
          ],
          [
            87.34318,
            24.84836
          ],
          [
            87.31984,
            24.85101
          ],
          [
            87.31428,
            24.84888
          ],
          [
            87.30835,
            24.84145
          ],
          [
            87.30509,
            24.84385
          ],
          [
            87.29497,
            24.83919
          ],
          [
            87.28223,
            24.83777
          ],
          [
            87.27941,
            24.83957
          ],
          [
            87.2794,
            24.84265
          ],
          [
            87.26876,
            24.84594
          ],
          [
            87.25949,
            24.85136
          ],
          [
            87.2562,
            24.85604
          ],
          [
            87.24539,
            24.85594
          ],
          [
            87.23912,
            24.86247
          ],
          [
            87.23459,
            24.86209
          ],
          [
            87.23144,
            24.87351
          ],
          [
            87.21892,
            24.8855
          ],
          [
            87.21072,
            24.88823
          ],
          [
            87.20738,
            24.87979
          ],
          [
            87.20447,
            24.87955
          ],
          [
            87.19382,
            24.88286
          ],
          [
            87.19,
            24.88794
          ],
          [
            87.17944,
            24.88877
          ],
          [
            87.17629,
            24.8968
          ],
          [
            87.16655,
            24.89319
          ],
          [
            87.15961,
            24.89384
          ]
        ]
      }
    },
    {
      "type": "Feature",
      "properties": {
        "name": "Paharia",
        "name_hi": null,
        "name_en": null,
        "waterway": "river",
        "osm_ids": [
          "way/275215107"
        ],
        "osm_primary_id": "way/275215107",
        "source": "OpenStreetMap",
        "source_url": "https://www.openstreetmap.org/way/275215107",
        "wikidata": null,
        "wikipedia": null,
        "segment_count": 1
      },
      "geometry": {
        "type": "LineString",
        "coordinates": [
          [
            87.06054,
            24.7126
          ],
          [
            87.0621,
            24.71792
          ],
          [
            87.06844,
            24.72114
          ],
          [
            87.06094,
            24.72572
          ],
          [
            87.06723,
            24.73149
          ],
          [
            87.06278,
            24.74886
          ],
          [
            87.073,
            24.76344
          ],
          [
            87.07507,
            24.7821
          ]
        ]
      }
    },
    {
      "type": "Feature",
      "properties": {
        "name": "Bihārjori Nadi",
        "name_hi": null,
        "name_en": "Biharjori Nadi",
        "waterway": "river",
        "osm_ids": [
          "way/275302786"
        ],
        "osm_primary_id": "way/275302786",
        "source": "OpenStreetMap",
        "source_url": "https://www.openstreetmap.org/way/275302786",
        "wikidata": null,
        "wikipedia": null,
        "segment_count": 1
      },
      "geometry": {
        "type": "LineString",
        "coordinates": [
          [
            87.17905,
            24.75792
          ],
          [
            87.17819,
            24.7661
          ],
          [
            87.17536,
            24.76703
          ],
          [
            87.1765,
            24.76979
          ],
          [
            87.16965,
            24.77103
          ],
          [
            87.16782,
            24.78703
          ],
          [
            87.16187,
            24.79107
          ],
          [
            87.16176,
            24.79616
          ],
          [
            87.15865,
            24.80005
          ],
          [
            87.15937,
            24.81235
          ],
          [
            87.16223,
            24.81562
          ],
          [
            87.16052,
            24.82006
          ],
          [
            87.15713,
            24.82012
          ],
          [
            87.14499,
            24.8286
          ],
          [
            87.14321,
            24.83618
          ],
          [
            87.11734,
            24.84875
          ],
          [
            87.11832,
            24.85485
          ],
          [
            87.12227,
            24.85605
          ],
          [
            87.12398,
            24.85969
          ]
        ]
      }
    },
    {
      "type": "Feature",
      "properties": {
        "name": "Guhka",
        "name_hi": null,
        "name_en": null,
        "waterway": "river",
        "osm_ids": [
          "way/275302799"
        ],
        "osm_primary_id": "way/275302799",
        "source": "OpenStreetMap",
        "source_url": "https://www.openstreetmap.org/way/275302799",
        "wikidata": null,
        "wikipedia": null,
        "segment_count": 1
      },
      "geometry": {
        "type": "LineString",
        "coordinates": [
          [
            87.11722,
            24.85985
          ],
          [
            87.12755,
            24.85949
          ],
          [
            87.13805,
            24.86794
          ],
          [
            87.1472,
            24.87099
          ],
          [
            87.15611,
            24.88579
          ],
          [
            87.15412,
            24.89944
          ]
        ]
      }
    },
    {
      "type": "Feature",
      "properties": {
        "name": "Kajhhia",
        "name_hi": null,
        "name_en": null,
        "waterway": "river",
        "osm_ids": [
          "way/275302802"
        ],
        "osm_primary_id": "way/275302802",
        "source": "OpenStreetMap",
        "source_url": "https://www.openstreetmap.org/way/275302802",
        "wikidata": null,
        "wikipedia": null,
        "segment_count": 1
      },
      "geometry": {
        "type": "LineString",
        "coordinates": [
          [
            87.15412,
            24.89944
          ],
          [
            87.15113,
            24.90471
          ],
          [
            87.14664,
            24.9064
          ]
        ]
      }
    },
    {
      "type": "Feature",
      "properties": {
        "name": "Badshahi Nalla",
        "name_hi": null,
        "name_en": null,
        "waterway": "river",
        "osm_ids": [
          "way/314694131"
        ],
        "osm_primary_id": "way/314694131",
        "source": "OpenStreetMap",
        "source_url": "https://www.openstreetmap.org/way/314694131",
        "wikidata": null,
        "wikipedia": null,
        "segment_count": 1
      },
      "geometry": {
        "type": "LineString",
        "coordinates": [
          [
            85.17197,
            25.5838
          ],
          [
            85.17038,
            25.57812
          ],
          [
            85.18236,
            25.57685
          ],
          [
            85.2008,
            25.5703
          ],
          [
            85.20399,
            25.56836
          ],
          [
            85.20261,
            25.56379
          ],
          [
            85.20613,
            25.55975
          ],
          [
            85.21445,
            25.55638
          ],
          [
            85.21689,
            25.55783
          ],
          [
            85.22129,
            25.5531
          ],
          [
            85.22688,
            25.5547
          ]
        ]
      }
    },
    {
      "type": "Feature",
      "properties": {
        "name": "Dharmauti",
        "name_hi": null,
        "name_en": null,
        "waterway": "river",
        "osm_ids": [
          "way/317382796"
        ],
        "osm_primary_id": "way/317382796",
        "source": "OpenStreetMap",
        "source_url": "https://www.openstreetmap.org/way/317382796",
        "wikidata": null,
        "wikipedia": null,
        "segment_count": 1
      },
      "geometry": {
        "type": "LineString",
        "coordinates": [
          [
            84.01263,
            25.26306
          ],
          [
            84.011,
            25.26563
          ],
          [
            84.00518,
            25.2654
          ],
          [
            84.00299,
            25.26963
          ],
          [
            83.99738,
            25.27106
          ],
          [
            83.98981,
            25.26619
          ],
          [
            83.97647,
            25.2721
          ],
          [
            83.97609,
            25.27452
          ],
          [
            83.97099,
            25.27698
          ],
          [
            83.97076,
            25.28035
          ],
          [
            83.95685,
            25.2837
          ],
          [
            83.95742,
            25.28587
          ],
          [
            83.94282,
            25.28567
          ],
          [
            83.9432,
            25.28875
          ],
          [
            83.93897,
            25.28619
          ],
          [
            83.93275,
            25.29073
          ],
          [
            83.92774,
            25.2901
          ],
          [
            83.92893,
            25.2925
          ],
          [
            83.92585,
            25.2948
          ],
          [
            83.9142,
            25.29466
          ],
          [
            83.90663,
            25.29733
          ],
          [
            83.8996,
            25.29318
          ],
          [
            83.89731,
            25.29494
          ]
        ]
      }
    },
    {
      "type": "Feature",
      "properties": {
        "name": "kaw nadi",
        "name_hi": null,
        "name_en": null,
        "waterway": "river",
        "osm_ids": [
          "way/317484509"
        ],
        "osm_primary_id": "way/317484509",
        "source": "OpenStreetMap",
        "source_url": "https://www.openstreetmap.org/way/317484509",
        "wikidata": null,
        "wikipedia": null,
        "segment_count": 1
      },
      "geometry": {
        "type": "LineString",
        "coordinates": [
          [
            84.25146,
            25.21612
          ],
          [
            84.25476,
            25.21445
          ],
          [
            84.25759,
            25.21752
          ],
          [
            84.26467,
            25.21497
          ],
          [
            84.26804,
            25.21651
          ],
          [
            84.26838,
            25.21478
          ]
        ]
      }
    },
    {
      "type": "Feature",
      "properties": {
        "name": "Bansi River",
        "name_hi": null,
        "name_en": null,
        "waterway": "river",
        "osm_ids": [
          "way/319423465"
        ],
        "osm_primary_id": "way/319423465",
        "source": "OpenStreetMap",
        "source_url": "https://www.openstreetmap.org/way/319423465",
        "wikidata": null,
        "wikipedia": null,
        "segment_count": 1
      },
      "geometry": {
        "type": "LineString",
        "coordinates": [
          [
            83.85353,
            27.06895
          ],
          [
            83.86359,
            27.07105
          ],
          [
            83.8738,
            27.0684
          ],
          [
            83.89155,
            27.0509
          ],
          [
            83.89848,
            27.05161
          ],
          [
            83.93475,
            27.0171
          ],
          [
            83.93205,
            26.99153
          ],
          [
            83.95111,
            26.98016
          ],
          [
            83.95277,
            26.9746
          ],
          [
            83.95877,
            26.97122
          ],
          [
            83.95924,
            26.9677
          ],
          [
            83.96225,
            26.96767
          ],
          [
            83.95913,
            26.96421
          ],
          [
            83.95451,
            26.94648
          ],
          [
            83.96476,
            26.93335
          ],
          [
            83.9785,
            26.9331
          ],
          [
            83.98835,
            26.92646
          ],
          [
            84.00047,
            26.93183
          ],
          [
            84.00857,
            26.93091
          ],
          [
            84.00789,
            26.92796
          ],
          [
            84.01422,
            26.9192
          ],
          [
            84.01759,
            26.90641
          ],
          [
            84.03804,
            26.90436
          ],
          [
            84.04246,
            26.90009
          ],
          [
            84.0463,
            26.90287
          ],
          [
            84.04504,
            26.90587
          ],
          [
            84.04746,
            26.90721
          ],
          [
            84.04932,
            26.90188
          ],
          [
            84.05346,
            26.90476
          ],
          [
            84.05606,
            26.90193
          ],
          [
            84.05791,
            26.90309
          ],
          [
            84.06167,
            26.89342
          ],
          [
            84.06021,
            26.88716
          ],
          [
            84.06765,
            26.88863
          ],
          [
            84.0765,
            26.88319
          ],
          [
            84.07814,
            26.87831
          ],
          [
            84.08133,
            26.87707
          ],
          [
            84.08507,
            26.87723
          ],
          [
            84.08714,
            26.8822
          ],
          [
            84.09093,
            26.88298
          ],
          [
            84.09256,
            26.88101
          ],
          [
            84.09545,
            26.88199
          ],
          [
            84.09659,
            26.87573
          ],
          [
            84.10124,
            26.87774
          ],
          [
            84.10591,
            26.88448
          ],
          [
            84.10753,
            26.89791
          ],
          [
            84.11048,
            26.89952
          ],
          [
            84.11682,
            26.89559
          ],
          [
            84.11805,
            26.88768
          ],
          [
            84.12847,
            26.89358
          ],
          [
            84.13249,
            26.89126
          ],
          [
            84.12987,
            26.88768
          ],
          [
            84.13213,
            26.88285
          ],
          [
            84.14479,
            26.88667
          ],
          [
            84.14897,
            26.88167
          ],
          [
            84.1445,
            26.87611
          ],
          [
            84.14536,
            26.86859
          ],
          [
            84.14069,
            26.86629
          ],
          [
            84.13965,
            26.86312
          ],
          [
            84.14205,
            26.84991
          ],
          [
            84.14805,
            26.84679
          ],
          [
            84.14655,
            26.83313
          ],
          [
            84.14942,
            26.82954
          ],
          [
            84.15525,
            26.82992
          ],
          [
            84.15961,
            26.82658
          ],
          [
            84.16774,
            26.82796
          ],
          [
            84.17675,
            26.82614
          ],
          [
            84.18105,
            26.82129
          ],
          [
            84.19491,
            26.81647
          ],
          [
            84.19507,
            26.80958
          ],
          [
            84.19967,
            26.80357
          ],
          [
            84.20561,
            26.80237
          ],
          [
            84.20419,
            26.79852
          ],
          [
            84.19677,
            26.79602
          ],
          [
            84.19986,
            26.78731
          ],
          [
            84.20695,
            26.78174
          ],
          [
            84.21462,
            26.78252
          ],
          [
            84.22086,
            26.77631
          ],
          [
            84.22255,
            26.77139
          ],
          [
            84.21857,
            26.76692
          ],
          [
            84.22336,
            26.76243
          ],
          [
            84.22104,
            26.75547
          ],
          [
            84.22764,
            26.75148
          ],
          [
            84.22683,
            26.74819
          ],
          [
            84.23307,
            26.74269
          ],
          [
            84.23186,
            26.73911
          ],
          [
            84.22774,
            26.73807
          ],
          [
            84.22995,
            26.73405
          ],
          [
            84.24258,
            26.73519
          ],
          [
            84.24935,
            26.72813
          ],
          [
            84.26181,
            26.72419
          ],
          [
            84.26498,
            26.72775
          ],
          [
            84.25709,
            26.73126
          ],
          [
            84.2567,
            26.73351
          ],
          [
            84.26785,
            26.73696
          ],
          [
            84.26682,
            26.74185
          ],
          [
            84.2704,
            26.74402
          ],
          [
            84.27897,
            26.74065
          ],
          [
            84.2783,
            26.73595
          ],
          [
            84.2807,
            26.73261
          ],
          [
            84.29215,
            26.73498
          ],
          [
            84.29337,
            26.72758
          ],
          [
            84.29992,
            26.72275
          ],
          [
            84.29851,
            26.71821
          ],
          [
            84.30786,
            26.71444
          ],
          [
            84.31373,
            26.70458
          ],
          [
            84.31698,
            26.70388
          ]
        ]
      }
    },
    {
      "type": "Feature",
      "properties": {
        "name": "Ghāghi Nāla",
        "name_hi": null,
        "name_en": "Ghaghi Nala",
        "waterway": "river",
        "osm_ids": [
          "way/319555030"
        ],
        "osm_primary_id": "way/319555030",
        "source": "OpenStreetMap",
        "source_url": "https://www.openstreetmap.org/way/319555030",
        "wikidata": null,
        "wikipedia": null,
        "segment_count": 1
      },
      "geometry": {
        "type": "LineString",
        "coordinates": [
          [
            84.00752,
            26.84542
          ],
          [
            84.00949,
            26.84144
          ],
          [
            84.01565,
            26.83927
          ],
          [
            84.02186,
            26.82651
          ],
          [
            84.01435,
            26.81254
          ],
          [
            84.01968,
            26.80744
          ],
          [
            84.01627,
            26.80111
          ],
          [
            84.01611,
            26.79433
          ],
          [
            84.00922,
            26.78281
          ],
          [
            84.01015,
            26.78075
          ],
          [
            84.00633,
            26.77878
          ],
          [
            84.00762,
            26.77261
          ],
          [
            84.00641,
            26.76877
          ],
          [
            84.00304,
            26.76817
          ],
          [
            84.00411,
            26.76441
          ],
          [
            83.99996,
            26.76574
          ],
          [
            84.00014,
            26.76995
          ],
          [
            83.99583,
            26.77268
          ],
          [
            83.99634,
            26.76963
          ],
          [
            83.9862,
            26.77036
          ],
          [
            83.98462,
            26.76697
          ],
          [
            83.98733,
            26.76106
          ],
          [
            83.98403,
            26.75728
          ],
          [
            83.98877,
            26.74497
          ],
          [
            83.9935,
            26.74311
          ],
          [
            83.99229,
            26.73913
          ],
          [
            83.99423,
            26.73689
          ],
          [
            83.99179,
            26.73565
          ],
          [
            83.99931,
            26.73156
          ],
          [
            83.99725,
            26.7294
          ],
          [
            83.99764,
            26.72278
          ],
          [
            84.00122,
            26.71901
          ],
          [
            84.00274,
            26.72016
          ],
          [
            84.00128,
            26.71636
          ],
          [
            84.00397,
            26.71535
          ],
          [
            84.00114,
            26.70708
          ],
          [
            83.99487,
            26.70568
          ],
          [
            83.99267,
            26.70012
          ],
          [
            83.98207,
            26.69915
          ],
          [
            83.97695,
            26.6927
          ],
          [
            83.98215,
            26.68624
          ],
          [
            83.98233,
            26.6751
          ],
          [
            83.96864,
            26.66634
          ],
          [
            83.96456,
            26.65941
          ],
          [
            83.96342,
            26.65496
          ],
          [
            83.96772,
            26.64371
          ],
          [
            83.96182,
            26.63168
          ],
          [
            83.96662,
            26.62498
          ],
          [
            83.9763,
            26.62335
          ],
          [
            83.98141,
            26.61655
          ],
          [
            83.98807,
            26.6128
          ],
          [
            83.98939,
            26.60024
          ],
          [
            83.99479,
            26.59349
          ],
          [
            83.99774,
            26.5936
          ],
          [
            83.99832,
            26.59581
          ],
          [
            84.00403,
            26.59305
          ],
          [
            84.00839,
            26.57961
          ],
          [
            84.01486,
            26.57521
          ],
          [
            84.01852,
            26.57667
          ],
          [
            84.03136,
            26.5723
          ],
          [
            84.03338,
            26.56374
          ],
          [
            84.04368,
            26.55417
          ],
          [
            84.05468,
            26.55018
          ],
          [
            84.0566,
            26.54725
          ],
          [
            84.05589,
            26.54317
          ],
          [
            84.04717,
            26.53597
          ],
          [
            84.02301,
            26.53171
          ],
          [
            84.01381,
            26.52756
          ],
          [
            84.00818,
            26.52028
          ],
          [
            84.00227,
            26.51777
          ],
          [
            84.00227,
            26.5145
          ],
          [
            84.00843,
            26.51056
          ],
          [
            84.0063,
            26.50563
          ],
          [
            84.00155,
            26.50527
          ],
          [
            83.99999,
            26.50262
          ],
          [
            84.00816,
            26.48865
          ],
          [
            84.0026,
            26.48798
          ],
          [
            84.00078,
            26.48184
          ],
          [
            83.99431,
            26.48569
          ],
          [
            83.98568,
            26.48025
          ],
          [
            83.98877,
            26.47803
          ],
          [
            83.99144,
            26.46754
          ],
          [
            83.99718,
            26.45968
          ],
          [
            83.9966,
            26.44977
          ],
          [
            84.00663,
            26.44345
          ],
          [
            84.01739,
            26.44693
          ],
          [
            84.02045,
            26.44541
          ],
          [
            84.02516,
            26.43601
          ],
          [
            84.02294,
            26.43046
          ],
          [
            84.03561,
            26.4176
          ],
          [
            84.03375,
            26.41073
          ],
          [
            84.02538,
            26.40959
          ],
          [
            84.02089,
            26.4047
          ],
          [
            84.02336,
            26.39758
          ],
          [
            84.03439,
            26.38448
          ],
          [
            84.03236,
            26.37821
          ],
          [
            84.02413,
            26.37549
          ],
          [
            84.02243,
            26.36534
          ],
          [
            84.02541,
            26.36106
          ],
          [
            84.02113,
            26.35809
          ],
          [
            84.0225,
            26.34872
          ],
          [
            84.02004,
            26.3467
          ],
          [
            84.01929,
            26.35061
          ],
          [
            84.01569,
            26.35214
          ],
          [
            84.00584,
            26.34542
          ]
        ]
      }
    },
    {
      "type": "Feature",
      "properties": {
        "name": "Kosi tributary",
        "name_hi": null,
        "name_en": null,
        "waterway": "river",
        "osm_ids": [
          "way/319678895"
        ],
        "osm_primary_id": "way/319678895",
        "source": "OpenStreetMap",
        "source_url": "https://www.openstreetmap.org/way/319678895",
        "wikidata": null,
        "wikipedia": null,
        "segment_count": 1
      },
      "geometry": {
        "type": "LineString",
        "coordinates": [
          [
            86.95729,
            25.954
          ],
          [
            86.9604,
            25.95027
          ],
          [
            86.95779,
            25.94614
          ],
          [
            86.95873,
            25.94236
          ],
          [
            86.94671,
            25.92565
          ],
          [
            86.94237,
            25.91386
          ],
          [
            86.94341,
            25.90535
          ],
          [
            86.94709,
            25.90015
          ],
          [
            86.94443,
            25.89763
          ],
          [
            86.94546,
            25.89045
          ],
          [
            86.95342,
            25.88005
          ],
          [
            86.9502,
            25.87158
          ],
          [
            86.93784,
            25.86566
          ],
          [
            86.94277,
            25.85776
          ],
          [
            86.93847,
            25.85637
          ],
          [
            86.93154,
            25.84517
          ],
          [
            86.92378,
            25.84013
          ],
          [
            86.92129,
            25.82691
          ],
          [
            86.90502,
            25.81564
          ],
          [
            86.90667,
            25.80285
          ],
          [
            86.90066,
            25.80208
          ],
          [
            86.9013,
            25.80614
          ],
          [
            86.89782,
            25.80881
          ],
          [
            86.89229,
            25.80716
          ],
          [
            86.89297,
            25.80204
          ],
          [
            86.89902,
            25.79778
          ],
          [
            86.897,
            25.79215
          ],
          [
            86.89226,
            25.78806
          ],
          [
            86.88966,
            25.79749
          ],
          [
            86.88498,
            25.7972
          ],
          [
            86.8859,
            25.79381
          ],
          [
            86.88335,
            25.79024
          ],
          [
            86.88984,
            25.7826
          ],
          [
            86.88397,
            25.77875
          ],
          [
            86.87667,
            25.78028
          ],
          [
            86.8716,
            25.77662
          ],
          [
            86.86584,
            25.77909
          ],
          [
            86.86369,
            25.77552
          ],
          [
            86.86451,
            25.76846
          ],
          [
            86.85619,
            25.76004
          ],
          [
            86.85665,
            25.75483
          ],
          [
            86.85387,
            25.7545
          ],
          [
            86.84826,
            25.7591
          ],
          [
            86.846,
            25.7514
          ],
          [
            86.83954,
            25.75414
          ],
          [
            86.84063,
            25.74606
          ],
          [
            86.84461,
            25.74307
          ],
          [
            86.84012,
            25.73835
          ],
          [
            86.84399,
            25.73769
          ],
          [
            86.84412,
            25.73531
          ],
          [
            86.83881,
            25.73689
          ],
          [
            86.83753,
            25.73252
          ],
          [
            86.8333,
            25.735
          ],
          [
            86.83004,
            25.72844
          ],
          [
            86.82254,
            25.72732
          ],
          [
            86.82028,
            25.72279
          ],
          [
            86.80091,
            25.71041
          ],
          [
            86.78834,
            25.7125
          ],
          [
            86.77574,
            25.70984
          ],
          [
            86.76742,
            25.71217
          ],
          [
            86.7593,
            25.71033
          ],
          [
            86.74404,
            25.68931
          ],
          [
            86.73343,
            25.66923
          ],
          [
            86.72703,
            25.66937
          ],
          [
            86.72263,
            25.66443
          ],
          [
            86.71859,
            25.66657
          ],
          [
            86.71595,
            25.66299
          ],
          [
            86.71033,
            25.66367
          ]
        ]
      }
    },
    {
      "type": "Feature",
      "properties": {
        "name": "Harha Nadi",
        "name_hi": null,
        "name_en": "Harha Nadi",
        "waterway": "river",
        "osm_ids": [
          "way/327974282"
        ],
        "osm_primary_id": "way/327974282",
        "source": "OpenStreetMap",
        "source_url": "https://www.openstreetmap.org/way/327974282",
        "wikidata": null,
        "wikipedia": null,
        "segment_count": 1
      },
      "geometry": {
        "type": "LineString",
        "coordinates": [
          [
            84.22434,
            27.23888
          ],
          [
            84.22498,
            27.23423
          ],
          [
            84.22206,
            27.22984
          ],
          [
            84.22479,
            27.22521
          ],
          [
            84.22393,
            27.22111
          ],
          [
            84.22855,
            27.2136
          ],
          [
            84.23633,
            27.20746
          ],
          [
            84.22905,
            27.196
          ],
          [
            84.2296,
            27.19092
          ],
          [
            84.23683,
            27.18456
          ],
          [
            84.23401,
            27.17846
          ],
          [
            84.23591,
            27.16909
          ],
          [
            84.24487,
            27.16038
          ],
          [
            84.24588,
            27.15251
          ],
          [
            84.24146,
            27.14407
          ],
          [
            84.24805,
            27.14558
          ],
          [
            84.25012,
            27.14172
          ],
          [
            84.24665,
            27.13195
          ],
          [
            84.24699,
            27.12478
          ],
          [
            84.24248,
            27.12472
          ],
          [
            84.2464,
            27.1209
          ],
          [
            84.24037,
            27.11534
          ],
          [
            84.24048,
            27.1108
          ],
          [
            84.24351,
            27.11046
          ],
          [
            84.2447,
            27.10693
          ],
          [
            84.25031,
            27.10641
          ],
          [
            84.24925,
            27.10236
          ],
          [
            84.25418,
            27.09517
          ],
          [
            84.24865,
            27.08496
          ],
          [
            84.24896,
            27.07729
          ],
          [
            84.24345,
            27.07562
          ],
          [
            84.24001,
            27.05625
          ],
          [
            84.25932,
            27.04445
          ],
          [
            84.26132,
            27.04582
          ],
          [
            84.25991,
            27.04821
          ],
          [
            84.26923,
            27.04907
          ],
          [
            84.27169,
            27.05228
          ],
          [
            84.27884,
            27.0474
          ],
          [
            84.28136,
            27.0489
          ],
          [
            84.28151,
            27.04106
          ],
          [
            84.2844,
            27.04128
          ],
          [
            84.28625,
            27.04535
          ],
          [
            84.29016,
            27.0449
          ],
          [
            84.28923,
            27.04338
          ],
          [
            84.29155,
            27.04492
          ],
          [
            84.29725,
            27.04083
          ],
          [
            84.30238,
            27.04335
          ],
          [
            84.30621,
            27.04104
          ],
          [
            84.30387,
            27.0366
          ],
          [
            84.30672,
            27.03817
          ],
          [
            84.31632,
            27.03494
          ],
          [
            84.31851,
            27.04041
          ],
          [
            84.32437,
            27.03435
          ],
          [
            84.33637,
            27.04045
          ]
        ]
      }
    },
    {
      "type": "Feature",
      "properties": {
        "name": "নাগর নদী",
        "name_hi": null,
        "name_en": "Nagri River",
        "waterway": "river",
        "osm_ids": [
          "way/328249976"
        ],
        "osm_primary_id": "way/328249976",
        "source": "OpenStreetMap",
        "source_url": "https://www.openstreetmap.org/way/328249976",
        "wikidata": null,
        "wikipedia": null,
        "segment_count": 1
      },
      "geometry": {
        "type": "LineString",
        "coordinates": [
          [
            88.17937,
            26.12388
          ],
          [
            88.17624,
            26.11795
          ],
          [
            88.17238,
            26.1166
          ],
          [
            88.17393,
            26.11035
          ],
          [
            88.1626,
            26.10574
          ],
          [
            88.16313,
            26.09809
          ],
          [
            88.15812,
            26.09691
          ],
          [
            88.15927,
            26.09167
          ],
          [
            88.1654,
            26.08755
          ],
          [
            88.15745,
            26.07945
          ],
          [
            88.16325,
            26.07735
          ],
          [
            88.16562,
            26.0835
          ],
          [
            88.16835,
            26.08455
          ],
          [
            88.17303,
            26.0754
          ],
          [
            88.18416,
            26.07314
          ],
          [
            88.18263,
            26.06896
          ],
          [
            88.18479,
            26.06183
          ],
          [
            88.17583,
            26.05584
          ],
          [
            88.18004,
            26.0528
          ],
          [
            88.17859,
            26.04691
          ],
          [
            88.17638,
            26.04669
          ],
          [
            88.17452,
            26.05039
          ],
          [
            88.16902,
            26.04965
          ],
          [
            88.16936,
            26.04541
          ],
          [
            88.17388,
            26.04086
          ],
          [
            88.17075,
            26.03308
          ],
          [
            88.18267,
            26.03004
          ],
          [
            88.1838,
            26.02492
          ],
          [
            88.18006,
            26.02144
          ],
          [
            88.17251,
            26.01948
          ],
          [
            88.16807,
            26.02158
          ],
          [
            88.15918,
            26.01779
          ],
          [
            88.15183,
            26.02
          ],
          [
            88.14338,
            26.01155
          ],
          [
            88.14275,
            26.00879
          ],
          [
            88.14712,
            26.00527
          ],
          [
            88.14253,
            26.00064
          ],
          [
            88.14275,
            25.9973
          ],
          [
            88.12799,
            25.98829
          ],
          [
            88.1297,
            25.97928
          ],
          [
            88.12125,
            25.97905
          ],
          [
            88.12775,
            25.96619
          ],
          [
            88.12079,
            25.96302
          ],
          [
            88.11967,
            25.95717
          ],
          [
            88.11636,
            25.95576
          ],
          [
            88.12265,
            25.94788
          ],
          [
            88.11879,
            25.94029
          ],
          [
            88.11304,
            25.93713
          ],
          [
            88.11636,
            25.93215
          ],
          [
            88.10746,
            25.92709
          ],
          [
            88.09799,
            25.93396
          ],
          [
            88.09237,
            25.92799
          ],
          [
            88.08854,
            25.91688
          ],
          [
            88.08409,
            25.91436
          ],
          [
            88.09303,
            25.90906
          ],
          [
            88.0926,
            25.9013
          ],
          [
            88.10058,
            25.89907
          ],
          [
            88.09813,
            25.89118
          ],
          [
            88.10372,
            25.88954
          ],
          [
            88.10114,
            25.88406
          ],
          [
            88.10412,
            25.87871
          ],
          [
            88.10169,
            25.87342
          ],
          [
            88.11217,
            25.86493
          ],
          [
            88.1095,
            25.86067
          ],
          [
            88.11361,
            25.85248
          ],
          [
            88.10183,
            25.84114
          ],
          [
            88.10845,
            25.83632
          ],
          [
            88.10301,
            25.83038
          ],
          [
            88.09413,
            25.83378
          ],
          [
            88.08374,
            25.82484
          ],
          [
            88.0749,
            25.82795
          ],
          [
            88.07191,
            25.82197
          ],
          [
            88.06471,
            25.82675
          ],
          [
            88.06244,
            25.82121
          ],
          [
            88.05741,
            25.82058
          ],
          [
            88.05479,
            25.81595
          ],
          [
            88.04646,
            25.8206
          ],
          [
            88.04642,
            25.81278
          ],
          [
            88.04908,
            25.80756
          ],
          [
            88.04255,
            25.79952
          ],
          [
            88.03789,
            25.7987
          ],
          [
            88.04379,
            25.79025
          ],
          [
            88.03779,
            25.78567
          ],
          [
            88.03811,
            25.78346
          ],
          [
            88.04067,
            25.78269
          ],
          [
            88.04717,
            25.7876
          ],
          [
            88.05012,
            25.78514
          ],
          [
            88.04501,
            25.77665
          ],
          [
            88.03975,
            25.77369
          ],
          [
            88.04862,
            25.75944
          ],
          [
            88.04082,
            25.75578
          ],
          [
            88.03949,
            25.75212
          ],
          [
            88.04511,
            25.74358
          ],
          [
            88.03679,
            25.74097
          ],
          [
            88.04158,
            25.73596
          ],
          [
            88.03938,
            25.72824
          ],
          [
            88.04397,
            25.72245
          ],
          [
            88.03688,
            25.72263
          ],
          [
            88.0353,
            25.71872
          ],
          [
            88.04162,
            25.71627
          ],
          [
            88.04001,
            25.71086
          ],
          [
            88.04609,
            25.7092
          ],
          [
            88.04585,
            25.70312
          ],
          [
            88.05308,
            25.68495
          ],
          [
            88.04684,
            25.67758
          ],
          [
            88.04923,
            25.65821
          ],
          [
            88.04641,
            25.65433
          ],
          [
            88.04911,
            25.64591
          ],
          [
            88.04411,
            25.6424
          ],
          [
            88.04562,
            25.63205
          ],
          [
            88.0399,
            25.63008
          ],
          [
            88.03527,
            25.62176
          ],
          [
            88.04262,
            25.60873
          ],
          [
            88.03698,
            25.60983
          ],
          [
            88.02804,
            25.60256
          ],
          [
            88.03519,
            25.60126
          ],
          [
            88.03561,
            25.59795
          ],
          [
            88.03925,
            25.59587
          ],
          [
            88.03749,
            25.59371
          ],
          [
            88.04111,
            25.59026
          ],
          [
            88.041,
            25.58735
          ],
          [
            88.04494,
            25.58596
          ],
          [
            88.04535,
            25.57417
          ],
          [
            88.04305,
            25.57105
          ],
          [
            88.04168,
            25.55789
          ],
          [
            88.03338,
            25.55392
          ],
          [
            88.03839,
            25.538
          ],
          [
            88.04181,
            25.53701
          ],
          [
            88.04686,
            25.53991
          ],
          [
            88.05855,
            25.53432
          ],
          [
            88.06065,
            25.52821
          ],
          [
            88.07196,
            25.51697
          ],
          [
            88.06952,
            25.51005
          ],
          [
            88.07788,
            25.50855
          ],
          [
            88.07742,
            25.50656
          ],
          [
            88.07284,
            25.50597
          ],
          [
            88.07178,
            25.49528
          ]
        ]
      }
    },
    {
      "type": "Feature",
      "properties": {
        "name": "Baya Nadi",
        "name_hi": null,
        "name_en": null,
        "waterway": "river",
        "osm_ids": [
          "way/328314489"
        ],
        "osm_primary_id": "way/328314489",
        "source": "OpenStreetMap",
        "source_url": "https://www.openstreetmap.org/way/328314489",
        "wikidata": null,
        "wikipedia": null,
        "segment_count": 1
      },
      "geometry": {
        "type": "LineString",
        "coordinates": [
          [
            84.90234,
            26.32494
          ],
          [
            84.90706,
            26.32063
          ],
          [
            84.91298,
            26.32156
          ],
          [
            84.91775,
            26.3166
          ],
          [
            84.9244,
            26.30481
          ],
          [
            84.92152,
            26.29791
          ],
          [
            84.92417,
            26.2906
          ],
          [
            84.93481,
            26.28217
          ],
          [
            84.93331,
            26.27977
          ],
          [
            84.92611,
            26.28193
          ],
          [
            84.92589,
            26.27358
          ],
          [
            84.92907,
            26.26958
          ],
          [
            84.92892,
            26.26207
          ],
          [
            84.93413,
            26.25916
          ],
          [
            84.93548,
            26.25316
          ],
          [
            84.93834,
            26.25085
          ],
          [
            84.93538,
            26.24735
          ],
          [
            84.93736,
            26.24091
          ],
          [
            84.94081,
            26.24008
          ],
          [
            84.94661,
            26.22614
          ],
          [
            84.95245,
            26.21961
          ],
          [
            84.95005,
            26.21586
          ],
          [
            84.95036,
            26.20995
          ],
          [
            84.9565,
            26.20835
          ],
          [
            84.95118,
            26.20572
          ],
          [
            84.95065,
            26.19878
          ],
          [
            84.96089,
            26.19623
          ],
          [
            84.97358,
            26.17458
          ],
          [
            84.98321,
            26.1731
          ],
          [
            84.99277,
            26.17568
          ],
          [
            84.99713,
            26.17199
          ],
          [
            85.02019,
            26.16578
          ],
          [
            85.03762,
            26.14918
          ],
          [
            85.04341,
            26.14865
          ],
          [
            85.04526,
            26.14078
          ],
          [
            85.04821,
            26.13817
          ],
          [
            85.05902,
            26.13679
          ],
          [
            85.06495,
            26.13002
          ],
          [
            85.06761,
            26.13034
          ],
          [
            85.07052,
            26.13543
          ],
          [
            85.07637,
            26.13695
          ],
          [
            85.08659,
            26.13588
          ],
          [
            85.09043,
            26.13076
          ],
          [
            85.10048,
            26.13188
          ],
          [
            85.09743,
            26.12836
          ],
          [
            85.09905,
            26.12243
          ],
          [
            85.0963,
            26.11411
          ],
          [
            85.10709,
            26.10712
          ],
          [
            85.1185,
            26.1059
          ],
          [
            85.12337,
            26.11139
          ],
          [
            85.12416,
            26.10726
          ],
          [
            85.11983,
            26.10291
          ],
          [
            85.12287,
            26.09765
          ],
          [
            85.12742,
            26.09579
          ],
          [
            85.12415,
            26.08785
          ],
          [
            85.1266,
            26.08909
          ],
          [
            85.12426,
            26.08353
          ],
          [
            85.12692,
            26.08308
          ],
          [
            85.12285,
            26.07937
          ],
          [
            85.12179,
            26.08225
          ],
          [
            85.12085,
            26.07891
          ],
          [
            85.1226,
            26.07454
          ],
          [
            85.12926,
            26.0754
          ],
          [
            85.12972,
            26.0777
          ],
          [
            85.13146,
            26.07411
          ],
          [
            85.12242,
            26.05611
          ],
          [
            85.128,
            26.05335
          ],
          [
            85.12818,
            26.0488
          ],
          [
            85.13121,
            26.04587
          ],
          [
            85.13073,
            26.03908
          ],
          [
            85.13754,
            26.03592
          ],
          [
            85.14245,
            26.03988
          ],
          [
            85.1461,
            26.03253
          ],
          [
            85.15145,
            26.03425
          ],
          [
            85.15528,
            26.03153
          ],
          [
            85.15546,
            26.02619
          ],
          [
            85.16112,
            26.02545
          ],
          [
            85.16427,
            26.0202
          ],
          [
            85.16328,
            26.01537
          ],
          [
            85.16554,
            26.01011
          ],
          [
            85.17564,
            26.01053
          ],
          [
            85.1894,
            26.00453
          ],
          [
            85.18366,
            26.0018
          ],
          [
            85.18733,
            25.99151
          ],
          [
            85.1911,
            25.98935
          ],
          [
            85.18433,
            25.9874
          ],
          [
            85.18789,
            25.98328
          ],
          [
            85.18816,
            25.97771
          ],
          [
            85.18445,
            25.97682
          ],
          [
            85.18422,
            25.96811
          ],
          [
            85.18832,
            25.96651
          ],
          [
            85.19476,
            25.97054
          ],
          [
            85.19711,
            25.96785
          ],
          [
            85.19363,
            25.96299
          ],
          [
            85.19863,
            25.96016
          ],
          [
            85.19807,
            25.96561
          ],
          [
            85.20207,
            25.9665
          ],
          [
            85.20504,
            25.95934
          ],
          [
            85.20884,
            25.96047
          ],
          [
            85.21623,
            25.95744
          ],
          [
            85.2183,
            25.9501
          ],
          [
            85.22785,
            25.95169
          ],
          [
            85.23044,
            25.94305
          ],
          [
            85.23446,
            25.94368
          ],
          [
            85.23355,
            25.9395
          ],
          [
            85.24056,
            25.94165
          ],
          [
            85.2437,
            25.93877
          ],
          [
            85.24351,
            25.93525
          ],
          [
            85.24613,
            25.93554
          ],
          [
            85.24641,
            25.93874
          ],
          [
            85.25359,
            25.93773
          ],
          [
            85.25526,
            25.94025
          ],
          [
            85.26376,
            25.94143
          ],
          [
            85.27262,
            25.93543
          ],
          [
            85.2829,
            25.93874
          ],
          [
            85.28849,
            25.938
          ],
          [
            85.29018,
            25.93476
          ],
          [
            85.28712,
            25.93309
          ],
          [
            85.28999,
            25.92902
          ],
          [
            85.28471,
            25.91931
          ],
          [
            85.28254,
            25.90824
          ],
          [
            85.29146,
            25.9071
          ],
          [
            85.29013,
            25.90132
          ],
          [
            85.29741,
            25.89477
          ],
          [
            85.29505,
            25.89247
          ],
          [
            85.29645,
            25.88819
          ],
          [
            85.30304,
            25.88939
          ],
          [
            85.31142,
            25.88366
          ],
          [
            85.31464,
            25.88865
          ],
          [
            85.32042,
            25.88504
          ],
          [
            85.32233,
            25.88161
          ],
          [
            85.32004,
            25.87742
          ],
          [
            85.32458,
            25.87559
          ],
          [
            85.3276,
            25.86655
          ],
          [
            85.32536,
            25.86022
          ],
          [
            85.32922,
            25.85845
          ]
        ]
      }
    },
    {
      "type": "Feature",
      "properties": {
        "name": "Tilayia River",
        "name_hi": null,
        "name_en": null,
        "waterway": "river",
        "osm_ids": [
          "way/338766110"
        ],
        "osm_primary_id": "way/338766110",
        "source": "OpenStreetMap",
        "source_url": "https://www.openstreetmap.org/way/338766110",
        "wikidata": null,
        "wikipedia": null,
        "segment_count": 1
      },
      "geometry": {
        "type": "LineString",
        "coordinates": [
          [
            85.33434,
            24.58481
          ],
          [
            85.33943,
            24.59234
          ],
          [
            85.33934,
            24.59871
          ],
          [
            85.34376,
            24.60143
          ],
          [
            85.34058,
            24.6145
          ],
          [
            85.34436,
            24.62111
          ],
          [
            85.34303,
            24.62543
          ],
          [
            85.35086,
            24.62775
          ],
          [
            85.3533,
            24.63233
          ],
          [
            85.35918,
            24.6359
          ],
          [
            85.3571,
            24.63967
          ],
          [
            85.36113,
            24.64403
          ],
          [
            85.35745,
            24.65109
          ],
          [
            85.35897,
            24.65574
          ],
          [
            85.35664,
            24.65954
          ],
          [
            85.36168,
            24.66304
          ],
          [
            85.362,
            24.67055
          ],
          [
            85.36955,
            24.6869
          ],
          [
            85.36563,
            24.70079
          ],
          [
            85.37371,
            24.70219
          ],
          [
            85.37259,
            24.70672
          ],
          [
            85.38204,
            24.71406
          ],
          [
            85.38504,
            24.72552
          ],
          [
            85.39193,
            24.72949
          ],
          [
            85.39328,
            24.74708
          ],
          [
            85.39725,
            24.75181
          ],
          [
            85.39107,
            24.77187
          ],
          [
            85.39914,
            24.78157
          ],
          [
            85.40191,
            24.79069
          ],
          [
            85.39611,
            24.79492
          ],
          [
            85.39966,
            24.80975
          ],
          [
            85.39086,
            24.81585
          ],
          [
            85.39105,
            24.82345
          ],
          [
            85.40328,
            24.84545
          ],
          [
            85.40641,
            24.84571
          ],
          [
            85.40748,
            24.84821
          ],
          [
            85.40737,
            24.88247
          ],
          [
            85.40271,
            24.8905
          ],
          [
            85.40115,
            24.90051
          ],
          [
            85.40205,
            24.90622
          ],
          [
            85.40835,
            24.90576
          ],
          [
            85.40752,
            24.91235
          ],
          [
            85.41321,
            24.92519
          ],
          [
            85.41292,
            24.9295
          ]
        ]
      }
    },
    {
      "type": "Feature",
      "properties": {
        "name": "Kosi Dhār",
        "name_hi": null,
        "name_en": "Kosi Dhar",
        "waterway": "river",
        "osm_ids": [
          "way/384996651"
        ],
        "osm_primary_id": "way/384996651",
        "source": "OpenStreetMap",
        "source_url": "https://www.openstreetmap.org/way/384996651",
        "wikidata": null,
        "wikipedia": null,
        "segment_count": 1
      },
      "geometry": {
        "type": "LineString",
        "coordinates": [
          [
            87.54441,
            25.50642
          ],
          [
            87.54469,
            25.50384
          ],
          [
            87.54104,
            25.50104
          ],
          [
            87.53547,
            25.50322
          ],
          [
            87.53372,
            25.49928
          ],
          [
            87.53725,
            25.49061
          ],
          [
            87.53576,
            25.4811
          ],
          [
            87.53213,
            25.47758
          ],
          [
            87.53675,
            25.47182
          ],
          [
            87.53183,
            25.45367
          ],
          [
            87.53773,
            25.44462
          ],
          [
            87.53525,
            25.43975
          ],
          [
            87.53835,
            25.43843
          ],
          [
            87.54232,
            25.44266
          ],
          [
            87.54495,
            25.43359
          ],
          [
            87.54964,
            25.43655
          ],
          [
            87.55427,
            25.43231
          ],
          [
            87.55456,
            25.4291
          ],
          [
            87.55578,
            25.43224
          ],
          [
            87.55773,
            25.43176
          ],
          [
            87.55846,
            25.42723
          ],
          [
            87.5548,
            25.42577
          ],
          [
            87.56027,
            25.41681
          ],
          [
            87.56341,
            25.41886
          ],
          [
            87.56773,
            25.41648
          ],
          [
            87.56875,
            25.42085
          ],
          [
            87.57052,
            25.41741
          ],
          [
            87.5767,
            25.41795
          ],
          [
            87.57576,
            25.41266
          ],
          [
            87.57833,
            25.41139
          ],
          [
            87.57572,
            25.40344
          ],
          [
            87.57402,
            25.40268
          ],
          [
            87.57255,
            25.40622
          ],
          [
            87.57049,
            25.40193
          ],
          [
            87.566,
            25.39947
          ],
          [
            87.57401,
            25.38927
          ],
          [
            87.57681,
            25.3808
          ]
        ]
      }
    },
    {
      "type": "Feature",
      "properties": {
        "name": "Kalkos Nadi",
        "name_hi": null,
        "name_en": null,
        "waterway": "river",
        "osm_ids": [
          "way/390216778"
        ],
        "osm_primary_id": "way/390216778",
        "source": "OpenStreetMap",
        "source_url": "https://www.openstreetmap.org/way/390216778",
        "wikidata": null,
        "wikipedia": null,
        "segment_count": 1
      },
      "geometry": {
        "type": "LineString",
        "coordinates": [
          [
            87.84011,
            25.42588
          ],
          [
            87.84492,
            25.42342
          ],
          [
            87.84262,
            25.42117
          ],
          [
            87.84052,
            25.42255
          ],
          [
            87.83917,
            25.41995
          ],
          [
            87.84671,
            25.41764
          ],
          [
            87.84361,
            25.41573
          ],
          [
            87.84228,
            25.40993
          ],
          [
            87.84848,
            25.41137
          ],
          [
            87.8499,
            25.40451
          ],
          [
            87.8403,
            25.39863
          ],
          [
            87.84074,
            25.39106
          ],
          [
            87.82989,
            25.38913
          ],
          [
            87.82757,
            25.39191
          ],
          [
            87.82193,
            25.39184
          ],
          [
            87.82071,
            25.38818
          ],
          [
            87.81861,
            25.38842
          ],
          [
            87.8171,
            25.38501
          ],
          [
            87.82038,
            25.38003
          ],
          [
            87.81409,
            25.36665
          ]
        ]
      }
    },
    {
      "type": "Feature",
      "properties": {
        "name": "Champa Nala",
        "name_hi": null,
        "name_en": null,
        "waterway": "river",
        "osm_ids": [
          "way/394109300"
        ],
        "osm_primary_id": "way/394109300",
        "source": "OpenStreetMap",
        "source_url": "https://www.openstreetmap.org/way/394109300",
        "wikidata": null,
        "wikipedia": null,
        "segment_count": 1
      },
      "geometry": {
        "type": "LineString",
        "coordinates": [
          [
            86.87502,
            25.21765
          ],
          [
            86.89667,
            25.224
          ],
          [
            86.8989,
            25.23004
          ],
          [
            86.90224,
            25.22934
          ],
          [
            86.90409,
            25.22494
          ],
          [
            86.90862,
            25.23045
          ],
          [
            86.91854,
            25.23599
          ],
          [
            86.91909,
            25.23965
          ],
          [
            86.92283,
            25.24162
          ],
          [
            86.93232,
            25.25604
          ],
          [
            86.96491,
            25.25226
          ],
          [
            87.00808,
            25.26927
          ],
          [
            87.02165,
            25.27218
          ],
          [
            87.03687,
            25.27202
          ]
        ]
      }
    },
    {
      "type": "Feature",
      "properties": {
        "name": "कमला नदि",
        "name_hi": null,
        "name_en": "Kamala River",
        "waterway": "river",
        "osm_ids": [
          "way/459424201"
        ],
        "osm_primary_id": "way/459424201",
        "source": "OpenStreetMap",
        "source_url": "https://www.openstreetmap.org/way/459424201",
        "wikidata": null,
        "wikipedia": null,
        "segment_count": 1
      },
      "geometry": {
        "type": "LineString",
        "coordinates": [
          [
            86.14557,
            26.82881
          ],
          [
            86.14991,
            26.82257
          ],
          [
            86.14837,
            26.81807
          ],
          [
            86.15173,
            26.80661
          ],
          [
            86.15125,
            26.80192
          ],
          [
            86.1454,
            26.79792
          ],
          [
            86.14493,
            26.79291
          ],
          [
            86.15066,
            26.77963
          ],
          [
            86.1504,
            26.77001
          ],
          [
            86.15601,
            26.75795
          ],
          [
            86.15173,
            26.74617
          ],
          [
            86.17179,
            26.73153
          ],
          [
            86.1899,
            26.72326
          ],
          [
            86.18945,
            26.71238
          ],
          [
            86.18406,
            26.70751
          ],
          [
            86.19141,
            26.70194
          ],
          [
            86.19405,
            26.6918
          ],
          [
            86.18924,
            26.68214
          ],
          [
            86.18923,
            26.66479
          ],
          [
            86.19202,
            26.65561
          ],
          [
            86.18314,
            26.65047
          ],
          [
            86.16746,
            26.64935
          ],
          [
            86.15748,
            26.63848
          ],
          [
            86.1474,
            26.59758
          ],
          [
            86.14434,
            26.5964
          ],
          [
            86.14622,
            26.59442
          ],
          [
            86.14731,
            26.5782
          ],
          [
            86.16499,
            26.55866
          ],
          [
            86.16427,
            26.54718
          ],
          [
            86.17059,
            26.53832
          ],
          [
            86.16924,
            26.5239
          ],
          [
            86.17531,
            26.514
          ],
          [
            86.17902,
            26.51306
          ],
          [
            86.18507,
            26.50558
          ],
          [
            86.19542,
            26.50053
          ],
          [
            86.19291,
            26.48578
          ],
          [
            86.20101,
            26.48242
          ],
          [
            86.21618,
            26.48395
          ],
          [
            86.23359,
            26.45864
          ],
          [
            86.23595,
            26.44428
          ],
          [
            86.24844,
            26.44147
          ],
          [
            86.2492,
            26.4255
          ],
          [
            86.25279,
            26.42095
          ],
          [
            86.24732,
            26.40739
          ],
          [
            86.24763,
            26.38514
          ],
          [
            86.25094,
            26.3785
          ],
          [
            86.25966,
            26.3715
          ],
          [
            86.26225,
            26.35745
          ],
          [
            86.2651,
            26.35442
          ],
          [
            86.27649,
            26.35101
          ],
          [
            86.2752,
            26.34683
          ],
          [
            86.28226,
            26.33126
          ],
          [
            86.28048,
            26.32679
          ],
          [
            86.2689,
            26.32305
          ],
          [
            86.2779,
            26.31241
          ],
          [
            86.26189,
            26.29305
          ],
          [
            86.2623,
            26.28767
          ],
          [
            86.26755,
            26.28462
          ],
          [
            86.26853,
            26.27118
          ],
          [
            86.26282,
            26.25284
          ],
          [
            86.25687,
            26.2464
          ],
          [
            86.26077,
            26.2398
          ],
          [
            86.25615,
            26.22443
          ],
          [
            86.25692,
            26.21464
          ],
          [
            86.26484,
            26.20297
          ],
          [
            86.27565,
            26.19868
          ],
          [
            86.27427,
            26.17793
          ],
          [
            86.27589,
            26.16766
          ],
          [
            86.28665,
            26.16855
          ],
          [
            86.2958,
            26.16506
          ],
          [
            86.3064,
            26.16626
          ],
          [
            86.32639,
            26.16331
          ],
          [
            86.33504,
            26.15514
          ],
          [
            86.33911,
            26.14717
          ],
          [
            86.33877,
            26.14148
          ],
          [
            86.33135,
            26.131
          ],
          [
            86.33548,
            26.12729
          ],
          [
            86.33934,
            26.11476
          ],
          [
            86.33823,
            26.10983
          ],
          [
            86.34328,
            26.10231
          ],
          [
            86.3419,
            26.09984
          ],
          [
            86.33683,
            26.09892
          ],
          [
            86.34046,
            26.08546
          ],
          [
            86.35106,
            26.08142
          ],
          [
            86.35457,
            26.07097
          ],
          [
            86.343,
            26.04828
          ],
          [
            86.34238,
            26.04235
          ],
          [
            86.33786,
            26.03915
          ],
          [
            86.32924,
            26.01896
          ],
          [
            86.33554,
            25.9972
          ],
          [
            86.33106,
            25.9945
          ],
          [
            86.3279,
            25.98686
          ],
          [
            86.33053,
            25.9841
          ],
          [
            86.32782,
            25.97859
          ],
          [
            86.33408,
            25.96903
          ],
          [
            86.33367,
            25.96087
          ],
          [
            86.34006,
            25.9606
          ],
          [
            86.34186,
            25.95843
          ],
          [
            86.34246,
            25.94985
          ],
          [
            86.34781,
            25.94522
          ],
          [
            86.3467,
            25.93929
          ],
          [
            86.35216,
            25.93086
          ],
          [
            86.35096,
            25.92528
          ],
          [
            86.34652,
            25.92706
          ],
          [
            86.34493,
            25.91793
          ],
          [
            86.33787,
            25.91654
          ],
          [
            86.33989,
            25.91261
          ],
          [
            86.33558,
            25.90006
          ]
        ]
      }
    },
    {
      "type": "Feature",
      "properties": {
        "name": "Batra Nadi",
        "name_hi": null,
        "name_en": null,
        "waterway": "river",
        "osm_ids": [
          "way/663461752"
        ],
        "osm_primary_id": "way/663461752",
        "source": "OpenStreetMap",
        "source_url": "https://www.openstreetmap.org/way/663461752",
        "wikidata": null,
        "wikipedia": null,
        "segment_count": 1
      },
      "geometry": {
        "type": "LineString",
        "coordinates": [
          [
            84.2183,
            24.46037
          ],
          [
            84.22607,
            24.47096
          ],
          [
            84.22285,
            24.47224
          ],
          [
            84.22249,
            24.47593
          ],
          [
            84.22635,
            24.47618
          ],
          [
            84.22646,
            24.47853
          ],
          [
            84.23212,
            24.48139
          ],
          [
            84.22718,
            24.48829
          ],
          [
            84.23079,
            24.48788
          ],
          [
            84.23366,
            24.49174
          ],
          [
            84.23194,
            24.49439
          ],
          [
            84.23519,
            24.50237
          ],
          [
            84.23389,
            24.5057
          ],
          [
            84.23765,
            24.50602
          ],
          [
            84.24736,
            24.52993
          ],
          [
            84.25073,
            24.5313
          ],
          [
            84.25008,
            24.53734
          ],
          [
            84.24195,
            24.54783
          ],
          [
            84.24449,
            24.55103
          ],
          [
            84.24201,
            24.55387
          ],
          [
            84.24704,
            24.55777
          ],
          [
            84.25161,
            24.57816
          ],
          [
            84.25909,
            24.59392
          ],
          [
            84.26109,
            24.61326
          ],
          [
            84.26716,
            24.61367
          ],
          [
            84.26828,
            24.61765
          ],
          [
            84.27518,
            24.6177
          ],
          [
            84.27315,
            24.62095
          ],
          [
            84.27727,
            24.62281
          ],
          [
            84.27907,
            24.63124
          ],
          [
            84.28346,
            24.63656
          ],
          [
            84.2799,
            24.63986
          ],
          [
            84.28313,
            24.64805
          ],
          [
            84.28032,
            24.65473
          ],
          [
            84.28443,
            24.65789
          ],
          [
            84.28295,
            24.65964
          ],
          [
            84.28477,
            24.66727
          ],
          [
            84.28194,
            24.67391
          ],
          [
            84.29029,
            24.67294
          ],
          [
            84.29456,
            24.67714
          ]
        ]
      }
    },
    {
      "type": "Feature",
      "properties": {
        "name": "Kamla Nadi",
        "name_hi": null,
        "name_en": null,
        "waterway": "river",
        "osm_ids": [
          "way/727173653"
        ],
        "osm_primary_id": "way/727173653",
        "source": "OpenStreetMap",
        "source_url": "https://www.openstreetmap.org/way/727173653",
        "wikidata": null,
        "wikipedia": null,
        "segment_count": 1
      },
      "geometry": {
        "type": "LineString",
        "coordinates": [
          [
            85.85727,
            26.31536
          ],
          [
            85.85675,
            26.31338
          ],
          [
            85.86306,
            26.30957
          ],
          [
            85.86093,
            26.30426
          ],
          [
            85.86228,
            26.29406
          ],
          [
            85.86455,
            26.29026
          ],
          [
            85.86919,
            26.28863
          ],
          [
            85.87203,
            26.27913
          ],
          [
            85.8698,
            26.27325
          ],
          [
            85.87614,
            26.26531
          ],
          [
            85.87779,
            26.25034
          ],
          [
            85.8749,
            26.24175
          ],
          [
            85.87883,
            26.23897
          ],
          [
            85.87602,
            26.23513
          ],
          [
            85.8771,
            26.23312
          ],
          [
            85.87417,
            26.23235
          ],
          [
            85.87505,
            26.22868
          ],
          [
            85.87829,
            26.2311
          ],
          [
            85.88502,
            26.22424
          ],
          [
            85.8887,
            26.22357
          ],
          [
            85.89253,
            26.21759
          ],
          [
            85.89775,
            26.21709
          ],
          [
            85.89497,
            26.21362
          ],
          [
            85.89522,
            26.20943
          ],
          [
            85.89062,
            26.20681
          ],
          [
            85.89093,
            26.20338
          ],
          [
            85.90147,
            26.19716
          ],
          [
            85.90228,
            26.19047
          ],
          [
            85.91453,
            26.19184
          ],
          [
            85.9176,
            26.18604
          ],
          [
            85.91719,
            26.18095
          ],
          [
            85.92576,
            26.17649
          ],
          [
            85.93474,
            26.17757
          ],
          [
            85.93658,
            26.1758
          ]
        ]
      }
    },
    {
      "type": "Feature",
      "properties": {
        "name": "Budhnagra-Samri Nadi",
        "name_hi": null,
        "name_en": null,
        "waterway": "river",
        "osm_ids": [
          "way/745132886"
        ],
        "osm_primary_id": "way/745132886",
        "source": "OpenStreetMap",
        "source_url": "https://www.openstreetmap.org/way/745132886",
        "wikidata": null,
        "wikipedia": null,
        "segment_count": 1
      },
      "geometry": {
        "type": "LineString",
        "coordinates": [
          [
            85.69442,
            26.25994
          ],
          [
            85.68759,
            26.26666
          ],
          [
            85.68641,
            26.28103
          ],
          [
            85.68835,
            26.2853
          ],
          [
            85.6956,
            26.29013
          ],
          [
            85.69665,
            26.29645
          ],
          [
            85.70588,
            26.29617
          ],
          [
            85.70421,
            26.29881
          ],
          [
            85.70539,
            26.30528
          ],
          [
            85.69923,
            26.30771
          ],
          [
            85.69742,
            26.30508
          ],
          [
            85.69356,
            26.30844
          ],
          [
            85.69455,
            26.3115
          ],
          [
            85.691,
            26.31782
          ],
          [
            85.68817,
            26.31666
          ],
          [
            85.68599,
            26.32017
          ],
          [
            85.67873,
            26.3203
          ],
          [
            85.67213,
            26.31212
          ],
          [
            85.65696,
            26.31895
          ]
        ]
      }
    },
    {
      "type": "Feature",
      "properties": {
        "name": "Sonda Nāla",
        "name_hi": null,
        "name_en": "Sonda Nala",
        "waterway": "river",
        "osm_ids": [
          "way/773557392"
        ],
        "osm_primary_id": "way/773557392",
        "source": "OpenStreetMap",
        "source_url": "https://www.openstreetmap.org/way/773557392",
        "wikidata": null,
        "wikipedia": null,
        "segment_count": 1
      },
      "geometry": {
        "type": "LineString",
        "coordinates": [
          [
            84.01984,
            26.69277
          ],
          [
            84.01979,
            26.68161
          ],
          [
            84.02529,
            26.6795
          ],
          [
            84.02318,
            26.6781
          ],
          [
            84.02202,
            26.66425
          ],
          [
            84.02221,
            26.65667
          ],
          [
            84.02467,
            26.65497
          ],
          [
            84.01561,
            26.65373
          ],
          [
            84.01376,
            26.65034
          ],
          [
            84.01639,
            26.64704
          ],
          [
            84.02208,
            26.64643
          ],
          [
            84.01904,
            26.64345
          ],
          [
            84.02082,
            26.63925
          ],
          [
            84.01583,
            26.63709
          ],
          [
            84.01214,
            26.63079
          ],
          [
            84.00491,
            26.63197
          ],
          [
            84.00316,
            26.62801
          ]
        ]
      }
    },
    {
      "type": "Feature",
      "properties": {
        "name": "Dhanauti",
        "name_hi": null,
        "name_en": null,
        "waterway": "river",
        "osm_ids": [
          "way/1006093805"
        ],
        "osm_primary_id": "way/1006093805",
        "source": "OpenStreetMap",
        "source_url": "https://www.openstreetmap.org/way/1006093805",
        "wikidata": null,
        "wikipedia": null,
        "segment_count": 1
      },
      "geometry": {
        "type": "LineString",
        "coordinates": [
          [
            84.90627,
            26.62229
          ],
          [
            84.91526,
            26.62097
          ],
          [
            84.92344,
            26.60942
          ],
          [
            84.93503,
            26.61004
          ],
          [
            84.93966,
            26.60645
          ],
          [
            84.94118,
            26.59939
          ],
          [
            84.9382,
            26.59474
          ],
          [
            84.91339,
            26.5972
          ],
          [
            84.91436,
            26.58811
          ],
          [
            84.91747,
            26.58523
          ],
          [
            84.9374,
            26.58302
          ],
          [
            84.94951,
            26.57394
          ],
          [
            84.95777,
            26.57099
          ],
          [
            84.96257,
            26.57381
          ],
          [
            84.96183,
            26.59047
          ],
          [
            84.96745,
            26.59164
          ],
          [
            84.97103,
            26.58916
          ],
          [
            84.97114,
            26.58663
          ],
          [
            84.96556,
            26.58118
          ],
          [
            84.96728,
            26.57838
          ],
          [
            84.97506,
            26.58149
          ],
          [
            84.97374,
            26.56371
          ],
          [
            84.9688,
            26.55602
          ],
          [
            84.96172,
            26.55158
          ],
          [
            84.94726,
            26.54894
          ],
          [
            84.94577,
            26.53865
          ],
          [
            84.94998,
            26.53406
          ],
          [
            84.95845,
            26.53389
          ],
          [
            84.96028,
            26.5454
          ],
          [
            84.96318,
            26.54867
          ],
          [
            84.9703,
            26.54659
          ],
          [
            84.98268,
            26.55498
          ],
          [
            85.00448,
            26.55955
          ],
          [
            85.01246,
            26.55579
          ],
          [
            85.01133,
            26.54615
          ],
          [
            85.00223,
            26.53951
          ],
          [
            84.9856,
            26.54281
          ],
          [
            84.98292,
            26.53469
          ],
          [
            84.98779,
            26.53078
          ],
          [
            85.0127,
            26.52955
          ],
          [
            85.02221,
            26.53529
          ],
          [
            85.02639,
            26.54796
          ],
          [
            85.04366,
            26.55126
          ]
        ]
      }
    },
    {
      "type": "Feature",
      "properties": {
        "name": "Natane Nadi",
        "name_hi": null,
        "name_en": "Natane Nadi",
        "waterway": "river",
        "osm_ids": [
          "way/1024059462"
        ],
        "osm_primary_id": "way/1024059462",
        "source": "OpenStreetMap",
        "source_url": "https://www.openstreetmap.org/way/1024059462",
        "wikidata": null,
        "wikipedia": null,
        "segment_count": 1
      },
      "geometry": {
        "type": "LineString",
        "coordinates": [
          [
            85.20249,
            24.48797
          ],
          [
            85.19762,
            24.49002
          ],
          [
            85.19711,
            24.49407
          ],
          [
            85.18931,
            24.49457
          ],
          [
            85.18535,
            24.49927
          ],
          [
            85.18639,
            24.50064
          ],
          [
            85.18054,
            24.50487
          ],
          [
            85.17334,
            24.50461
          ],
          [
            85.15777,
            24.51459
          ],
          [
            85.15531,
            24.52358
          ],
          [
            85.15168,
            24.52525
          ],
          [
            85.15361,
            24.52809
          ],
          [
            85.15124,
            24.53104
          ],
          [
            85.15314,
            24.53273
          ],
          [
            85.15154,
            24.53468
          ],
          [
            85.15831,
            24.53914
          ],
          [
            85.15645,
            24.54851
          ],
          [
            85.1538,
            24.55253
          ],
          [
            85.14485,
            24.55447
          ],
          [
            85.14277,
            24.55721
          ],
          [
            85.1368,
            24.55712
          ],
          [
            85.1306,
            24.56175
          ],
          [
            85.13003,
            24.56414
          ],
          [
            85.1325,
            24.56532
          ],
          [
            85.12849,
            24.56974
          ],
          [
            85.12712,
            24.57643
          ],
          [
            85.12127,
            24.57768
          ],
          [
            85.1188,
            24.5821
          ],
          [
            85.11071,
            24.58084
          ],
          [
            85.10717,
            24.58499
          ],
          [
            85.0981,
            24.58362
          ],
          [
            85.08949,
            24.588
          ],
          [
            85.08731,
            24.5856
          ],
          [
            85.08065,
            24.58828
          ]
        ]
      }
    },
    {
      "type": "Feature",
      "properties": {
        "name": "Koa Nadi",
        "name_hi": null,
        "name_en": "Koa Nadi",
        "waterway": "river",
        "osm_ids": [
          "way/1053158089"
        ],
        "osm_primary_id": "way/1053158089",
        "source": "OpenStreetMap",
        "source_url": "https://www.openstreetmap.org/way/1053158089",
        "wikidata": null,
        "wikipedia": null,
        "segment_count": 1
      },
      "geometry": {
        "type": "LineString",
        "coordinates": [
          [
            87.30674,
            25.20987
          ],
          [
            87.29788,
            25.21552
          ],
          [
            87.28426,
            25.21098
          ],
          [
            87.28404,
            25.21297
          ],
          [
            87.28037,
            25.21175
          ],
          [
            87.27908,
            25.21527
          ],
          [
            87.27795,
            25.21255
          ],
          [
            87.27679,
            25.21421
          ],
          [
            87.27003,
            25.21272
          ],
          [
            87.2616,
            25.21797
          ],
          [
            87.26279,
            25.2202
          ],
          [
            87.25674,
            25.226
          ],
          [
            87.25486,
            25.2241
          ],
          [
            87.24943,
            25.22497
          ],
          [
            87.25132,
            25.22921
          ],
          [
            87.24595,
            25.2328
          ],
          [
            87.24045,
            25.22955
          ],
          [
            87.23898,
            25.23115
          ],
          [
            87.229,
            25.23025
          ],
          [
            87.22746,
            25.23423
          ],
          [
            87.23093,
            25.23553
          ],
          [
            87.231,
            25.23892
          ],
          [
            87.23415,
            25.23842
          ],
          [
            87.23485,
            25.24745
          ],
          [
            87.2319,
            25.24869
          ],
          [
            87.23158,
            25.25244
          ],
          [
            87.22481,
            25.25391
          ]
        ]
      }
    },
    {
      "type": "Feature",
      "properties": {
        "name": "Sariano",
        "name_hi": null,
        "name_en": null,
        "waterway": "river",
        "osm_ids": [
          "way/1063940756"
        ],
        "osm_primary_id": "way/1063940756",
        "source": "OpenStreetMap",
        "source_url": "https://www.openstreetmap.org/way/1063940756",
        "wikidata": null,
        "wikipedia": null,
        "segment_count": 1
      },
      "geometry": {
        "type": "LineString",
        "coordinates": [
          [
            88.15976,
            26.19773
          ],
          [
            88.15583,
            26.19373
          ],
          [
            88.14908,
            26.19267
          ],
          [
            88.14641,
            26.18083
          ],
          [
            88.14445,
            26.18043
          ],
          [
            88.1461,
            26.17939
          ],
          [
            88.14049,
            26.1753
          ],
          [
            88.14118,
            26.17355
          ],
          [
            88.13896,
            26.17432
          ],
          [
            88.14023,
            26.17302
          ],
          [
            88.13639,
            26.16969
          ],
          [
            88.13764,
            26.16869
          ],
          [
            88.13317,
            26.16895
          ],
          [
            88.13099,
            26.16399
          ],
          [
            88.12929,
            26.16547
          ],
          [
            88.12751,
            26.16139
          ],
          [
            88.12272,
            26.16029
          ],
          [
            88.12208,
            26.15766
          ],
          [
            88.12579,
            26.15614
          ],
          [
            88.12517,
            26.15193
          ],
          [
            88.11913,
            26.14326
          ],
          [
            88.12529,
            26.14229
          ],
          [
            88.12567,
            26.13794
          ],
          [
            88.12178,
            26.13601
          ],
          [
            88.12444,
            26.13064
          ],
          [
            88.12856,
            26.12917
          ],
          [
            88.12927,
            26.12442
          ],
          [
            88.12284,
            26.11897
          ],
          [
            88.10693,
            26.11546
          ],
          [
            88.11164,
            26.11113
          ],
          [
            88.10922,
            26.10624
          ],
          [
            88.1066,
            26.10612
          ],
          [
            88.1059,
            26.0988
          ],
          [
            88.09865,
            26.0991
          ],
          [
            88.09784,
            26.0969
          ],
          [
            88.10014,
            26.09703
          ],
          [
            88.09708,
            26.09012
          ],
          [
            88.0927,
            26.08874
          ],
          [
            88.09258,
            26.08554
          ],
          [
            88.08909,
            26.08351
          ],
          [
            88.09094,
            26.07348
          ],
          [
            88.08847,
            26.0711
          ],
          [
            88.08908,
            26.06784
          ],
          [
            88.09539,
            26.06449
          ],
          [
            88.09401,
            26.06188
          ],
          [
            88.0907,
            26.06242
          ],
          [
            88.09107,
            26.05804
          ],
          [
            88.09823,
            26.05536
          ],
          [
            88.10364,
            26.04664
          ],
          [
            88.10715,
            26.04581
          ],
          [
            88.10749,
            26.04827
          ],
          [
            88.11163,
            26.04984
          ],
          [
            88.11245,
            26.04625
          ],
          [
            88.11479,
            26.04592
          ],
          [
            88.11416,
            26.04229
          ],
          [
            88.10865,
            26.04058
          ],
          [
            88.10845,
            26.03754
          ],
          [
            88.10044,
            26.03473
          ],
          [
            88.10286,
            26.02995
          ],
          [
            88.09965,
            26.02895
          ],
          [
            88.10205,
            26.02697
          ],
          [
            88.09951,
            26.02441
          ],
          [
            88.09921,
            26.02118
          ],
          [
            88.10157,
            26.01961
          ],
          [
            88.09993,
            26.01792
          ],
          [
            88.10543,
            26.0171
          ],
          [
            88.10306,
            26.01159
          ],
          [
            88.09989,
            26.01177
          ]
        ]
      }
    },
    {
      "type": "Feature",
      "properties": {
        "name": "Sota Nāla",
        "name_hi": null,
        "name_en": "Sota Nala",
        "waterway": "river",
        "osm_ids": [
          "way/1182037083"
        ],
        "osm_primary_id": "way/1182037083",
        "source": "OpenStreetMap",
        "source_url": "https://www.openstreetmap.org/way/1182037083",
        "wikidata": null,
        "wikipedia": null,
        "segment_count": 1
      },
      "geometry": {
        "type": "LineString",
        "coordinates": [
          [
            84.093,
            26.60063
          ],
          [
            84.08595,
            26.59947
          ],
          [
            84.08358,
            26.59213
          ],
          [
            84.07621,
            26.58792
          ],
          [
            84.07543,
            26.58263
          ],
          [
            84.06609,
            26.5768
          ],
          [
            84.0672,
            26.57216
          ],
          [
            84.06103,
            26.56822
          ],
          [
            84.05813,
            26.56362
          ],
          [
            84.05906,
            26.5603
          ],
          [
            84.05519,
            26.55966
          ],
          [
            84.05535,
            26.54976
          ]
        ]
      }
    },
    {
      "type": "Feature",
      "properties": {
        "name": "Rautal Nadi",
        "name_hi": null,
        "name_en": null,
        "waterway": "river",
        "osm_ids": [
          "way/1228512719"
        ],
        "osm_primary_id": "way/1228512719",
        "source": "OpenStreetMap",
        "source_url": "https://www.openstreetmap.org/way/1228512719",
        "wikidata": null,
        "wikipedia": null,
        "segment_count": 1
      },
      "geometry": {
        "type": "LineString",
        "coordinates": [
          [
            87.79334,
            25.71882
          ],
          [
            87.79603,
            25.7143
          ],
          [
            87.79366,
            25.712
          ],
          [
            87.79612,
            25.70782
          ],
          [
            87.78389,
            25.70688
          ]
        ]
      }
    },
    {
      "type": "Feature",
      "properties": {
        "name": "Chaumukha Nāla",
        "name_hi": null,
        "name_en": null,
        "waterway": "river",
        "osm_ids": [
          "way/1228512788"
        ],
        "osm_primary_id": "way/1228512788",
        "source": "OpenStreetMap",
        "source_url": "https://www.openstreetmap.org/way/1228512788",
        "wikidata": null,
        "wikipedia": null,
        "segment_count": 1
      },
      "geometry": {
        "type": "LineString",
        "coordinates": [
          [
            87.78389,
            25.70688
          ],
          [
            87.77454,
            25.70463
          ],
          [
            87.77015,
            25.70671
          ],
          [
            87.76529,
            25.69165
          ],
          [
            87.77294,
            25.68434
          ],
          [
            87.77096,
            25.67673
          ],
          [
            87.78559,
            25.66332
          ],
          [
            87.78472,
            25.66008
          ],
          [
            87.78735,
            25.65736
          ],
          [
            87.78529,
            25.65681
          ],
          [
            87.78383,
            25.65114
          ],
          [
            87.78887,
            25.64858
          ],
          [
            87.77337,
            25.63067
          ]
        ]
      }
    },
    {
      "type": "Feature",
      "properties": {
        "name": "tilava nadi",
        "name_hi": null,
        "name_en": null,
        "waterway": "river",
        "osm_ids": [
          "way/1262288408"
        ],
        "osm_primary_id": "way/1262288408",
        "source": "OpenStreetMap",
        "source_url": "https://www.openstreetmap.org/way/1262288408",
        "wikidata": null,
        "wikipedia": null,
        "segment_count": 1
      },
      "geometry": {
        "type": "LineString",
        "coordinates": [
          [
            84.79264,
            26.87446
          ],
          [
            84.79355,
            26.87453
          ]
        ]
      }
    },
    {
      "type": "Feature",
      "properties": {
        "name": "Kājhia Nadi",
        "name_hi": null,
        "name_en": "Kajhia nadi",
        "waterway": "river",
        "osm_ids": [
          "way/1266623119"
        ],
        "osm_primary_id": "way/1266623119",
        "source": "OpenStreetMap",
        "source_url": "https://www.openstreetmap.org/way/1266623119",
        "wikidata": null,
        "wikipedia": null,
        "segment_count": 1
      },
      "geometry": {
        "type": "LineString",
        "coordinates": [
          [
            87.29053,
            24.77733
          ],
          [
            87.28201,
            24.78969
          ],
          [
            87.2721,
            24.79032
          ],
          [
            87.27176,
            24.79479
          ],
          [
            87.26332,
            24.80191
          ],
          [
            87.25737,
            24.80375
          ],
          [
            87.25145,
            24.79994
          ],
          [
            87.24657,
            24.80072
          ],
          [
            87.24319,
            24.81568
          ],
          [
            87.24454,
            24.82162
          ],
          [
            87.22314,
            24.83055
          ],
          [
            87.22084,
            24.84185
          ],
          [
            87.21485,
            24.85015
          ],
          [
            87.18123,
            24.87802
          ],
          [
            87.16602,
            24.88458
          ],
          [
            87.16337,
            24.89136
          ],
          [
            87.15412,
            24.89944
          ]
        ]
      }
    },
    {
      "type": "Feature",
      "properties": {
        "name": "Bānīi Nāla",
        "name_hi": null,
        "name_en": "Banri Nala",
        "waterway": "river",
        "osm_ids": [
          "way/1272099909"
        ],
        "osm_primary_id": "way/1272099909",
        "source": "OpenStreetMap",
        "source_url": "https://www.openstreetmap.org/way/1272099909",
        "wikidata": null,
        "wikipedia": null,
        "segment_count": 1
      },
      "geometry": {
        "type": "LineString",
        "coordinates": [
          [
            83.85066,
            26.96549
          ],
          [
            83.86992,
            26.95529
          ],
          [
            83.87798,
            26.94059
          ],
          [
            83.87289,
            26.92278
          ],
          [
            83.87757,
            26.92176
          ],
          [
            83.88203,
            26.91627
          ],
          [
            83.88252,
            26.90455
          ],
          [
            83.89178,
            26.89389
          ],
          [
            83.88809,
            26.88641
          ],
          [
            83.88964,
            26.87894
          ],
          [
            83.88779,
            26.87241
          ],
          [
            83.89007,
            26.86304
          ],
          [
            83.89867,
            26.85507
          ],
          [
            83.89533,
            26.84896
          ],
          [
            83.88874,
            26.84498
          ],
          [
            83.88985,
            26.83569
          ],
          [
            83.89628,
            26.83186
          ],
          [
            83.90182,
            26.82281
          ],
          [
            83.90969,
            26.82183
          ],
          [
            83.91148,
            26.81354
          ],
          [
            83.91764,
            26.81124
          ],
          [
            83.9279,
            26.78979
          ],
          [
            83.9445,
            26.78673
          ],
          [
            83.94827,
            26.77502
          ],
          [
            83.95429,
            26.76785
          ],
          [
            83.95234,
            26.75683
          ],
          [
            83.96889,
            26.7428
          ],
          [
            83.97003,
            26.73825
          ],
          [
            83.97358,
            26.7393
          ],
          [
            83.97755,
            26.73575
          ],
          [
            83.97697,
            26.72973
          ],
          [
            83.9825,
            26.72447
          ],
          [
            83.99051,
            26.72281
          ],
          [
            83.99169,
            26.71687
          ],
          [
            83.99697,
            26.71298
          ],
          [
            83.99537,
            26.70594
          ]
        ]
      }
    }
  ]
}