full_path,filename,extension,size_bytes,category,purpose,referenced_by,dependencies,safe_to_move,is_temporary,secret_present
D:\HiddenYatra\.dockerignore,.dockerignore,,1043,M. CONFIGURATION,Core application or environment configuration,scratch/comprehensive_structure_auditor.py; scratch/generate_all_structure_audit_reports.py,None,NO (MUST REMAIN IN ROOT),NO,NO
D:\HiddenYatra\.env,.env,,356,M. CONFIGURATION,Core application or environment configuration,.dockerignore; .env.example; .env.production.example; .gitignore; app.py,None,NO (MUST REMAIN IN ROOT),NO,YES
D:\HiddenYatra\.env.example,.env.example,.example,1067,M. CONFIGURATION,Core application or environment configuration,.dockerignore; .gitignore; INSTALL.md; docs/DeveloperGuide.md; scratch/comprehensive_structure_auditor.py,None,NO (MUST REMAIN IN ROOT),NO,YES
D:\HiddenYatra\.env.production.example,.env.production.example,.example,1310,M. CONFIGURATION,Core application or environment configuration,.dockerignore; .gitignore; DEPLOYMENT.md; scratch/comprehensive_structure_auditor.py; scratch/generate_all_structure_audit_reports.py,None,REVIEW,NO,YES
D:\HiddenYatra\.gitignore,.gitignore,,1203,M. CONFIGURATION,Core application or environment configuration,.dockerignore; FINAL_PRE_SUBMISSION_AUDIT.md; scratch/comprehensive_structure_auditor.py; scratch/generate_all_structure_audit_reports.py,None,NO (MUST REMAIN IN ROOT),NO,NO
D:\HiddenYatra\API_DOCUMENTATION.md,API_DOCUMENTATION.md,.md,7535,L. DOCUMENTATION,"Project architecture, installation, or user documentation",scratch/comprehensive_structure_auditor.py; scratch/generate_all_structure_audit_reports.py,None,YES (SAFE TO MOVE),NO,NO
D:\HiddenYatra\app.py,app.py,.py,13142,M. CONFIGURATION,Core application or environment configuration,.env.example; CODE_SMELLS.md; INSTALL.md; KNOWN_LIMITATIONS.md; MAP_FIX_CHANGELOG.md,"import os; import json as _json; import secrets as _secrets; import logging; from decimal import Decimal; from datetime import datetime, date",NO (MUST REMAIN IN ROOT),NO,NO
D:\HiddenYatra\AUDIT.md,AUDIT.md,.md,1779,O. GENERATED REPORTS,"Historical audit, phase log, or regression report markdown",scratch/generate_all_structure_audit_reports.py,None,YES (SAFE TO MOVE),YES,NO
D:\HiddenYatra\backup_active_db_20260808.sql,backup_active_db_20260808.sql,.sql,83250,H. DATABASE,"SQL database schema, migration, or backup dump",scratch/generate_all_structure_audit_reports.py,None,YES (SAFE TO MOVE),YES,NO
D:\HiddenYatra\backup_old_hiddenyatra_recovered.sql,backup_old_hiddenyatra_recovered.sql,.sql,319118,H. DATABASE,"SQL database schema, migration, or backup dump",scratch/generate_all_structure_audit_reports.py,None,YES (SAFE TO MOVE),YES,NO
D:\HiddenYatra\backup_pre_phase32_20260809.sql,backup_pre_phase32_20260809.sql,.sql,360978,H. DATABASE,"SQL database schema, migration, or backup dump",scratch/generate_all_structure_audit_reports.py,None,YES (SAFE TO MOVE),YES,NO
D:\HiddenYatra\backup_pre_phase3_20260809.sql,backup_pre_phase3_20260809.sql,.sql,324622,H. DATABASE,"SQL database schema, migration, or backup dump",scratch/generate_all_structure_audit_reports.py,None,YES (SAFE TO MOVE),YES,NO
D:\HiddenYatra\BARABAR_DATA_MODEL_RECOMMENDATION.md,BARABAR_DATA_MODEL_RECOMMENDATION.md,.md,9174,L. DOCUMENTATION,Documentation or notes markdown,JEHANABAD_FINAL_VERIFICATION.md,None,YES (SAFE TO MOVE),NO,NO
D:\HiddenYatra\BARABAR_SOURCE_LOG.md,BARABAR_SOURCE_LOG.md,.md,7513,O. GENERATED REPORTS,"Historical audit, phase log, or regression report markdown",No direct code references found,None,YES (SAFE TO MOVE),YES,NO
D:\HiddenYatra\BIHAR_38_DISTRICT_PLACE_AUDIT.md,BIHAR_38_DISTRICT_PLACE_AUDIT.md,.md,262137,O. GENERATED REPORTS,"Historical audit, phase log, or regression report markdown",scratch/generate_all_structure_audit_reports.py,None,YES (SAFE TO MOVE),YES,NO
D:\HiddenYatra\BIHAR_APPROVAL_READY_MASTER.csv,BIHAR_APPROVAL_READY_MASTER.csv,.csv,159656,I. DATA / SEED,Tabular data or candidate queue CSV,scratch/generate_all_structure_audit_reports.py,None,YES (SAFE TO MOVE),NO,NO
D:\HiddenYatra\BIHAR_BATCH4_APPROVAL_PREVIEW.csv,BIHAR_BATCH4_APPROVAL_PREVIEW.csv,.csv,7594,O. GENERATED REPORTS,"Audit, fact-check, or candidate review CSV report",scratch/generate_all_structure_audit_reports.py; scratch/generate_batch4_preview.py,None,YES (SAFE TO MOVE),YES,NO
D:\HiddenYatra\BIHAR_BATCH4_APPROVAL_PREVIEW.md,BIHAR_BATCH4_APPROVAL_PREVIEW.md,.md,23718,O. GENERATED REPORTS,"Historical audit, phase log, or regression report markdown",scratch/generate_all_structure_audit_reports.py; scratch/generate_batch4_preview.py,None,YES (SAFE TO MOVE),YES,NO
D:\HiddenYatra\BIHAR_BATCH4_SOURCE_LOG.md,BIHAR_BATCH4_SOURCE_LOG.md,.md,12573,O. GENERATED REPORTS,"Historical audit, phase log, or regression report markdown",scratch/generate_all_structure_audit_reports.py; scratch/generate_batch4_preview.py,None,YES (SAFE TO MOVE),YES,NO
D:\HiddenYatra\BIHAR_BATCH5_APPROVAL_PREVIEW.csv,BIHAR_BATCH5_APPROVAL_PREVIEW.csv,.csv,6418,O. GENERATED REPORTS,"Audit, fact-check, or candidate review CSV report",scratch/generate_all_structure_audit_reports.py; scratch/generate_batch5_preview_artifacts.py,None,YES (SAFE TO MOVE),YES,NO
D:\HiddenYatra\BIHAR_BATCH5_APPROVAL_PREVIEW.md,BIHAR_BATCH5_APPROVAL_PREVIEW.md,.md,25484,O. GENERATED REPORTS,"Historical audit, phase log, or regression report markdown",scratch/generate_all_structure_audit_reports.py; scratch/generate_batch5_preview_artifacts.py,None,YES (SAFE TO MOVE),YES,NO
D:\HiddenYatra\BIHAR_BATCH5_SOURCE_LOG.md,BIHAR_BATCH5_SOURCE_LOG.md,.md,8797,O. GENERATED REPORTS,"Historical audit, phase log, or regression report markdown",scratch/generate_all_structure_audit_reports.py; scratch/generate_batch5_preview_artifacts.py,None,YES (SAFE TO MOVE),YES,NO
D:\HiddenYatra\BIHAR_BATCH6_APPROVAL_PREVIEW.csv,BIHAR_BATCH6_APPROVAL_PREVIEW.csv,.csv,8215,O. GENERATED REPORTS,"Audit, fact-check, or candidate review CSV report",scratch/generate_all_structure_audit_reports.py; scratch/generate_batch6_artifacts.py,None,YES (SAFE TO MOVE),YES,NO
D:\HiddenYatra\BIHAR_BATCH6_APPROVAL_PREVIEW.md,BIHAR_BATCH6_APPROVAL_PREVIEW.md,.md,35140,O. GENERATED REPORTS,"Historical audit, phase log, or regression report markdown",scratch/generate_all_structure_audit_reports.py; scratch/generate_batch6_markdown.py,None,YES (SAFE TO MOVE),YES,NO
D:\HiddenYatra\BIHAR_BATCH6_OVERLAP_AUDIT.csv,BIHAR_BATCH6_OVERLAP_AUDIT.csv,.csv,9455,O. GENERATED REPORTS,"Audit, fact-check, or candidate review CSV report",scratch/generate_all_structure_audit_reports.py; scratch/generate_batch6_artifacts.py,None,YES (SAFE TO MOVE),YES,NO
D:\HiddenYatra\BIHAR_BATCH6_SOURCE_LOG.md,BIHAR_BATCH6_SOURCE_LOG.md,.md,11350,O. GENERATED REPORTS,"Historical audit, phase log, or regression report markdown",scratch/generate_all_structure_audit_reports.py; scratch/generate_batch6_markdown.py,None,YES (SAFE TO MOVE),YES,NO
D:\HiddenYatra\BIHAR_BATCH7_APPROVAL_PREVIEW.csv,BIHAR_BATCH7_APPROVAL_PREVIEW.csv,.csv,9651,O. GENERATED REPORTS,"Audit, fact-check, or candidate review CSV report",scratch/generate_all_structure_audit_reports.py; scratch/generate_batch7_csvs.py,None,YES (SAFE TO MOVE),YES,NO
D:\HiddenYatra\BIHAR_BATCH7_APPROVAL_PREVIEW.md,BIHAR_BATCH7_APPROVAL_PREVIEW.md,.md,31986,O. GENERATED REPORTS,"Historical audit, phase log, or regression report markdown",scratch/generate_all_structure_audit_reports.py,None,YES (SAFE TO MOVE),YES,NO
D:\HiddenYatra\BIHAR_BATCH7_CANDIDATE_STATUS.csv,BIHAR_BATCH7_CANDIDATE_STATUS.csv,.csv,10079,O. GENERATED REPORTS,"Audit, fact-check, or candidate review CSV report",scratch/generate_all_structure_audit_reports.py; scratch/generate_batch7_csvs.py; scratch/inspect_candidate_pool.py,None,YES (SAFE TO MOVE),YES,NO
D:\HiddenYatra\BIHAR_BATCH7_OVERLAP_AUDIT.csv,BIHAR_BATCH7_OVERLAP_AUDIT.csv,.csv,16032,O. GENERATED REPORTS,"Audit, fact-check, or candidate review CSV report",scratch/generate_all_structure_audit_reports.py; scratch/generate_batch7_csvs.py,None,YES (SAFE TO MOVE),YES,NO
D:\HiddenYatra\BIHAR_BATCH7_SOURCE_LOG.md,BIHAR_BATCH7_SOURCE_LOG.md,.md,18764,O. GENERATED REPORTS,"Historical audit, phase log, or regression report markdown",scratch/generate_all_structure_audit_reports.py,None,YES (SAFE TO MOVE),YES,NO
D:\HiddenYatra\BIHAR_BATCH8_APPROVAL_PREVIEW.csv,BIHAR_BATCH8_APPROVAL_PREVIEW.csv,.csv,8120,O. GENERATED REPORTS,"Audit, fact-check, or candidate review CSV report",scratch/generate_all_structure_audit_reports.py; scratch/generate_batch8_csvs.py; scratch/regenerate_batch8_artifacts.py,None,YES (SAFE TO MOVE),YES,NO
D:\HiddenYatra\BIHAR_BATCH8_APPROVAL_PREVIEW.md,BIHAR_BATCH8_APPROVAL_PREVIEW.md,.md,20379,O. GENERATED REPORTS,"Historical audit, phase log, or regression report markdown",scratch/generate_all_structure_audit_reports.py; scratch/regenerate_batch8_artifacts.py,None,YES (SAFE TO MOVE),YES,NO
D:\HiddenYatra\BIHAR_BATCH8_CANDIDATE_STATUS.csv,BIHAR_BATCH8_CANDIDATE_STATUS.csv,.csv,7092,O. GENERATED REPORTS,"Audit, fact-check, or candidate review CSV report",scratch/generate_all_structure_audit_reports.py; scratch/generate_batch8_csvs.py,None,YES (SAFE TO MOVE),YES,NO
D:\HiddenYatra\BIHAR_BATCH8_OVERLAP_AUDIT.csv,BIHAR_BATCH8_OVERLAP_AUDIT.csv,.csv,4734,O. GENERATED REPORTS,"Audit, fact-check, or candidate review CSV report",scratch/generate_all_structure_audit_reports.py; scratch/generate_batch8_csvs.py; scratch/regenerate_overlap_audit.py,None,YES (SAFE TO MOVE),YES,NO
D:\HiddenYatra\BIHAR_BATCH8_SOURCE_LOG.md,BIHAR_BATCH8_SOURCE_LOG.md,.md,14760,O. GENERATED REPORTS,"Historical audit, phase log, or regression report markdown",scratch/generate_all_structure_audit_reports.py,None,YES (SAFE TO MOVE),YES,NO
D:\HiddenYatra\BIHAR_BATCH9_APPROVAL_PREVIEW.csv,BIHAR_BATCH9_APPROVAL_PREVIEW.csv,.csv,8638,O. GENERATED REPORTS,"Audit, fact-check, or candidate review CSV report",scratch/generate_all_structure_audit_reports.py; scratch/generate_batch9_artifacts.py,None,YES (SAFE TO MOVE),YES,NO
D:\HiddenYatra\BIHAR_BATCH9_APPROVAL_PREVIEW.md,BIHAR_BATCH9_APPROVAL_PREVIEW.md,.md,23934,O. GENERATED REPORTS,"Historical audit, phase log, or regression report markdown",scratch/generate_all_structure_audit_reports.py; scratch/generate_batch9_markdown_artifacts.py,None,YES (SAFE TO MOVE),YES,NO
D:\HiddenYatra\BIHAR_BATCH9_CANDIDATE_STATUS.csv,BIHAR_BATCH9_CANDIDATE_STATUS.csv,.csv,7255,O. GENERATED REPORTS,"Audit, fact-check, or candidate review CSV report",scratch/generate_all_structure_audit_reports.py; scratch/generate_batch9_artifacts.py,None,YES (SAFE TO MOVE),YES,NO
D:\HiddenYatra\BIHAR_BATCH9_DISTRICT_CATEGORY_ANALYSIS.md,BIHAR_BATCH9_DISTRICT_CATEGORY_ANALYSIS.md,.md,6394,O. GENERATED REPORTS,"Historical audit, phase log, or regression report markdown",scratch/generate_all_structure_audit_reports.py; scratch/generate_batch9_markdown_artifacts.py,None,YES (SAFE TO MOVE),YES,NO
D:\HiddenYatra\BIHAR_BATCH9_OVERLAP_AUDIT.csv,BIHAR_BATCH9_OVERLAP_AUDIT.csv,.csv,4682,O. GENERATED REPORTS,"Audit, fact-check, or candidate review CSV report",scratch/generate_all_structure_audit_reports.py; scratch/generate_batch9_artifacts.py,None,YES (SAFE TO MOVE),YES,NO
D:\HiddenYatra\BIHAR_BATCH9_SOURCE_LOG.md,BIHAR_BATCH9_SOURCE_LOG.md,.md,16479,O. GENERATED REPORTS,"Historical audit, phase log, or regression report markdown",scratch/generate_all_structure_audit_reports.py; scratch/generate_batch9_markdown_artifacts.py,None,YES (SAFE TO MOVE),YES,NO
D:\HiddenYatra\BIHAR_DISTRICT_COVERAGE.csv,BIHAR_DISTRICT_COVERAGE.csv,.csv,1013,I. DATA / SEED,Tabular data or candidate queue CSV,No direct code references found,None,YES (SAFE TO MOVE),NO,NO
D:\HiddenYatra\BIHAR_DUPLICATE_REVIEW.csv,BIHAR_DUPLICATE_REVIEW.csv,.csv,5447,I. DATA / SEED,Tabular data or candidate queue CSV,No direct code references found,None,YES (SAFE TO MOVE),NO,NO
D:\HiddenYatra\BIHAR_P0_BATCH2_APPROVAL_PREVIEW.csv,BIHAR_P0_BATCH2_APPROVAL_PREVIEW.csv,.csv,8994,O. GENERATED REPORTS,"Audit, fact-check, or candidate review CSV report",No direct code references found,None,YES (SAFE TO MOVE),YES,NO
D:\HiddenYatra\BIHAR_P0_BATCH2_APPROVAL_PREVIEW.md,BIHAR_P0_BATCH2_APPROVAL_PREVIEW.md,.md,28359,O. GENERATED REPORTS,"Historical audit, phase log, or regression report markdown",No direct code references found,None,YES (SAFE TO MOVE),YES,NO
D:\HiddenYatra\BIHAR_P0_DISTRICT_IMPACT.csv,BIHAR_P0_DISTRICT_IMPACT.csv,.csv,829,I. DATA / SEED,Tabular data or candidate queue CSV,BIHAR_P0_FINAL_APPROVAL.md,None,YES (SAFE TO MOVE),NO,NO
D:\HiddenYatra\BIHAR_P0_FINAL_APPROVAL.csv,BIHAR_P0_FINAL_APPROVAL.csv,.csv,16482,I. DATA / SEED,Tabular data or candidate queue CSV,No direct code references found,None,YES (SAFE TO MOVE),NO,NO
D:\HiddenYatra\BIHAR_P0_FINAL_APPROVAL.md,BIHAR_P0_FINAL_APPROVAL.md,.md,65031,L. DOCUMENTATION,Documentation or notes markdown,No direct code references found,None,YES (SAFE TO MOVE),NO,NO
D:\HiddenYatra\BIHAR_PHASE2_SOURCE_LOG.md,BIHAR_PHASE2_SOURCE_LOG.md,.md,6434,O. GENERATED REPORTS,"Historical audit, phase log, or regression report markdown",No direct code references found,None,YES (SAFE TO MOVE),YES,NO
D:\HiddenYatra\BIHAR_PHASE2_VERIFICATION_REPORT.md,BIHAR_PHASE2_VERIFICATION_REPORT.md,.md,224634,O. GENERATED REPORTS,"Historical audit, phase log, or regression report markdown",scratch/generate_all_structure_audit_reports.py,None,YES (SAFE TO MOVE),YES,NO
D:\HiddenYatra\BIHAR_PLACE_MASTER_CANDIDATES.csv,BIHAR_PLACE_MASTER_CANDIDATES.csv,.csv,117621,I. DATA / SEED,Tabular data or candidate queue CSV,scratch/generate_all_structure_audit_reports.py,None,YES (SAFE TO MOVE),NO,NO
D:\HiddenYatra\BIHAR_PRIORITY_APPROVAL_QUEUE.csv,BIHAR_PRIORITY_APPROVAL_QUEUE.csv,.csv,66294,I. DATA / SEED,Tabular data or candidate queue CSV,BIHAR_PHASE2_VERIFICATION_REPORT.md; scratch/analyze_candidate_pool.py; scratch/check_remaining_priority.py; scratch/generate_all_structure_audit_reports.py; scratch/inspect_candidates_detail.py,None,YES (SAFE TO MOVE),NO,NO
D:\HiddenYatra\BIHAR_REJECTED_PLACES.csv,BIHAR_REJECTED_PLACES.csv,.csv,2969,I. DATA / SEED,Tabular data or candidate queue CSV,No direct code references found,None,YES (SAFE TO MOVE),NO,NO
D:\HiddenYatra\BIHAR_SOURCE_LOG.md,BIHAR_SOURCE_LOG.md,.md,15407,O. GENERATED REPORTS,"Historical audit, phase log, or regression report markdown",No direct code references found,None,YES (SAFE TO MOVE),YES,NO
D:\HiddenYatra\BUG_BACKLOG.md,BUG_BACKLOG.md,.md,1048,O. GENERATED REPORTS,"Historical audit, phase log, or regression report markdown",No direct code references found,None,YES (SAFE TO MOVE),YES,NO
D:\HiddenYatra\CHANGELOG.md,CHANGELOG.md,.md,3502,L. DOCUMENTATION,"Project architecture, installation, or user documentation",scratch/comprehensive_structure_auditor.py; scratch/generate_all_structure_audit_reports.py,None,YES (SAFE TO MOVE),NO,NO
D:\HiddenYatra\CODE_SMELLS.md,CODE_SMELLS.md,.md,1058,O. GENERATED REPORTS,"Historical audit, phase log, or regression report markdown",No direct code references found,None,YES (SAFE TO MOVE),YES,NO
D:\HiddenYatra\config.py,config.py,.py,3899,M. CONFIGURATION,Core application or environment configuration,docs/DeveloperGuide.md; scratch/comprehensive_structure_auditor.py; scratch/generate_all_structure_audit_reports.py,import os; import secrets; from dotenv import load_dotenv,NO (MUST REMAIN IN ROOT),NO,YES
D:\HiddenYatra\DEPLOYMENT.md,DEPLOYMENT.md,.md,1719,L. DOCUMENTATION,"Project architecture, installation, or user documentation",scratch/comprehensive_structure_auditor.py; scratch/generate_all_structure_audit_reports.py,None,YES (SAFE TO MOVE),NO,YES
D:\HiddenYatra\docker-compose.yml,docker-compose.yml,.yml,2543,N. DEPLOYMENT,"Production deployment, container, or server configuration",.dockerignore; TECH_DEBT.md; docs/HACKATHON_JUDGING_PACKAGE.md; scratch/comprehensive_structure_auditor.py; scratch/generate_all_structure_audit_reports.py,None,NO (MUST REMAIN IN ROOT),NO,YES
D:\HiddenYatra\Dockerfile,Dockerfile,,1752,N. DEPLOYMENT,"Production deployment, container, or server configuration",.dockerignore; TECH_DEBT.md; docs/HACKATHON_JUDGING_PACKAGE.md; scratch/comprehensive_structure_auditor.py; scratch/generate_all_structure_audit_reports.py,None,NO (MUST REMAIN IN ROOT),NO,NO
D:\HiddenYatra\FINAL_ENGINEERING_REPORT.md,FINAL_ENGINEERING_REPORT.md,.md,8325,O. GENERATED REPORTS,"Historical audit, phase log, or regression report markdown",scratch/generate_all_structure_audit_reports.py,None,YES (SAFE TO MOVE),YES,NO
D:\HiddenYatra\FINAL_PRE_SUBMISSION_AUDIT.md,FINAL_PRE_SUBMISSION_AUDIT.md,.md,17326,O. GENERATED REPORTS,"Historical audit, phase log, or regression report markdown",scratch/generate_all_structure_audit_reports.py,None,YES (SAFE TO MOVE),YES,NO
D:\HiddenYatra\FIXES.md,FIXES.md,.md,4521,L. DOCUMENTATION,Documentation or notes markdown,No direct code references found,None,YES (SAFE TO MOVE),NO,NO
D:\HiddenYatra\gunicorn.conf.py,gunicorn.conf.py,.py,1774,N. DEPLOYMENT,"Production deployment, container, or server configuration",DEPLOYMENT.md; Dockerfile; FINAL_ENGINEERING_REPORT.md; render.yaml; TECH_DEBT.md,import multiprocessing; import os,NO (MUST REMAIN IN ROOT),NO,NO
D:\HiddenYatra\hiddenyatra_OLD_RECOVERY_FULL.sql,hiddenyatra_OLD_RECOVERY_FULL.sql,.sql,319118,H. DATABASE,"SQL database schema, migration, or backup dump",scratch/generate_all_structure_audit_reports.py,None,YES (SAFE TO MOVE),NO,NO
D:\HiddenYatra\HiddenYatra_Updated_Presentation.pptx,HiddenYatra_Updated_Presentation.pptx,.pptx,18873998,L. DOCUMENTATION,Project presentation pitch deck,scratch/generate_all_structure_audit_reports.py,None,REVIEW,NO,NO
D:\HiddenYatra\INSTALL.md,INSTALL.md,.md,1518,L. DOCUMENTATION,"Project architecture, installation, or user documentation",scratch/comprehensive_structure_auditor.py; scratch/generate_all_structure_audit_reports.py,None,YES (SAFE TO MOVE),NO,YES
D:\HiddenYatra\JEHANABAD_38_OF_38_REGRESSION_REPORT.md,JEHANABAD_38_OF_38_REGRESSION_REPORT.md,.md,12688,O. GENERATED REPORTS,"Historical audit, phase log, or regression report markdown",No direct code references found,None,YES (SAFE TO MOVE),YES,NO
D:\HiddenYatra\JEHANABAD_CANDIDATE_REVIEW.csv,JEHANABAD_CANDIDATE_REVIEW.csv,.csv,2747,I. DATA / SEED,Tabular data or candidate queue CSV,JEHANABAD_FINAL_VERIFICATION.md,None,YES (SAFE TO MOVE),NO,NO
D:\HiddenYatra\JEHANABAD_FINAL_VERIFICATION.md,JEHANABAD_FINAL_VERIFICATION.md,.md,12415,L. DOCUMENTATION,Documentation or notes markdown,No direct code references found,None,YES (SAFE TO MOVE),NO,NO
D:\HiddenYatra\KNOWN_LIMITATIONS.md,KNOWN_LIMITATIONS.md,.md,1383,L. DOCUMENTATION,Documentation or notes markdown,No direct code references found,None,YES (SAFE TO MOVE),NO,NO
D:\HiddenYatra\MAP_FIX_CHANGELOG.md,MAP_FIX_CHANGELOG.md,.md,11298,O. GENERATED REPORTS,"Historical audit, phase log, or regression report markdown",scratch/generate_all_structure_audit_reports.py,None,YES (SAFE TO MOVE),YES,NO
D:\HiddenYatra\MAP_FIX_TEST_REPORT.md,MAP_FIX_TEST_REPORT.md,.md,16123,O. GENERATED REPORTS,"Historical audit, phase log, or regression report markdown",scratch/generate_all_structure_audit_reports.py,None,YES (SAFE TO MOVE),YES,NO
D:\HiddenYatra\my.ini,my.ini,.ini,101,M. CONFIGURATION,Core application or environment configuration,.gitignore; scratch/comprehensive_structure_auditor.py; scratch/generate_all_structure_audit_reports.py; scripts/register_mysql_service.cmd; scripts/register_mysql_service.ps1,None,REVIEW,NO,YES
D:\HiddenYatra\mysql84_start_log.txt,mysql84_start_log.txt,.txt,1087,O. GENERATED REPORTS,"Historical audit, phase log, or regression report markdown",.gitignore; scratch/generate_all_structure_audit_reports.py,None,REVIEW,YES,NO
D:\HiddenYatra\mysql84_stderr.log,mysql84_stderr.log,.log,1087,Q. UNKNOWN / MANUAL REVIEW,Unclassified file requiring manual inspection,.gitignore; scratch/generate_all_structure_audit_reports.py,None,REVIEW,YES,NO
D:\HiddenYatra\mysql_data_BACKUP_20260809_team_setup.sql,mysql_data_BACKUP_20260809_team_setup.sql,.sql,365634,H. DATABASE,"SQL database schema, migration, or backup dump",scratch/convert_backup.ps1; scratch/generate_all_structure_audit_reports.py,None,YES (SAFE TO MOVE),YES,NO
D:\HiddenYatra\mysql_reset.sql,mysql_reset.sql,.sql,66,H. DATABASE,"SQL database schema, migration, or backup dump",No direct code references found,None,YES (SAFE TO MOVE),NO,NO
D:\HiddenYatra\PERFORMANCE_REPORT.md,PERFORMANCE_REPORT.md,.md,1804,O. GENERATED REPORTS,"Historical audit, phase log, or regression report markdown",scratch/generate_all_structure_audit_reports.py,None,YES (SAFE TO MOVE),YES,NO
D:\HiddenYatra\PERFORMANCE_TODO.md,PERFORMANCE_TODO.md,.md,836,L. DOCUMENTATION,Documentation or notes markdown,No direct code references found,None,YES (SAFE TO MOVE),NO,NO
D:\HiddenYatra\PHASE5_MASTER_CANDIDATE_QUEUE.csv,PHASE5_MASTER_CANDIDATE_QUEUE.csv,.csv,57336,I. DATA / SEED,Tabular data or candidate queue CSV,PHASE5_TOP30_RECOMMENDATIONS.md; scratch/analyze_batch7_candidates.py; scratch/analyze_candidate_pool.py; scratch/batch5_candidate_pool.py; scratch/generate_all_structure_audit_reports.py,None,YES (SAFE TO MOVE),NO,NO
D:\HiddenYatra\PHASE5_TOP30_RECOMMENDATIONS.md,PHASE5_TOP30_RECOMMENDATIONS.md,.md,42592,L. DOCUMENTATION,Documentation or notes markdown,PHASE6_TOP30_FACTCHECK.md; scratch/generate_factcheck_md.py,None,YES (SAFE TO MOVE),NO,NO
D:\HiddenYatra\PHASE6_TOP30_FACTCHECK.csv,PHASE6_TOP30_FACTCHECK.csv,.csv,12924,O. GENERATED REPORTS,"Audit, fact-check, or candidate review CSV report",PHASE6_TOP30_FACTCHECK.md; scratch/analyze_candidate_pool.py; scratch/batch4_analysis.py; scratch/check_remaining_candidates.py; scratch/generate_factcheck_md.py,None,YES (SAFE TO MOVE),YES,NO
D:\HiddenYatra\PHASE6_TOP30_FACTCHECK.md,PHASE6_TOP30_FACTCHECK.md,.md,81740,L. DOCUMENTATION,Documentation or notes markdown,scratch/generate_factcheck_md.py; scratch/inspect_candidate_details.py,None,YES (SAFE TO MOVE),NO,NO
D:\HiddenYatra\PHASE6_TOP30_SOURCE_LOG.md,PHASE6_TOP30_SOURCE_LOG.md,.md,12669,O. GENERATED REPORTS,"Historical audit, phase log, or regression report markdown",PHASE6_TOP30_FACTCHECK.md; scratch/generate_factcheck_md.py,None,YES (SAFE TO MOVE),YES,NO
D:\HiddenYatra\POST_BATCH1_REGRESSION_REPORT.md,POST_BATCH1_REGRESSION_REPORT.md,.md,14701,O. GENERATED REPORTS,"Historical audit, phase log, or regression report markdown",scratch/generate_all_structure_audit_reports.py,None,YES (SAFE TO MOVE),YES,NO
D:\HiddenYatra\POST_BATCH2_REGRESSION_REPORT.md,POST_BATCH2_REGRESSION_REPORT.md,.md,13295,O. GENERATED REPORTS,"Historical audit, phase log, or regression report markdown",scratch/generate_all_structure_audit_reports.py,None,YES (SAFE TO MOVE),YES,NO
D:\HiddenYatra\POST_BATCH3_REGRESSION_REPORT.md,POST_BATCH3_REGRESSION_REPORT.md,.md,14054,O. GENERATED REPORTS,"Historical audit, phase log, or regression report markdown",scratch/generate_all_structure_audit_reports.py,None,YES (SAFE TO MOVE),YES,NO
D:\HiddenYatra\POST_BATCH4_REGRESSION_REPORT.md,POST_BATCH4_REGRESSION_REPORT.md,.md,12792,O. GENERATED REPORTS,"Historical audit, phase log, or regression report markdown",scratch/generate_all_structure_audit_reports.py,None,YES (SAFE TO MOVE),YES,NO
D:\HiddenYatra\POST_BATCH5_REGRESSION_REPORT.md,POST_BATCH5_REGRESSION_REPORT.md,.md,13626,O. GENERATED REPORTS,"Historical audit, phase log, or regression report markdown",scratch/generate_all_structure_audit_reports.py,None,YES (SAFE TO MOVE),YES,NO
D:\HiddenYatra\POST_BATCH6_REGRESSION_REPORT.md,POST_BATCH6_REGRESSION_REPORT.md,.md,18592,O. GENERATED REPORTS,"Historical audit, phase log, or regression report markdown",scratch/generate_all_structure_audit_reports.py; scratch/generate_post_batch6_report.py,None,YES (SAFE TO MOVE),YES,NO
D:\HiddenYatra\POST_BATCH7_REGRESSION_REPORT.md,POST_BATCH7_REGRESSION_REPORT.md,.md,14535,O. GENERATED REPORTS,"Historical audit, phase log, or regression report markdown",scratch/generate_all_structure_audit_reports.py,None,YES (SAFE TO MOVE),YES,NO
D:\HiddenYatra\POST_BATCH8_REGRESSION_REPORT.md,POST_BATCH8_REGRESSION_REPORT.md,.md,18241,O. GENERATED REPORTS,"Historical audit, phase log, or regression report markdown",scratch/generate_all_structure_audit_reports.py,None,YES (SAFE TO MOVE),YES,NO
D:\HiddenYatra\README.md,README.md,.md,5503,L. DOCUMENTATION,"Project architecture, installation, or user documentation",docs/HACKATHON_JUDGING_PACKAGE.md; scratch/audit_upstream_license.py; scratch/comprehensive_structure_auditor.py; scratch/generate_all_structure_audit_reports.py,None,NO (MUST REMAIN IN ROOT),NO,NO
D:\HiddenYatra\REFACTOR_PLAN.md,REFACTOR_PLAN.md,.md,1134,O. GENERATED REPORTS,"Historical audit, phase log, or regression report markdown",No direct code references found,None,YES (SAFE TO MOVE),YES,NO
D:\HiddenYatra\render.yaml,render.yaml,.yaml,1671,N. DEPLOYMENT,"Production deployment, container, or server configuration",.dockerignore; scratch/comprehensive_structure_auditor.py; scratch/generate_all_structure_audit_reports.py,None,NO (MUST REMAIN IN ROOT),NO,NO
D:\HiddenYatra\requirements.txt,requirements.txt,.txt,258,M. CONFIGURATION,Core application or environment configuration,Dockerfile; INSTALL.md; render.yaml; SECURITY_REPORT.md; deploy/deploy.sh,None,NO (MUST REMAIN IN ROOT),NO,NO
D:\HiddenYatra\SECURITY_REPORT.md,SECURITY_REPORT.md,.md,2787,O. GENERATED REPORTS,"Historical audit, phase log, or regression report markdown",scratch/generate_all_structure_audit_reports.py,None,YES (SAFE TO MOVE),YES,NO
D:\HiddenYatra\TeamSingularity.pptx,TeamSingularity.pptx,.pptx,27364435,L. DOCUMENTATION,Project presentation pitch deck,scratch/generate_all_structure_audit_reports.py,None,REVIEW,NO,NO
D:\HiddenYatra\TECH_DEBT.md,TECH_DEBT.md,.md,1086,L. DOCUMENTATION,Documentation or notes markdown,No direct code references found,None,YES (SAFE TO MOVE),NO,NO
D:\HiddenYatra\UIUX_AUDIT_REPORT.md,UIUX_AUDIT_REPORT.md,.md,31821,O. GENERATED REPORTS,"Historical audit, phase log, or regression report markdown",UIUX_AUDIT_SUMMARY.md; scratch/generate_all_structure_audit_reports.py,None,YES (SAFE TO MOVE),YES,NO
D:\HiddenYatra\UIUX_AUDIT_SUMMARY.md,UIUX_AUDIT_SUMMARY.md,.md,12228,O. GENERATED REPORTS,"Historical audit, phase log, or regression report markdown",scratch/generate_all_structure_audit_reports.py,None,YES (SAFE TO MOVE),YES,NO
D:\HiddenYatra\UIUX_FIX_REPORT.md,UIUX_FIX_REPORT.md,.md,16049,O. GENERATED REPORTS,"Historical audit, phase log, or regression report markdown",scratch/generate_all_structure_audit_reports.py,None,YES (SAFE TO MOVE),YES,NO
D:\HiddenYatra\wsgi.py,wsgi.py,.py,113,N. DEPLOYMENT,"Production deployment, container, or server configuration",scratch/comprehensive_structure_auditor.py; scratch/generate_all_structure_audit_reports.py,from app import create_app,NO (MUST REMAIN IN ROOT),NO,NO
D:\HiddenYatra\dem_input\N24E083.hgt,N24E083.hgt,.hgt,25934402,Q. UNKNOWN / MANUAL REVIEW,Unclassified file requiring manual inspection,scripts/preprocess_dem_tiles.py; scripts/validate_dem_inputs.py; static/data/terrain/bihar/manifest.json; tests/test_hymap_terrain_tiles.py,None,REVIEW,NO,NO
D:\HiddenYatra\dem_input\N24E084.hgt,N24E084.hgt,.hgt,25934402,Q. UNKNOWN / MANUAL REVIEW,Unclassified file requiring manual inspection,scripts/preprocess_dem_tiles.py; scripts/validate_dem_inputs.py; static/data/terrain/bihar/manifest.json; tests/test_hymap_terrain_tiles.py,None,REVIEW,NO,NO
D:\HiddenYatra\dem_input\N24E085.hgt,N24E085.hgt,.hgt,25934402,Q. UNKNOWN / MANUAL REVIEW,Unclassified file requiring manual inspection,scripts/preprocess_dem_tiles.py; scripts/validate_dem_inputs.py; static/data/terrain/bihar/manifest.json; tests/test_hymap_terrain_tiles.py,None,REVIEW,NO,NO
D:\HiddenYatra\dem_input\N24E086.hgt,N24E086.hgt,.hgt,25934402,Q. UNKNOWN / MANUAL REVIEW,Unclassified file requiring manual inspection,scripts/preprocess_dem_tiles.py; scripts/validate_dem_inputs.py; static/data/terrain/bihar/manifest.json; tests/test_hymap_terrain_tiles.py,None,REVIEW,NO,NO
D:\HiddenYatra\dem_input\N24E087.hgt,N24E087.hgt,.hgt,25934402,Q. UNKNOWN / MANUAL REVIEW,Unclassified file requiring manual inspection,scripts/preprocess_dem_tiles.py; scripts/validate_dem_inputs.py; static/data/terrain/bihar/manifest.json; tests/test_hymap_terrain_tiles.py,None,REVIEW,NO,NO
D:\HiddenYatra\dem_input\N25E085.hgt,N25E085.hgt,.hgt,25934402,Q. UNKNOWN / MANUAL REVIEW,Unclassified file requiring manual inspection,scripts/preprocess_dem_tiles.py; scripts/validate_dem_inputs.py; static/data/terrain/bihar/manifest.json; tests/test_hymap_terrain_tiles.py,None,REVIEW,NO,NO
D:\HiddenYatra\deploy\backup.sh,backup.sh,.sh,2139,N. DEPLOYMENT,"Production deployment, container, or server configuration",deploy/deploy.sh,None,NO (KEEP IN deploy/),YES,NO
D:\HiddenYatra\deploy\deploy.sh,deploy.sh,.sh,7427,N. DEPLOYMENT,"Production deployment, container, or server configuration",No direct code references found,None,NO (KEEP IN deploy/),NO,YES
D:\HiddenYatra\deploy\hiddenyatra.service,hiddenyatra.service,.service,1508,N. DEPLOYMENT,"Production deployment, container, or server configuration",FINAL_ENGINEERING_REPORT.md; deploy/deploy.sh; docs/Deployment.md; docs/SYSTEM_AUDIT_REPORT.md; scratch/generate_all_structure_audit_reports.py,None,NO (KEEP IN deploy/),NO,NO
D:\HiddenYatra\deploy\nginx.conf,nginx.conf,.conf,4520,N. DEPLOYMENT,"Production deployment, container, or server configuration",docker-compose.yml; FINAL_ENGINEERING_REPORT.md; deploy/deploy.sh; docs/SYSTEM_AUDIT_REPORT.md; scratch/generate_all_structure_audit_reports.py,None,NO (KEEP IN deploy/),NO,NO
D:\HiddenYatra\docs\AI_TRIP_PLANNER_SPECS.md,AI_TRIP_PLANNER_SPECS.md,.md,3049,L. DOCUMENTATION,"Project architecture, installation, or user documentation",No direct code references found,None,REVIEW,NO,NO
D:\HiddenYatra\docs\API.md,API.md,.md,5378,L. DOCUMENTATION,"Project architecture, installation, or user documentation",No direct code references found,None,REVIEW,NO,NO
D:\HiddenYatra\docs\Architecture.md,Architecture.md,.md,4320,L. DOCUMENTATION,"Project architecture, installation, or user documentation",No direct code references found,None,REVIEW,NO,NO
D:\HiddenYatra\docs\Database.md,Database.md,.md,4305,L. DOCUMENTATION,"Project architecture, installation, or user documentation",No direct code references found,None,REVIEW,NO,NO
D:\HiddenYatra\docs\DATABASE_DATA_DICTIONARY.md,DATABASE_DATA_DICTIONARY.md,.md,4689,L. DOCUMENTATION,"Project architecture, installation, or user documentation",No direct code references found,None,REVIEW,NO,NO
D:\HiddenYatra\docs\Deployment.md,Deployment.md,.md,5678,L. DOCUMENTATION,"Project architecture, installation, or user documentation",No direct code references found,None,REVIEW,NO,YES
D:\HiddenYatra\docs\DeveloperGuide.md,DeveloperGuide.md,.md,5985,L. DOCUMENTATION,"Project architecture, installation, or user documentation",No direct code references found,None,REVIEW,NO,NO
D:\HiddenYatra\docs\DISCOVERY_FEATURES.md,DISCOVERY_FEATURES.md,.md,2170,L. DOCUMENTATION,"Project architecture, installation, or user documentation",No direct code references found,None,REVIEW,NO,NO
D:\HiddenYatra\docs\HACKATHON_JUDGING_PACKAGE.md,HACKATHON_JUDGING_PACKAGE.md,.md,5152,L. DOCUMENTATION,"Project architecture, installation, or user documentation",No direct code references found,None,REVIEW,NO,NO
D:\HiddenYatra\docs\SYSTEM_AUDIT_REPORT.md,SYSTEM_AUDIT_REPORT.md,.md,9008,L. DOCUMENTATION,"Project architecture, installation, or user documentation",No direct code references found,None,REVIEW,NO,NO
D:\HiddenYatra\models\admin_db.py,admin_db.py,.py,20157,B. BACKEND,"Backend data model, database schema, or business engine",CODE_SMELLS.md; SECURITY_REPORT.md; models/database.py; models/__init__.py; routes/admin.py,"import os; import logging; from models.connection import get_db, get_cursor, _slugify; from config import SUBMISSION_UPLOAD; import time as _t; from datetime import datetime",REVIEW (HIGH-RISK),NO,NO
D:\HiddenYatra\models\archaeology.py,archaeology.py,.py,15895,B. BACKEND,"Backend data model, database schema, or business engine",docs/Architecture.md; models/search_engine.py; routes/api.py; routes/main.py; tests/test_archaeology.py,None,REVIEW (HIGH-RISK),NO,NO
D:\HiddenYatra\models\auth.py,auth.py,.py,7471,B. BACKEND,"Backend data model, database schema, or business engine",AUDIT.md; FIXES.md; SECURITY_REPORT.md; models/database.py; models/__init__.py,"import hashlib; import secrets; import logging; from datetime import datetime; import pymysql; from models.connection import get_db, get_cursor, _escape_like",REVIEW (HIGH-RISK),NO,NO
D:\HiddenYatra\models\budget_planner.py,budget_planner.py,.py,7844,B. BACKEND,"Backend data model, database schema, or business engine",docs/Architecture.md; routes/api.py; routes/main.py; tests/test_budget_planner.py; tests/test_milestone_138.py,None,REVIEW (HIGH-RISK),NO,NO
D:\HiddenYatra\models\circuits.py,circuits.py,.py,8996,B. BACKEND,"Backend data model, database schema, or business engine",docs/DISCOVERY_FEATURES.md; models/itineraries.py; models/search_engine.py; routes/api.py; routes/main.py,None,REVIEW (HIGH-RISK),NO,NO
D:\HiddenYatra\models\connection.py,connection.py,.py,8962,B. BACKEND,"Backend data model, database schema, or business engine",POST_BATCH1_REGRESSION_REPORT.md; POST_BATCH2_REGRESSION_REPORT.md; models/admin_db.py; models/auth.py; models/database.py,"import os; import logging; import threading; from contextlib import contextmanager; from models.text_utils import slugify, _slugify, _escape_like; import pymysql",REVIEW (HIGH-RISK),NO,YES
D:\HiddenYatra\models\constants.py,constants.py,.py,1633,B. BACKEND,"Backend data model, database schema, or business engine",models/database.py; models/__init__.py,None,REVIEW (HIGH-RISK),NO,NO
D:\HiddenYatra\models\crafts.py,crafts.py,.py,6682,B. BACKEND,"Backend data model, database schema, or business engine",docs/DISCOVERY_FEATURES.md; models/search_engine.py; routes/api.py; routes/main.py; tests/test_crafts.py,None,REVIEW (HIGH-RISK),NO,NO
D:\HiddenYatra\models\database.py,database.py,.py,5606,B. BACKEND,"Backend data model, database schema, or business engine",app.py; FINAL_ENGINEERING_REPORT.md; POST_BATCH4_REGRESSION_REPORT.md; POST_BATCH5_REGRESSION_REPORT.md; POST_BATCH6_REGRESSION_REPORT.md,from models.text_utils import (; from models.connection import (; from models.constants import (; from models.auth import (; from models.places import (; from models.districts import (,REVIEW (HIGH-RISK),NO,NO
D:\HiddenYatra\models\districts.py,districts.py,.py,15833,B. BACKEND,"Backend data model, database schema, or business engine",AUDIT.md; REFACTOR_PLAN.md; models/database.py; models/__init__.py; scratch/generate_all_structure_audit_reports.py,"import os; import logging; import pymysql; from models.connection import get_db, get_cursor, slugify; from config import BASE_DIR; from collections import defaultdict",REVIEW (HIGH-RISK),NO,NO
D:\HiddenYatra\models\eco.py,eco.py,.py,2535,B. BACKEND,"Backend data model, database schema, or business engine",docs/DISCOVERY_FEATURES.md; routes/api.py; routes/main.py; tests/test_discovery_contract.py; tests/test_eco.py,None,REVIEW (HIGH-RISK),NO,NO
D:\HiddenYatra\models\festivals.py,festivals.py,.py,5752,B. BACKEND,"Backend data model, database schema, or business engine",docs/DISCOVERY_FEATURES.md; models/itineraries.py; models/search_engine.py; routes/api.py; routes/main.py,None,REVIEW (HIGH-RISK),NO,NO
D:\HiddenYatra\models\gastronomy.py,gastronomy.py,.py,10432,B. BACKEND,"Backend data model, database schema, or business engine",docs/Architecture.md; models/search_engine.py; routes/api.py; routes/main.py; tests/test_gastronomy.py,None,REVIEW (HIGH-RISK),NO,NO
D:\HiddenYatra\models\guides.py,guides.py,.py,8725,B. BACKEND,"Backend data model, database schema, or business engine",docs/Architecture.md; models/search_engine.py; routes/api.py; routes/main.py; tests/test_guides.py,None,REVIEW (HIGH-RISK),NO,NO
D:\HiddenYatra\models\hosts.py,hosts.py,.py,15364,B. BACKEND,"Backend data model, database schema, or business engine",models/stay_requests.py; routes/admin.py; routes/host.py; routes/stays.py; tests/test_hosts.py,"import hashlib; import logging; from models.connection import get_cursor, get_db; from datetime import datetime, date",REVIEW (HIGH-RISK),NO,NO
D:\HiddenYatra\models\intellectual_heritage.py,intellectual_heritage.py,.py,10430,B. BACKEND,"Backend data model, database schema, or business engine",docs/Architecture.md; models/search_engine.py; routes/api.py; routes/main.py; tests/test_intellectual_heritage.py,None,REVIEW (HIGH-RISK),NO,NO
D:\HiddenYatra\models\itineraries.py,itineraries.py,.py,8012,B. BACKEND,"Backend data model, database schema, or business engine",models/database.py; models/__init__.py; routes/itinerary.py; scratch/generate_all_structure_audit_reports.py; tests/test_itinerary.py,"import json; import logging; from models.connection import get_cursor; from models.festivals import get_festivals_by_month, get_all_festivals; from models.circuits import get_all_circuits",REVIEW (HIGH-RISK),NO,NO
D:\HiddenYatra\models\listings.py,listings.py,.py,25395,B. BACKEND,"Backend data model, database schema, or business engine",models/stay_requests.py; routes/host.py; routes/stays.py,import os; import re; import uuid; import logging; from models.connection import get_cursor; import json,REVIEW (HIGH-RISK),NO,NO
D:\HiddenYatra\models\panoramas.py,panoramas.py,.py,10660,B. BACKEND,"Backend data model, database schema, or business engine",FINAL_PRE_SUBMISSION_AUDIT.md; docs/Architecture.md; models/search_engine.py; routes/api.py; routes/main.py,None,REVIEW (HIGH-RISK),NO,NO
D:\HiddenYatra\models\performing_arts.py,performing_arts.py,.py,10727,B. BACKEND,"Backend data model, database schema, or business engine",docs/Architecture.md; models/search_engine.py; routes/api.py; routes/main.py; tests/test_milestone_138.py,None,REVIEW (HIGH-RISK),NO,NO
D:\HiddenYatra\models\places.py,places.py,.py,35659,B. BACKEND,"Backend data model, database schema, or business engine",AUDIT.md; FINAL_PRE_SUBMISSION_AUDIT.md; MAP_FIX_CHANGELOG.md; MAP_FIX_TEST_REPORT.md; REFACTOR_PLAN.md,"import os; import math; import logging; from datetime import datetime; from models.connection import get_db, get_cursor, slugify, _escape_like; from config import UPLOAD_FOLDER",REVIEW (HIGH-RISK),NO,NO
D:\HiddenYatra\models\quiz.py,quiz.py,.py,7348,B. BACKEND,"Backend data model, database schema, or business engine",docs/Architecture.md; routes/api.py; routes/main.py; tests/test_milestone_138.py; tests/test_quiz.py,None,REVIEW (HIGH-RISK),NO,NO
D:\HiddenYatra\models\reviews.py,reviews.py,.py,2437,B. BACKEND,"Backend data model, database schema, or business engine",FIXES.md; models/database.py; models/__init__.py; scratch/generate_all_structure_audit_reports.py,import logging; from models.connection import get_cursor,REVIEW (HIGH-RISK),NO,NO
D:\HiddenYatra\models\safety.py,safety.py,.py,13300,B. BACKEND,"Backend data model, database schema, or business engine",docs/Architecture.md; routes/api.py; routes/main.py; scratch/generate_all_structure_audit_reports.py; tests/test_milestone_52.py,None,REVIEW (HIGH-RISK),NO,NO
D:\HiddenYatra\models\search_engine.py,search_engine.py,.py,68782,B. BACKEND,"Backend data model, database schema, or business engine",app.py; JEHANABAD_38_OF_38_REGRESSION_REPORT.md; MAP_FIX_TEST_REPORT.md; POST_BATCH1_REGRESSION_REPORT.md; POST_BATCH2_REGRESSION_REPORT.md,import re; import math; import logging; import threading; import time; import unicodedata,REVIEW (HIGH-RISK),NO,NO
D:\HiddenYatra\models\services.py,services.py,.py,39379,B. BACKEND,"Backend data model, database schema, or business engine",FINAL_ENGINEERING_REPORT.md; INSTALL.md; REFACTOR_PLAN.md; models/database.py; models/__init__.py,"import os; import math; import logging; import pymysql; from models.connection import get_db, get_cursor, _escape_like; from flask import has_app_context, current_app",REVIEW (HIGH-RISK),NO,NO
D:\HiddenYatra\models\souvenirs.py,souvenirs.py,.py,9284,B. BACKEND,"Backend data model, database schema, or business engine",docs/Architecture.md; models/search_engine.py; routes/api.py; routes/main.py; tests/test_milestone_138.py,None,REVIEW (HIGH-RISK),NO,NO
D:\HiddenYatra\models\stay_requests.py,stay_requests.py,.py,25711,B. BACKEND,"Backend data model, database schema, or business engine",models/database.py; routes/admin.py; routes/host.py; routes/stays.py; scratch/generate_all_structure_audit_reports.py,"import logging; from datetime import datetime, date, timedelta; from models.connection import get_cursor; from models.hosts import _notify; from models.listings import get_listing_by_id; from models.hosts import get_host_profile_by_id",REVIEW (HIGH-RISK),NO,NO
D:\HiddenYatra\models\text_utils.py,text_utils.py,.py,655,B. BACKEND,"Backend data model, database schema, or business engine",models/connection.py; models/database.py; models/__init__.py,import re,REVIEW (HIGH-RISK),NO,NO
D:\HiddenYatra\models\transport.py,transport.py,.py,11704,B. BACKEND,"Backend data model, database schema, or business engine",docs/Architecture.md; routes/api.py; routes/main.py; tests/test_milestone_52.py; tests/test_transport.py,None,REVIEW (HIGH-RISK),NO,NO
D:\HiddenYatra\models\treks.py,treks.py,.py,10038,B. BACKEND,"Backend data model, database schema, or business engine",docs/Architecture.md; models/search_engine.py; routes/api.py; routes/main.py; tests/test_milestone_138.py,None,REVIEW (HIGH-RISK),NO,NO
D:\HiddenYatra\models\volunteer.py,volunteer.py,.py,6802,B. BACKEND,"Backend data model, database schema, or business engine",docs/Architecture.md; routes/api.py; routes/main.py; tests/test_milestone_34.py; tests/test_volunteer.py,None,REVIEW (HIGH-RISK),NO,NO
D:\HiddenYatra\models\weather.py,weather.py,.py,11860,B. BACKEND,"Backend data model, database schema, or business engine",docs/Architecture.md; routes/api.py; routes/main.py; scratch/generate_all_structure_audit_reports.py; tests/test_milestone_138.py,None,REVIEW (HIGH-RISK),NO,NO
D:\HiddenYatra\models\wildlife.py,wildlife.py,.py,10916,B. BACKEND,"Backend data model, database schema, or business engine",docs/Architecture.md; models/search_engine.py; routes/api.py; routes/main.py; tests/test_milestone_34.py,None,REVIEW (HIGH-RISK),NO,NO
D:\HiddenYatra\models\wishlists.py,wishlists.py,.py,4439,B. BACKEND,"Backend data model, database schema, or business engine",models/database.py; models/__init__.py,import logging; import pymysql; from models.connection import get_cursor,REVIEW (HIGH-RISK),NO,NO
D:\HiddenYatra\models\__init__.py,__init__.py,.py,616,B. BACKEND,"Backend data model, database schema, or business engine",.gitignore; scratch/generate_all_structure_audit_reports.py,"from models.text_utils import slugify, _slugify, _escape_like; from models.connection import get_db, get_cursor, init_db; from models.constants import PLACE_CATEGORIES, SPECIALTY_CATEGORIES, ACCOMMODATION_TYPES, SERVICE_GROUP_ORDER, get_category_label; from models.auth import *; from models.places import *; from models.districts import *",REVIEW (HIGH-RISK),NO,NO
D:\HiddenYatra\routes\admin.py,admin.py,.py,66504,B. BACKEND,Flask Blueprint route handler / API controller,app.py; AUDIT.md; CODE_SMELLS.md; FIXES.md; REFACTOR_PLAN.md,import os; import uuid; import time as _time; import logging; from flask import (; from werkzeug.utils import secure_filename,REVIEW (HIGH-RISK),NO,YES
D:\HiddenYatra\routes\api.py,api.py,.py,64570,B. BACKEND,Flask Blueprint route handler / API controller,app.py; FINAL_ENGINEERING_REPORT.md; MAP_FIX_CHANGELOG.md; MAP_FIX_TEST_REPORT.md; POST_BATCH7_REGRESSION_REPORT.md,"import time; from flask import Blueprint, request, jsonify, session; from models.database import (; from utils import csrf_required, get_session_id as _get_session_id; from models.search_engine import levenshtein_distance, normalize_compact; from models.places import calculate_haversine_distance, get_places_by_filter",REVIEW (HIGH-RISK),NO,NO
D:\HiddenYatra\routes\auth.py,auth.py,.py,17205,B. BACKEND,Flask Blueprint route handler / API controller,app.py; AUDIT.md; FIXES.md; SECURITY_REPORT.md; scratch/generate_all_structure_audit_reports.py,"import re; import time as _time; from flask import Blueprint, render_template, request, redirect, url_for, flash, session; from models.database import (; from utils.email_otp import generate_otp, save_otp, verify_otp, send_otp_email; from utils import csrf_required, login_required, get_session_id as _get_session_id",REVIEW (HIGH-RISK),NO,YES
D:\HiddenYatra\routes\community.py,community.py,.py,8696,B. BACKEND,Flask Blueprint route handler / API controller,app.py; FIXES.md; scratch/generate_all_structure_audit_reports.py,"import os; import json; import logging; from flask import Blueprint, render_template, request, redirect, url_for, flash, session, jsonify; from config import SUBMISSION_UPLOAD, allowed_file, validate_image_file, check_file_size; from models.database import (",REVIEW (HIGH-RISK),NO,NO
D:\HiddenYatra\routes\host.py,host.py,.py,34116,B. BACKEND,Flask Blueprint route handler / API controller,app.py; FIXES.md; scratch/generate_all_structure_audit_reports.py,import os; import uuid; import logging; from flask import (; from werkzeug.utils import secure_filename; from PIL import Image,REVIEW (HIGH-RISK),NO,NO
D:\HiddenYatra\routes\itinerary.py,itinerary.py,.py,24923,B. BACKEND,Flask Blueprint route handler / API controller,app.py; FINAL_ENGINEERING_REPORT.md; FINAL_PRE_SUBMISSION_AUDIT.md; POST_BATCH4_REGRESSION_REPORT.md; POST_BATCH5_REGRESSION_REPORT.md,"import logging; from flask import Blueprint, render_template, request, redirect, url_for, flash, session, jsonify; from models.itineraries import calculate_itinerary_budget, get_pacing_config; from models.database import (; from utils import csrf_required, get_session_id as _get_session_id; from models.database import get_cursor",REVIEW (HIGH-RISK),NO,NO
D:\HiddenYatra\routes\main.py,main.py,.py,27513,B. BACKEND,Flask Blueprint route handler / API controller,app.py; FINAL_PRE_SUBMISSION_AUDIT.md; scratch/generate_all_structure_audit_reports.py; scripts/tools/generate_presentation_files.py,"from flask import Blueprint, render_template, request; from models.database import (; from config import GOOGLE_MAPS_API_KEY, GOOGLE_MAPS_MAP_ID, MAP_ENGINE; from models.circuits import get_all_circuits; from models.circuits import filter_circuits_by_theme; from models.circuits import get_circuit_by_slug, calculate_circuit_metrics",REVIEW (HIGH-RISK),NO,YES
D:\HiddenYatra\routes\places.py,places.py,.py,4453,B. BACKEND,Flask Blueprint route handler / API controller,app.py; AUDIT.md; FINAL_PRE_SUBMISSION_AUDIT.md; MAP_FIX_CHANGELOG.md; MAP_FIX_TEST_REPORT.md,"import logging; from flask import Blueprint, render_template, session, redirect, url_for; from models.database import (; from utils import get_session_id as _get_session_id",REVIEW (HIGH-RISK),NO,NO
D:\HiddenYatra\routes\reviews.py,reviews.py,.py,5129,B. BACKEND,Flask Blueprint route handler / API controller,app.py; FIXES.md; scratch/generate_all_structure_audit_reports.py,"import logging; from flask import Blueprint, request, redirect, url_for, flash, session, jsonify; from models.database import (; from utils import csrf_required, get_session_id as _get_session_id",REVIEW (HIGH-RISK),NO,NO
D:\HiddenYatra\routes\stays.py,stays.py,.py,11858,B. BACKEND,Flask Blueprint route handler / API controller,app.py; scratch/generate_all_structure_audit_reports.py; scripts/seed/seed_homestays.py,"import logging; from flask import Blueprint, render_template, request, flash, redirect, url_for, session, abort, jsonify; from models.listings import (; from models.database import get_all_districts_admin; from models.connection import get_cursor; from scripts.seed.seed_homestays import seed_all_homestays",REVIEW (HIGH-RISK),NO,NO
D:\HiddenYatra\routes\user_photos.py,user_photos.py,.py,2226,B. BACKEND,Flask Blueprint route handler / API controller,app.py; FIXES.md; SECURITY_REPORT.md; scratch/generate_all_structure_audit_reports.py,"import os; import logging; from flask import Blueprint, request, redirect, url_for, flash, session; from config import UPLOAD_FOLDER, allowed_file, validate_image_file, check_file_size; from models.database import add_user_photo, get_place_by_id; from utils import csrf_required, get_session_id as _get_session_id",REVIEW (HIGH-RISK),NO,NO
D:\HiddenYatra\routes\wishlist.py,wishlist.py,.py,2687,B. BACKEND,Flask Blueprint route handler / API controller,app.py; FIXES.md; scratch/generate_all_structure_audit_reports.py,"import logging; from flask import Blueprint, render_template, request, session, jsonify; from models.database import (; from utils import csrf_required, get_session_id as _get_session_id",REVIEW (HIGH-RISK),NO,NO
D:\HiddenYatra\routes\__init__.py,__init__.py,.py,17,B. BACKEND,Flask Blueprint route handler / API controller,.gitignore; scratch/generate_all_structure_audit_reports.py,None,REVIEW (HIGH-RISK),NO,NO
D:\HiddenYatra\scratch\add_photos_to_existing_stays.py,add_photos_to_existing_stays.py,.py,1375,K. DEVELOPMENT SCRIPTS,Development script or scratch automation,No direct code references found,import sys; from dotenv import load_dotenv; from models.connection import get_cursor,YES (SAFE TO MOVE),YES,NO
D:\HiddenYatra\scratch\analyze_batch7_candidates.py,analyze_batch7_candidates.py,.py,2698,K. DEVELOPMENT SCRIPTS,Development script or scratch automation,No direct code references found,import sys; import os; import csv; import math; import pymysql; from dotenv import load_dotenv,YES (SAFE TO MOVE),YES,YES
D:\HiddenYatra\scratch\analyze_candidate_pool.py,analyze_candidate_pool.py,.py,3304,K. DEVELOPMENT SCRIPTS,Development script or scratch automation,No direct code references found,import csv; import sys; import math; from models.connection import get_db,YES (SAFE TO MOVE),YES,NO
D:\HiddenYatra\scratch\apply_user_recycle_bin.py,apply_user_recycle_bin.py,.py,389,K. DEVELOPMENT SCRIPTS,Development script or scratch automation,No direct code references found,"import sys; from dotenv import load_dotenv; from models.places import soft_delete_place, get_deleted_places",YES (SAFE TO MOVE),YES,NO
D:\HiddenYatra\scratch\assign_extra_images.py,assign_extra_images.py,.py,2169,K. DEVELOPMENT SCRIPTS,Development script or scratch automation,No direct code references found,import os; import sys; import urllib.request; import hashlib; from dotenv import load_dotenv; from models.database import get_db,YES (SAFE TO MOVE),YES,NO
D:\HiddenYatra\scratch\audit_batch8_candidates.py,audit_batch8_candidates.py,.py,8043,K. DEVELOPMENT SCRIPTS,Development inspection or diagnostic script,No direct code references found,import sys; import math; from models.connection import get_db,YES (SAFE TO MOVE),YES,NO
D:\HiddenYatra\scratch\audit_comprehensive_controls.py,audit_comprehensive_controls.py,.py,22659,K. DEVELOPMENT SCRIPTS,Development inspection or diagnostic script,No direct code references found,import urllib.request; import urllib.parse; import json; import time; import re; import sys,YES (SAFE TO MOVE),YES,NO
D:\HiddenYatra\scratch\audit_control_handlers.py,audit_control_handlers.py,.py,5794,K. DEVELOPMENT SCRIPTS,Development inspection or diagnostic script,No direct code references found,import os; import re; import json; from app import create_app,YES (SAFE TO MOVE),YES,NO
D:\HiddenYatra\scratch\audit_datameet_bihar.py,audit_datameet_bihar.py,.py,1541,K. DEVELOPMENT SCRIPTS,Development inspection or diagnostic script,No direct code references found,import urllib.request; import json; import os,YES (SAFE TO MOVE),YES,NO
D:\HiddenYatra\scratch\audit_data_coverage.py,audit_data_coverage.py,.py,5760,K. DEVELOPMENT SCRIPTS,Development inspection or diagnostic script,No direct code references found,"import sys, io, json, re, requests",YES (SAFE TO MOVE),YES,NO
D:\HiddenYatra\scratch\audit_districts_detail.py,audit_districts_detail.py,.py,664,K. DEVELOPMENT SCRIPTS,Development inspection or diagnostic script,No direct code references found,import sys; from models.connection import get_db,YES (SAFE TO MOVE),YES,NO
D:\HiddenYatra\scratch\audit_dump.json,audit_dump.json,.json,107805,K. DEVELOPMENT SCRIPTS,Development inspection or diagnostic script,scratch/check_img_generation.py; scratch/generate_all_structure_audit_reports.py; scratch/phase2_full_extract.py; scratch/trace_images.py,None,YES (SAFE TO MOVE),YES,NO
D:\HiddenYatra\scratch\audit_famous_for.py,audit_famous_for.py,.py,825,K. DEVELOPMENT SCRIPTS,Development inspection or diagnostic script,No direct code references found,"import sys, os; from dotenv import load_dotenv; from models.connection import get_db",YES (SAFE TO MOVE),YES,NO
D:\HiddenYatra\scratch\audit_inventory_148.py,audit_inventory_148.py,.py,1308,K. DEVELOPMENT SCRIPTS,Development inspection or diagnostic script,No direct code references found,import sys; from collections import Counter; from models.connection import get_db,YES (SAFE TO MOVE),YES,NO
D:\HiddenYatra\scratch\audit_jamui_images.py,audit_jamui_images.py,.py,3895,K. DEVELOPMENT SCRIPTS,Development inspection or diagnostic script,No direct code references found,"import os, sys; import json; import urllib.request; import subprocess; from models.connection import get_cursor",YES (SAFE TO MOVE),YES,NO
D:\HiddenYatra\scratch\audit_map_db.py,audit_map_db.py,.py,2510,K. DEVELOPMENT SCRIPTS,Development inspection or diagnostic script,No direct code references found,import sys; from dotenv import load_dotenv; from models.connection import get_cursor,YES (SAFE TO MOVE),YES,NO
D:\HiddenYatra\scratch\audit_map_places.py,audit_map_places.py,.py,856,K. DEVELOPMENT SCRIPTS,Development inspection or diagnostic script,No direct code references found,"import sys, os; from dotenv import load_dotenv; import json; from models.places import get_places_for_map; from models.database import get_districts_by_state, get_state_by_slug",YES (SAFE TO MOVE),YES,NO
D:\HiddenYatra\scratch\audit_osm_blocks.py,audit_osm_blocks.py,.py,1385,K. DEVELOPMENT SCRIPTS,Development inspection or diagnostic script,No direct code references found,import urllib.request; import urllib.parse; import json; import time,YES (SAFE TO MOVE),YES,NO
D:\HiddenYatra\scratch\audit_phase2c_sources.py,audit_phase2c_sources.py,.py,5713,K. DEVELOPMENT SCRIPTS,Development inspection or diagnostic script,No direct code references found,import os; import sys; import json; import urllib.request; import urllib.parse,YES (SAFE TO MOVE),YES,NO
D:\HiddenYatra\scratch\audit_phase2d_blocks.py,audit_phase2d_blocks.py,.py,4109,K. DEVELOPMENT SCRIPTS,Development inspection or diagnostic script,No direct code references found,import os; import sys; import json; from dotenv import load_dotenv; from models.connection import get_db,YES (SAFE TO MOVE),YES,NO
D:\HiddenYatra\scratch\audit_phase2e_db.py,audit_phase2e_db.py,.py,2526,K. DEVELOPMENT SCRIPTS,Development inspection or diagnostic script,No direct code references found,import os; import sys; import json; from dotenv import load_dotenv; from models.connection import get_db,YES (SAFE TO MOVE),YES,NO
D:\HiddenYatra\scratch\audit_phase2e_hotels_homestays.py,audit_phase2e_hotels_homestays.py,.py,4767,K. DEVELOPMENT SCRIPTS,Development inspection or diagnostic script,No direct code references found,import os; import sys; import json; from dotenv import load_dotenv; from models.connection import get_db,YES (SAFE TO MOVE),YES,NO
D:\HiddenYatra\scratch\audit_places_1_30.py,audit_places_1_30.py,.py,636,K. DEVELOPMENT SCRIPTS,Development inspection or diagnostic script,No direct code references found,"import sys, os; from dotenv import load_dotenv; from models.connection import get_db",YES (SAFE TO MOVE),YES,NO
D:\HiddenYatra\scratch\audit_places_districts.py,audit_places_districts.py,.py,838,K. DEVELOPMENT SCRIPTS,Development inspection or diagnostic script,No direct code references found,"import sys, os; from dotenv import load_dotenv; from models.connection import get_cursor",YES (SAFE TO MOVE),YES,NO
D:\HiddenYatra\scratch\audit_project_structure.py,audit_project_structure.py,.py,1642,K. DEVELOPMENT SCRIPTS,Development inspection or diagnostic script,No direct code references found,import os; import sys; import re; import csv; import json; from pathlib import Path,YES (SAFE TO MOVE),YES,NO
D:\HiddenYatra\scratch\audit_upstream_license.py,audit_upstream_license.py,.py,2189,K. DEVELOPMENT SCRIPTS,Development inspection or diagnostic script,No direct code references found,import urllib.request; import json,YES (SAFE TO MOVE),YES,NO
D:\HiddenYatra\scratch\backup_db.py,backup_db.py,.py,3362,K. DEVELOPMENT SCRIPTS,"Database insertion, repair, or migration helper",scratch/generate_all_structure_audit_reports.py,"import sys, os; from dotenv import load_dotenv; import pymysql",YES (SAFE TO MOVE),YES,NO
D:\HiddenYatra\scratch\backup_feature_homestay_booking.sql,backup_feature_homestay_booking.sql,.sql,271284,H. DATABASE,"SQL database schema, migration, or backup dump",scratch/run_backup.py,None,YES (SAFE TO MOVE),YES,NO
D:\HiddenYatra\scratch\backup_hiddenyatra_20260814_1934.sql,backup_hiddenyatra_20260814_1934.sql,.sql,277126,H. DATABASE,"SQL database schema, migration, or backup dump",scratch/backup_db.py; scratch/final_forensic_audit.py; scratch/final_forensic_results.json; scratch/phase1_verify.py,None,YES (SAFE TO MOVE),YES,NO
D:\HiddenYatra\scratch\batch2_extracted.json,batch2_extracted.json,.json,13174,P. TEMPORARY / DEBUG,Temporary diagnostic dump or test report JSON,scratch/generate_all_structure_audit_reports.py,None,YES (SAFE TO MOVE),YES,NO
D:\HiddenYatra\scratch\batch2_full_md.json,batch2_full_md.json,.json,20207,P. TEMPORARY / DEBUG,Temporary diagnostic dump or test report JSON,scratch/generate_all_structure_audit_reports.py,None,YES (SAFE TO MOVE),YES,NO
D:\HiddenYatra\scratch\batch4_analysis.py,batch4_analysis.py,.py,2850,K. DEVELOPMENT SCRIPTS,Development script or scratch automation,No direct code references found,import sys; import csv; import math; from dotenv import load_dotenv; from models.connection import get_cursor,YES (SAFE TO MOVE),YES,NO
D:\HiddenYatra\scratch\batch5_candidate_pool.py,batch5_candidate_pool.py,.py,2741,K. DEVELOPMENT SCRIPTS,Development script or scratch automation,No direct code references found,"import sys, csv, os, math; from dotenv import load_dotenv; load_dotenv(); from models.connection import get_cursor",YES (SAFE TO MOVE),YES,NO
D:\HiddenYatra\scratch\build_blocks_geojson.py,build_blocks_geojson.py,.py,12847,K. DEVELOPMENT SCRIPTS,Development script or scratch automation,No direct code references found,import os; import sys; import json; import re; import urllib.request; from dotenv import load_dotenv,YES (SAFE TO MOVE),YES,NO
D:\HiddenYatra\scratch\build_phase2e_geojson.py,build_phase2e_geojson.py,.py,5971,K. DEVELOPMENT SCRIPTS,Development script or scratch automation,No direct code references found,import os; import sys; import json; from dotenv import load_dotenv; from models.connection import get_db,YES (SAFE TO MOVE),YES,NO
D:\HiddenYatra\scratch\cache_all_place_images.py,cache_all_place_images.py,.py,2675,K. DEVELOPMENT SCRIPTS,Development script or scratch automation,No direct code references found,import os; import urllib.request; import hashlib; from dotenv import load_dotenv; import sys; from models.database import get_db,YES (SAFE TO MOVE),YES,NO
D:\HiddenYatra\scratch\capture_batch4_screenshots.py,capture_batch4_screenshots.py,.py,3357,G. IMAGES / MEDIA,"Visual media, icon, screenshot, or banner asset",No direct code references found,import os; import time; from selenium import webdriver; from selenium.webdriver.chrome.options import Options; from selenium.webdriver.common.by import By,YES (SAFE TO MOVE),YES,NO
D:\HiddenYatra\scratch\capture_batch5_screenshots.py,capture_batch5_screenshots.py,.py,3873,G. IMAGES / MEDIA,"Visual media, icon, screenshot, or banner asset",No direct code references found,import os; import time; from selenium import webdriver; from selenium.webdriver.chrome.options import Options,YES (SAFE TO MOVE),YES,NO
D:\HiddenYatra\scratch\capture_batch6_screenshots.py,capture_batch6_screenshots.py,.py,4186,G. IMAGES / MEDIA,"Visual media, icon, screenshot, or banner asset",No direct code references found,import os; import time; from selenium import webdriver; from selenium.webdriver.chrome.options import Options,YES (SAFE TO MOVE),YES,NO
D:\HiddenYatra\scratch\capture_batch7_screenshots.py,capture_batch7_screenshots.py,.py,3135,G. IMAGES / MEDIA,"Visual media, icon, screenshot, or banner asset",No direct code references found,import os; import time; from selenium import webdriver; from selenium.webdriver.chrome.options import Options,YES (SAFE TO MOVE),YES,NO
D:\HiddenYatra\scratch\capture_batch8_screenshots.py,capture_batch8_screenshots.py,.py,3303,G. IMAGES / MEDIA,"Visual media, icon, screenshot, or banner asset",No direct code references found,import os; import time; from selenium import webdriver; from selenium.webdriver.chrome.options import Options,YES (SAFE TO MOVE),YES,NO
D:\HiddenYatra\scratch\capture_destination_screenshots.py,capture_destination_screenshots.py,.py,3044,G. IMAGES / MEDIA,"Visual media, icon, screenshot, or banner asset",No direct code references found,import os; import time; from selenium import webdriver; from selenium.webdriver.chrome.options import Options; from selenium.webdriver.common.by import By,YES (SAFE TO MOVE),YES,NO
D:\HiddenYatra\scratch\check_actual_districts.py,check_actual_districts.py,.py,850,K. DEVELOPMENT SCRIPTS,Development inspection or diagnostic script,No direct code references found,"import pymysql, os, dotenv",YES (SAFE TO MOVE),YES,YES
D:\HiddenYatra\scratch\check_all_places_integrity.py,check_all_places_integrity.py,.py,845,K. DEVELOPMENT SCRIPTS,Development inspection or diagnostic script,No direct code references found,"import sys, os; from dotenv import load_dotenv; from models.connection import get_cursor",YES (SAFE TO MOVE),YES,NO
D:\HiddenYatra\scratch\check_context_processor.py,check_context_processor.py,.py,922,K. DEVELOPMENT SCRIPTS,Development inspection or diagnostic script,No direct code references found,"import sys; from app import create_app; from config import MAP_ENGINE, GOOGLE_MAPS_API_KEY; from flask import render_template",YES (SAFE TO MOVE),YES,NO
D:\HiddenYatra\scratch\check_datta07.py,check_datta07.py,.py,922,K. DEVELOPMENT SCRIPTS,Development inspection or diagnostic script,No direct code references found,import urllib.request; import json,YES (SAFE TO MOVE),YES,NO
D:\HiddenYatra\scratch\check_districts_exact.py,check_districts_exact.py,.py,1253,K. DEVELOPMENT SCRIPTS,Development inspection or diagnostic script,No direct code references found,import sys; from models.connection import get_db,YES (SAFE TO MOVE),YES,NO
D:\HiddenYatra\scratch\check_districts_places.py,check_districts_places.py,.py,495,K. DEVELOPMENT SCRIPTS,Development inspection or diagnostic script,No direct code references found,import sys; from dotenv import load_dotenv; load_dotenv(); from models.connection import get_cursor,YES (SAFE TO MOVE),YES,NO
D:\HiddenYatra\scratch\check_district_foods.py,check_district_foods.py,.py,659,K. DEVELOPMENT SCRIPTS,Development inspection or diagnostic script,No direct code references found,"import sys, io; from dotenv import load_dotenv; from models.database import get_cursor",YES (SAFE TO MOVE),YES,NO
D:\HiddenYatra\scratch\check_district_ids.py,check_district_ids.py,.py,415,K. DEVELOPMENT SCRIPTS,Development inspection or diagnostic script,No direct code references found,import sys; from dotenv import load_dotenv; from models.connection import get_cursor,YES (SAFE TO MOVE),YES,NO
D:\HiddenYatra\scratch\check_district_images.py,check_district_images.py,.py,435,K. DEVELOPMENT SCRIPTS,Development inspection or diagnostic script,No direct code references found,import sys; from dotenv import load_dotenv; from models.database import get_cursor,YES (SAFE TO MOVE),YES,NO
D:\HiddenYatra\scratch\check_district_places_images.py,check_district_places_images.py,.py,2117,K. DEVELOPMENT SCRIPTS,Development inspection or diagnostic script,No direct code references found,import sys; from dotenv import load_dotenv; from models.database import get_cursor; import os,YES (SAFE TO MOVE),YES,NO
D:\HiddenYatra\scratch\check_dist_places.py,check_dist_places.py,.py,992,K. DEVELOPMENT SCRIPTS,Development inspection or diagnostic script,No direct code references found,"import sys, os, pymysql, dotenv",YES (SAFE TO MOVE),YES,YES
D:\HiddenYatra\scratch\check_existing_district_mapping.py,check_existing_district_mapping.py,.py,842,K. DEVELOPMENT SCRIPTS,Development inspection or diagnostic script,No direct code references found,"import pymysql, os, dotenv",YES (SAFE TO MOVE),YES,YES
D:\HiddenYatra\scratch\check_images.py,check_images.py,.py,1089,K. DEVELOPMENT SCRIPTS,Development inspection or diagnostic script,No direct code references found,"import sys, os; from dotenv import load_dotenv; from models.connection import get_db",YES (SAFE TO MOVE),YES,NO
D:\HiddenYatra\scratch\check_img_generation.py,check_img_generation.py,.py,829,K. DEVELOPMENT SCRIPTS,Development inspection or diagnostic script,No direct code references found,"import sys, os, glob; import json",YES (SAFE TO MOVE),YES,NO
D:\HiddenYatra\scratch\check_jamui.py,check_jamui.py,.py,1524,K. DEVELOPMENT SCRIPTS,Development inspection or diagnostic script,No direct code references found,from models.database import get_db,YES (SAFE TO MOVE),YES,NO
D:\HiddenYatra\scratch\check_jamui_waterfall.py,check_jamui_waterfall.py,.py,956,K. DEVELOPMENT SCRIPTS,Development inspection or diagnostic script,No direct code references found,"import sys; from dotenv import load_dotenv; from models.connection import get_cursor; from models.search_engine import instant_search, parse_nl_intent, get_search_index",YES (SAFE TO MOVE),YES,NO
D:\HiddenYatra\scratch\check_live_db_images.py,check_live_db_images.py,.py,366,K. DEVELOPMENT SCRIPTS,Development inspection or diagnostic script,No direct code references found,import json,YES (SAFE TO MOVE),YES,NO
D:\HiddenYatra\scratch\check_other_tables.py,check_other_tables.py,.py,724,K. DEVELOPMENT SCRIPTS,Development inspection or diagnostic script,No direct code references found,"import sys, os; from dotenv import load_dotenv; from models.connection import get_db",YES (SAFE TO MOVE),YES,NO
D:\HiddenYatra\scratch\check_patna_osm.py,check_patna_osm.py,.py,1180,K. DEVELOPMENT SCRIPTS,Development inspection or diagnostic script,No direct code references found,import urllib.request; import urllib.parse; import json,YES (SAFE TO MOVE),YES,NO
D:\HiddenYatra\scratch\check_place44.py,check_place44.py,.py,363,K. DEVELOPMENT SCRIPTS,Development inspection or diagnostic script,No direct code references found,"import sys, os; from dotenv import load_dotenv; from models.connection import get_cursor",YES (SAFE TO MOVE),YES,NO
D:\HiddenYatra\scratch\check_places_cols.py,check_places_cols.py,.py,500,K. DEVELOPMENT SCRIPTS,Development inspection or diagnostic script,No direct code references found,"import sys, os; from dotenv import load_dotenv; from models.connection import get_cursor",YES (SAFE TO MOVE),YES,NO
D:\HiddenYatra\scratch\check_place_pages.py,check_place_pages.py,.py,640,K. DEVELOPMENT SCRIPTS,Development inspection or diagnostic script,No direct code references found,import sys; from dotenv import load_dotenv; from models.connection import get_cursor,YES (SAFE TO MOVE),YES,NO
D:\HiddenYatra\scratch\check_remaining_candidates.py,check_remaining_candidates.py,.py,2312,K. DEVELOPMENT SCRIPTS,Development inspection or diagnostic script,No direct code references found,import sys; import os; from dotenv import load_dotenv; load_dotenv(); from models.connection import get_cursor; import csv,YES (SAFE TO MOVE),YES,NO
D:\HiddenYatra\scratch\check_remaining_priority.py,check_remaining_priority.py,.py,3405,K. DEVELOPMENT SCRIPTS,Development inspection or diagnostic script,No direct code references found,import sys; import os; import csv; import re; from models.connection import get_db; from collections import defaultdict,YES (SAFE TO MOVE),YES,NO
D:\HiddenYatra\scratch\check_routes.py,check_routes.py,.py,175,K. DEVELOPMENT SCRIPTS,Development inspection or diagnostic script,No direct code references found,import requests,YES (SAFE TO MOVE),YES,NO
D:\HiddenYatra\scratch\check_schema.py,check_schema.py,.py,609,K. DEVELOPMENT SCRIPTS,Development inspection or diagnostic script,No direct code references found,"import sys, os; from dotenv import load_dotenv; from models.connection import get_cursor",YES (SAFE TO MOVE),YES,NO
D:\HiddenYatra\scratch\check_schema2.py,check_schema2.py,.py,715,K. DEVELOPMENT SCRIPTS,Development inspection or diagnostic script,No direct code references found,"import sys, os; from dotenv import load_dotenv; from models.connection import get_db",YES (SAFE TO MOVE),YES,NO
D:\HiddenYatra\scratch\check_specs_qmarks.py,check_specs_qmarks.py,.py,654,K. DEVELOPMENT SCRIPTS,Development inspection or diagnostic script,No direct code references found,"import sys, io; from dotenv import load_dotenv; from models.database import get_cursor",YES (SAFE TO MOVE),YES,NO
D:\HiddenYatra\scratch\compare_districts.py,compare_districts.py,.py,1178,K. DEVELOPMENT SCRIPTS,Development script or scratch automation,No direct code references found,"import os, sys; import json; from models.connection import get_cursor",YES (SAFE TO MOVE),YES,NO
D:\HiddenYatra\scratch\comprehensive_content_audit.py,comprehensive_content_audit.py,.py,3853,K. DEVELOPMENT SCRIPTS,Development inspection or diagnostic script,No direct code references found,"import sys, io, os, re; from dotenv import load_dotenv; from models.database import get_cursor; import requests",YES (SAFE TO MOVE),YES,NO
D:\HiddenYatra\scratch\comprehensive_structure_auditor.py,comprehensive_structure_auditor.py,.py,10616,K. DEVELOPMENT SCRIPTS,Development inspection or diagnostic script,No direct code references found,import os; import sys; import re; import csv; import json; from pathlib import Path,YES (SAFE TO MOVE),YES,NO
D:\HiddenYatra\scratch\control_audit_results.json,control_audit_results.json,.json,2845,K. DEVELOPMENT SCRIPTS,Development inspection or diagnostic script,scratch/audit_comprehensive_controls.py,None,YES (SAFE TO MOVE),YES,NO
D:\HiddenYatra\scratch\convert_backup.ps1,convert_backup.ps1,.ps1,328,K. DEVELOPMENT SCRIPTS,Development script or scratch automation,No direct code references found,None,YES (SAFE TO MOVE),YES,NO
D:\HiddenYatra\scratch\db_audit.py,db_audit.py,.py,4300,K. DEVELOPMENT SCRIPTS,Development inspection or diagnostic script,No direct code references found,"import sys, os; from dotenv import load_dotenv; from models.connection import get_cursor",YES (SAFE TO MOVE),YES,NO
D:\HiddenYatra\scratch\debug_instant_search.py,debug_instant_search.py,.py,531,K. DEVELOPMENT SCRIPTS,Development script or scratch automation,No direct code references found,"import sys; from dotenv import load_dotenv; from models.search_engine import get_search_index, instant_search",YES (SAFE TO MOVE),YES,NO
D:\HiddenYatra\scratch\debug_place_scripts.py,debug_place_scripts.py,.py,355,K. DEVELOPMENT SCRIPTS,Development script or scratch automation,No direct code references found,import requests,YES (SAFE TO MOVE),YES,NO
D:\HiddenYatra\scratch\debug_search.py,debug_search.py,.py,323,K. DEVELOPMENT SCRIPTS,Development script or scratch automation,No direct code references found,import sys; from models.search_engine import get_search_index,YES (SAFE TO MOVE),YES,NO
D:\HiddenYatra\scratch\demo_env_check.py,demo_env_check.py,.py,2098,K. DEVELOPMENT SCRIPTS,Development inspection or diagnostic script,No direct code references found,"import sys, os, io; from dotenv import load_dotenv; from config import GOOGLE_MAPS_API_KEY, GOOGLE_MAPS_MAP_ID, MAP_ENGINE, DB_HOST, DB_NAME; from models.database import get_cursor; import requests",YES (SAFE TO MOVE),YES,NO
D:\HiddenYatra\scratch\demo_flow_validation_report.json,demo_flow_validation_report.json,.json,1164,P. TEMPORARY / DEBUG,Temporary diagnostic dump or test report JSON,scratch/generate_all_structure_audit_reports.py; scratch/validate_full_demo_flow.py,None,YES (SAFE TO MOVE),YES,NO
D:\HiddenYatra\scratch\describe_places.py,describe_places.py,.py,379,K. DEVELOPMENT SCRIPTS,Development script or scratch automation,No direct code references found,"import sys, io; from dotenv import load_dotenv; from models.database import get_cursor",YES (SAFE TO MOVE),YES,NO
D:\HiddenYatra\scratch\detailed_district_parity.py,detailed_district_parity.py,.py,6487,K. DEVELOPMENT SCRIPTS,Development script or scratch automation,No direct code references found,"import os, sys; import json; from models.connection import get_cursor",YES (SAFE TO MOVE),YES,NO
D:\HiddenYatra\scratch\diagnose_delete_click.py,diagnose_delete_click.py,.py,2342,K. DEVELOPMENT SCRIPTS,Development script or scratch automation,No direct code references found,import sys; import time; from selenium import webdriver; from selenium.webdriver.chrome.options import Options; from selenium.webdriver.common.by import By,YES (SAFE TO MOVE),YES,NO
D:\HiddenYatra\scratch\diagnose_root.py,diagnose_root.py,.py,640,K. DEVELOPMENT SCRIPTS,Development script or scratch automation,No direct code references found,import urllib.request; import urllib.error,YES (SAFE TO MOVE),YES,NO
D:\HiddenYatra\scratch\download_and_assign_place_photos.py,download_and_assign_place_photos.py,.py,12473,K. DEVELOPMENT SCRIPTS,Development script or scratch automation,No direct code references found,import os; import urllib.request; import urllib.parse; import json; import hashlib; from dotenv import load_dotenv,YES (SAFE TO MOVE),YES,NO
D:\HiddenYatra\scratch\e2e_admin_star_tester.py,e2e_admin_star_tester.py,.py,8888,J. TESTS,Ad-hoc verification or scratch test script,No direct code references found,import sys; import time; from selenium import webdriver; from selenium.webdriver.chrome.options import Options; from selenium.webdriver.common.by import By; from dotenv import load_dotenv,YES (SAFE TO MOVE),YES,NO
D:\HiddenYatra\scratch\e2e_controls_audit_report.json,e2e_controls_audit_report.json,.json,10196,K. DEVELOPMENT SCRIPTS,Development inspection or diagnostic script,scratch/e2e_controls_tester.py; scratch/generate_all_structure_audit_reports.py,None,YES (SAFE TO MOVE),YES,NO
D:\HiddenYatra\scratch\e2e_controls_tester.py,e2e_controls_tester.py,.py,25993,J. TESTS,Ad-hoc verification or scratch test script,scratch/generate_all_structure_audit_reports.py,import os; import sys; import time; import json; import traceback; from selenium import webdriver,YES (SAFE TO MOVE),YES,NO
D:\HiddenYatra\scratch\e2e_delete_buttons_tester.py,e2e_delete_buttons_tester.py,.py,5480,J. TESTS,Ad-hoc verification or scratch test script,No direct code references found,import sys; import time; from selenium import webdriver; from selenium.webdriver.chrome.options import Options; from selenium.webdriver.common.by import By; from selenium.webdriver.support.ui import WebDriverWait,YES (SAFE TO MOVE),YES,NO
D:\HiddenYatra\scratch\e2e_full_verification.py,e2e_full_verification.py,.py,2303,K. DEVELOPMENT SCRIPTS,Development script or scratch automation,No direct code references found,import sys; import time; from selenium import webdriver; from selenium.webdriver.chrome.options import Options; from selenium.webdriver.common.by import By,YES (SAFE TO MOVE),YES,NO
D:\HiddenYatra\scratch\e2e_notifications_tester.py,e2e_notifications_tester.py,.py,8209,J. TESTS,Ad-hoc verification or scratch test script,No direct code references found,import sys; import time; from datetime import datetime; from selenium import webdriver; from selenium.webdriver.chrome.options import Options; from selenium.webdriver.common.by import By,YES (SAFE TO MOVE),YES,NO
D:\HiddenYatra\scratch\e2e_stay_booking_tester.py,e2e_stay_booking_tester.py,.py,14846,J. TESTS,Ad-hoc verification or scratch test script,No direct code references found,"import sys; import os; import time; import json; from datetime import date, timedelta; from dotenv import load_dotenv",YES (SAFE TO MOVE),YES,NO
D:\HiddenYatra\scratch\e2e_stay_card_images_tester.py,e2e_stay_card_images_tester.py,.py,6120,J. TESTS,Ad-hoc verification or scratch test script,No direct code references found,import sys; import time; from selenium import webdriver; from selenium.webdriver.chrome.options import Options; from selenium.webdriver.common.by import By,YES (SAFE TO MOVE),YES,NO
D:\HiddenYatra\scratch\evaluate_batch5_options.py,evaluate_batch5_options.py,.py,9058,K. DEVELOPMENT SCRIPTS,Development script or scratch automation,No direct code references found,"import sys, csv, os, math; from dotenv import load_dotenv; load_dotenv(); from models.connection import get_cursor",YES (SAFE TO MOVE),YES,NO
D:\HiddenYatra\scratch\evaluate_candidate_options.py,evaluate_candidate_options.py,.py,2383,K. DEVELOPMENT SCRIPTS,Development script or scratch automation,No direct code references found,import sys; import math; from models.connection import get_db,YES (SAFE TO MOVE),YES,NO
D:\HiddenYatra\scratch\execute_batch3_insertion.py,execute_batch3_insertion.py,.py,13245,K. DEVELOPMENT SCRIPTS,"Database insertion, repair, or migration helper",No direct code references found,import sys; from dotenv import load_dotenv; from models.connection import get_db,YES (SAFE TO MOVE),YES,NO
D:\HiddenYatra\scratch\execute_batch4_insertion.py,execute_batch4_insertion.py,.py,13428,K. DEVELOPMENT SCRIPTS,"Database insertion, repair, or migration helper",No direct code references found,import sys; from dotenv import load_dotenv; from models.connection import get_db,YES (SAFE TO MOVE),YES,NO
D:\HiddenYatra\scratch\execute_batch5_insertion.py,execute_batch5_insertion.py,.py,13518,K. DEVELOPMENT SCRIPTS,"Database insertion, repair, or migration helper",No direct code references found,import sys; from dotenv import load_dotenv; load_dotenv(); from models.connection import get_db,YES (SAFE TO MOVE),YES,NO
D:\HiddenYatra\scratch\execute_batch6_insertion.py,execute_batch6_insertion.py,.py,16288,K. DEVELOPMENT SCRIPTS,"Database insertion, repair, or migration helper",No direct code references found,import sys; import os; from dotenv import load_dotenv; load_dotenv(); from models.connection import get_db,YES (SAFE TO MOVE),YES,NO
D:\HiddenYatra\scratch\execute_batch7_insertion.py,execute_batch7_insertion.py,.py,17608,K. DEVELOPMENT SCRIPTS,"Database insertion, repair, or migration helper",No direct code references found,import sys; import os; import pymysql; from dotenv import load_dotenv; from models.connection import get_db,YES (SAFE TO MOVE),YES,NO
D:\HiddenYatra\scratch\execute_batch8_insertion.py,execute_batch8_insertion.py,.py,17850,K. DEVELOPMENT SCRIPTS,"Database insertion, repair, or migration helper",No direct code references found,import sys; import os; import pymysql; from dotenv import load_dotenv; from models.connection import get_db,YES (SAFE TO MOVE),YES,NO
D:\HiddenYatra\scratch\extract_osm_bihar_forests_waterfalls.py,extract_osm_bihar_forests_waterfalls.py,.py,12674,K. DEVELOPMENT SCRIPTS,Development script or scratch automation,No direct code references found,import os; import sys; import json; import time; import urllib.request; import urllib.parse,YES (SAFE TO MOVE),YES,NO
D:\HiddenYatra\scratch\extract_osm_bihar_water.py,extract_osm_bihar_water.py,.py,12819,K. DEVELOPMENT SCRIPTS,Development script or scratch automation,No direct code references found,import os; import sys; import json; import time; import urllib.request; import urllib.parse,YES (SAFE TO MOVE),YES,NO
D:\HiddenYatra\scratch\extract_phase2c_data.py,extract_phase2c_data.py,.py,13225,K. DEVELOPMENT SCRIPTS,Development script or scratch automation,No direct code references found,import os; import sys; import json; import time; import urllib.request; import urllib.parse,YES (SAFE TO MOVE),YES,NO
D:\HiddenYatra\scratch\final_db_check.py,final_db_check.py,.py,983,K. DEVELOPMENT SCRIPTS,Development inspection or diagnostic script,No direct code references found,import sys; from models.connection import get_db,YES (SAFE TO MOVE),YES,NO
D:\HiddenYatra\scratch\final_forensic_audit.py,final_forensic_audit.py,.py,15080,K. DEVELOPMENT SCRIPTS,Development inspection or diagnostic script,No direct code references found,"import sys, os, json, re; from dotenv import load_dotenv; from models.connection import get_db; from app import create_app",YES (SAFE TO MOVE),YES,NO
D:\HiddenYatra\scratch\final_forensic_results.json,final_forensic_results.json,.json,110218,P. TEMPORARY / DEBUG,Temporary diagnostic dump or test report JSON,scratch/final_forensic_audit.py; scratch/generate_all_structure_audit_reports.py; scratch/view_forensic_summary.py,None,YES (SAFE TO MOVE),YES,NO
D:\HiddenYatra\scratch\final_route_test.py,final_route_test.py,.py,3628,K. DEVELOPMENT SCRIPTS,Development script or scratch automation,No direct code references found,"import sys, io, requests, time",YES (SAFE TO MOVE),YES,NO
D:\HiddenYatra\scratch\final_sih_audit.py,final_sih_audit.py,.py,9758,K. DEVELOPMENT SCRIPTS,Development inspection or diagnostic script,No direct code references found,"import sys, io, re, json, requests",YES (SAFE TO MOVE),YES,NO
D:\HiddenYatra\scratch\final_sih_demo_flow_check.py,final_sih_demo_flow_check.py,.py,5016,K. DEVELOPMENT SCRIPTS,Development inspection or diagnostic script,No direct code references found,"import sys, os, io, re, json; from dotenv import load_dotenv; from config import GOOGLE_MAPS_API_KEY, GOOGLE_MAPS_MAP_ID, MAP_ENGINE, DB_HOST, DB_NAME; from models.database import get_cursor, get_place_by_slug, get_nearby_places; import requests",YES (SAFE TO MOVE),YES,NO
D:\HiddenYatra\scratch\find_all_qmarks.py,find_all_qmarks.py,.py,1667,K. DEVELOPMENT SCRIPTS,Development script or scratch automation,No direct code references found,"import sys, io; from dotenv import load_dotenv; from models.database import get_cursor",YES (SAFE TO MOVE),YES,NO
D:\HiddenYatra\scratch\find_all_qmarks_accurate.py,find_all_qmarks_accurate.py,.py,1432,K. DEVELOPMENT SCRIPTS,Development script or scratch automation,No direct code references found,"import sys, io; from dotenv import load_dotenv; from models.database import get_cursor",YES (SAFE TO MOVE),YES,NO
D:\HiddenYatra\scratch\find_live_districts.py,find_live_districts.py,.py,1220,K. DEVELOPMENT SCRIPTS,Development script or scratch automation,No direct code references found,import urllib.request; import re,YES (SAFE TO MOVE),YES,NO
D:\HiddenYatra\scratch\fix_acc_qmarks.py,fix_acc_qmarks.py,.py,933,K. DEVELOPMENT SCRIPTS,Development script or scratch automation,No direct code references found,"import sys, io; from dotenv import load_dotenv; from models.database import get_cursor",YES (SAFE TO MOVE),YES,NO
D:\HiddenYatra\scratch\fix_db_qmarks.py,fix_db_qmarks.py,.py,2251,K. DEVELOPMENT SCRIPTS,"Database insertion, repair, or migration helper",No direct code references found,"import sys, io; from dotenv import load_dotenv; from models.database import get_cursor",YES (SAFE TO MOVE),YES,NO
D:\HiddenYatra\scratch\fix_famous_for.py,fix_famous_for.py,.py,4873,K. DEVELOPMENT SCRIPTS,Development script or scratch automation,scratch/generate_all_structure_audit_reports.py,"import sys, os; from dotenv import load_dotenv; from models.connection import get_db",YES (SAFE TO MOVE),YES,NO
D:\HiddenYatra\scratch\full_audit.py,full_audit.py,.py,11015,K. DEVELOPMENT SCRIPTS,Development inspection or diagnostic script,No direct code references found,"import sys, os, json; from dotenv import load_dotenv; from models.connection import get_db; import re",YES (SAFE TO MOVE),YES,NO
D:\HiddenYatra\scratch\g4a_01_rajgir_2d.png,g4a_01_rajgir_2d.png,.png,21571,G. IMAGES / MEDIA,"Visual media, icon, screenshot, or banner asset",scratch/generate_all_structure_audit_reports.py; scratch/generate_g4a_proof_screenshots.py,None,YES (SAFE TO MOVE),YES,NO
D:\HiddenYatra\scratch\g4a_02_rajgir_3d_tilt50.png,g4a_02_rajgir_3d_tilt50.png,.png,39748,G. IMAGES / MEDIA,"Visual media, icon, screenshot, or banner asset",scratch/generate_all_structure_audit_reports.py; scratch/generate_g4a_proof_screenshots.py,None,YES (SAFE TO MOVE),YES,NO
D:\HiddenYatra\scratch\g4a_03_rajgir_3d_heading90.png,g4a_03_rajgir_3d_heading90.png,.png,37277,G. IMAGES / MEDIA,"Visual media, icon, screenshot, or banner asset",scratch/generate_g4a_proof_screenshots.py,None,YES (SAFE TO MOVE),YES,NO
D:\HiddenYatra\scratch\g4a_04_rajgir_3d_heading180.png,g4a_04_rajgir_3d_heading180.png,.png,39018,G. IMAGES / MEDIA,"Visual media, icon, screenshot, or banner asset",scratch/generate_g4a_proof_screenshots.py,None,YES (SAFE TO MOVE),YES,NO
D:\HiddenYatra\scratch\g4a_05_rajgir_3d_exaggeration1_0.png,g4a_05_rajgir_3d_exaggeration1_0.png,.png,47561,G. IMAGES / MEDIA,"Visual media, icon, screenshot, or banner asset",scratch/generate_g4a_proof_screenshots.py,None,YES (SAFE TO MOVE),YES,NO
D:\HiddenYatra\scratch\g4a_06_rajgir_3d_exaggeration2_5.png,g4a_06_rajgir_3d_exaggeration2_5.png,.png,49024,G. IMAGES / MEDIA,"Visual media, icon, screenshot, or banner asset",scratch/generate_g4a_proof_screenshots.py,None,YES (SAFE TO MOVE),YES,NO
D:\HiddenYatra\scratch\g4a_07_g2_marker_above_terrain.png,g4a_07_g2_marker_above_terrain.png,.png,51018,G. IMAGES / MEDIA,"Visual media, icon, screenshot, or banner asset",scratch/generate_g4a_proof_screenshots.py,None,YES (SAFE TO MOVE),YES,NO
D:\HiddenYatra\scratch\g4a_08_g3_vector_layer_with_terrain.png,g4a_08_g3_vector_layer_with_terrain.png,.png,51760,G. IMAGES / MEDIA,"Visual media, icon, screenshot, or banner asset",scratch/generate_g4a_proof_screenshots.py,None,YES (SAFE TO MOVE),YES,NO
D:\HiddenYatra\scratch\g4a_09_return_to_2d.png,g4a_09_return_to_2d.png,.png,21571,G. IMAGES / MEDIA,"Visual media, icon, screenshot, or banner asset",scratch/generate_g4a_proof_screenshots.py,None,YES (SAFE TO MOVE),YES,NO
D:\HiddenYatra\scratch\g4a_10_webgl_fallback.png,g4a_10_webgl_fallback.png,.png,7519,G. IMAGES / MEDIA,"Visual media, icon, screenshot, or banner asset",scratch/generate_g4a_proof_screenshots.py,None,YES (SAFE TO MOVE),YES,NO
D:\HiddenYatra\scratch\generate_all_structure_audit_reports.py,generate_all_structure_audit_reports.py,.py,53169,K. DEVELOPMENT SCRIPTS,Development inspection or diagnostic script,No direct code references found,import os; import sys; import re; import csv; import json; from pathlib import Path,YES (SAFE TO MOVE),YES,NO
D:\HiddenYatra\scratch\generate_batch4_preview.py,generate_batch4_preview.py,.py,29550,K. DEVELOPMENT SCRIPTS,Development script or scratch automation,No direct code references found,import csv; import os,YES (SAFE TO MOVE),YES,NO
D:\HiddenYatra\scratch\generate_batch5_preview_artifacts.py,generate_batch5_preview_artifacts.py,.py,32213,K. DEVELOPMENT SCRIPTS,Development script or scratch automation,No direct code references found,import csv; import os,YES (SAFE TO MOVE),YES,NO
D:\HiddenYatra\scratch\generate_batch6_artifacts.py,generate_batch6_artifacts.py,.py,23586,K. DEVELOPMENT SCRIPTS,Development script or scratch automation,No direct code references found,import sys; import os; import csv; import math; from dotenv import load_dotenv; load_dotenv(); from models.connection import get_cursor,YES (SAFE TO MOVE),YES,NO
D:\HiddenYatra\scratch\generate_batch6_markdown.py,generate_batch6_markdown.py,.py,46482,K. DEVELOPMENT SCRIPTS,Development script or scratch automation,No direct code references found,import sys; import os; from dotenv import load_dotenv; load_dotenv(),YES (SAFE TO MOVE),YES,NO
D:\HiddenYatra\scratch\generate_batch7_csvs.py,generate_batch7_csvs.py,.py,34510,K. DEVELOPMENT SCRIPTS,Development script or scratch automation,No direct code references found,import sys; import os; import csv; import math; import re; import pymysql,YES (SAFE TO MOVE),YES,YES
D:\HiddenYatra\scratch\generate_batch8_csvs.py,generate_batch8_csvs.py,.py,23856,K. DEVELOPMENT SCRIPTS,Development script or scratch automation,No direct code references found,import csv; import sys; import math; from models.connection import get_db,YES (SAFE TO MOVE),YES,NO
D:\HiddenYatra\scratch\generate_batch9_artifacts.py,generate_batch9_artifacts.py,.py,24932,K. DEVELOPMENT SCRIPTS,Development script or scratch automation,No direct code references found,import csv; import sys; import os; import math; import shutil; from models.connection import get_db,YES (SAFE TO MOVE),YES,NO
D:\HiddenYatra\scratch\generate_batch9_markdown_artifacts.py,generate_batch9_markdown_artifacts.py,.py,47487,K. DEVELOPMENT SCRIPTS,Development script or scratch automation,No direct code references found,import os; import sys; import shutil,YES (SAFE TO MOVE),YES,NO
D:\HiddenYatra\scratch\generate_bihar_water_geojson.py,generate_bihar_water_geojson.py,.py,24542,K. DEVELOPMENT SCRIPTS,Development script or scratch automation,No direct code references found,import json; import os,YES (SAFE TO MOVE),YES,NO
D:\HiddenYatra\scratch\generate_factcheck_md.py,generate_factcheck_md.py,.py,73562,K. DEVELOPMENT SCRIPTS,Development inspection or diagnostic script,No direct code references found,import os; import csv,YES (SAFE TO MOVE),YES,NO
D:\HiddenYatra\scratch\generate_g4a_proof_screenshots.py,generate_g4a_proof_screenshots.py,.py,9038,G. IMAGES / MEDIA,"Visual media, icon, screenshot, or banner asset",No direct code references found,"import os; import sys; import math; from PIL import Image, ImageDraw",YES (SAFE TO MOVE),YES,NO
D:\HiddenYatra\scratch\generate_inventory.py,generate_inventory.py,.py,7914,K. DEVELOPMENT SCRIPTS,Development script or scratch automation,No direct code references found,import os; import re; import json; from html.parser import HTMLParser,YES (SAFE TO MOVE),YES,NO
D:\HiddenYatra\scratch\generate_post_batch6_report.py,generate_post_batch6_report.py,.py,18565,K. DEVELOPMENT SCRIPTS,Development script or scratch automation,No direct code references found,import os; import sys,YES (SAFE TO MOVE),YES,NO
D:\HiddenYatra\scratch\hiddenyatra_prod_backup.sql,hiddenyatra_prod_backup.sql,.sql,182846,H. DATABASE,"SQL database schema, migration, or backup dump",scratch/convert_backup.ps1,None,YES (SAFE TO MOVE),YES,NO
D:\HiddenYatra\scratch\homestays_dump.json,homestays_dump.json,.json,27628,P. TEMPORARY / DEBUG,Temporary diagnostic dump or test report JSON,scratch/generate_all_structure_audit_reports.py,None,YES (SAFE TO MOVE),YES,NO
D:\HiddenYatra\scratch\http_audit.py,http_audit.py,.py,1881,K. DEVELOPMENT SCRIPTS,Development inspection or diagnostic script,No direct code references found,"import urllib.request, json, sys; import re",YES (SAFE TO MOVE),YES,NO
D:\HiddenYatra\scratch\inspect_accommodations.py,inspect_accommodations.py,.py,1608,K. DEVELOPMENT SCRIPTS,Development inspection or diagnostic script,No direct code references found,import os; import sys; from dotenv import load_dotenv; from models.connection import get_db,YES (SAFE TO MOVE),YES,NO
D:\HiddenYatra\scratch\inspect_acc_specs_qmarks.py,inspect_acc_specs_qmarks.py,.py,968,K. DEVELOPMENT SCRIPTS,Development inspection or diagnostic script,No direct code references found,"import sys, io; from dotenv import load_dotenv; from models.database import get_cursor",YES (SAFE TO MOVE),YES,NO
D:\HiddenYatra\scratch\inspect_all_districts.py,inspect_all_districts.py,.py,843,K. DEVELOPMENT SCRIPTS,Development inspection or diagnostic script,No direct code references found,import sys; from models.connection import get_db,YES (SAFE TO MOVE),YES,NO
D:\HiddenYatra\scratch\inspect_bihar_subdistricts.py,inspect_bihar_subdistricts.py,.py,2466,K. DEVELOPMENT SCRIPTS,Development inspection or diagnostic script,No direct code references found,import urllib.request; import json; import os,YES (SAFE TO MOVE),YES,NO
D:\HiddenYatra\scratch\inspect_candidates_detail.py,inspect_candidates_detail.py,.py,3117,K. DEVELOPMENT SCRIPTS,Development inspection or diagnostic script,No direct code references found,import sys; import os; import csv; import math; from dotenv import load_dotenv; load_dotenv(); from models.connection import get_cursor,YES (SAFE TO MOVE),YES,NO
D:\HiddenYatra\scratch\inspect_candidate_details.py,inspect_candidate_details.py,.py,936,K. DEVELOPMENT SCRIPTS,Development inspection or diagnostic script,No direct code references found,import sys; import os; import csv; import math; from dotenv import load_dotenv; load_dotenv(); from models.connection import get_cursor,YES (SAFE TO MOVE),YES,NO
D:\HiddenYatra\scratch\inspect_candidate_pool.py,inspect_candidate_pool.py,.py,1879,K. DEVELOPMENT SCRIPTS,Development inspection or diagnostic script,No direct code references found,import csv; import sys; from models.connection import get_db,YES (SAFE TO MOVE),YES,NO
D:\HiddenYatra\scratch\inspect_candidate_pool_batch9.py,inspect_candidate_pool_batch9.py,.py,787,K. DEVELOPMENT SCRIPTS,Development inspection or diagnostic script,No direct code references found,import sys; import os; import scratch.reconcile_candidates as rc,YES (SAFE TO MOVE),YES,NO
D:\HiddenYatra\scratch\inspect_console_errors.py,inspect_console_errors.py,.py,719,K. DEVELOPMENT SCRIPTS,Development inspection or diagnostic script,No direct code references found,import sys; from selenium import webdriver; from selenium.webdriver.chrome.options import Options,YES (SAFE TO MOVE),YES,NO
D:\HiddenYatra\scratch\inspect_csv.py,inspect_csv.py,.py,488,K. DEVELOPMENT SCRIPTS,Development inspection or diagnostic script,No direct code references found,import csv,YES (SAFE TO MOVE),YES,NO
D:\HiddenYatra\scratch\inspect_districts.py,inspect_districts.py,.py,600,K. DEVELOPMENT SCRIPTS,Development inspection or diagnostic script,No direct code references found,import sys; from dotenv import load_dotenv; from models.connection import get_cursor,YES (SAFE TO MOVE),YES,NO
D:\HiddenYatra\scratch\inspect_districts_exact.py,inspect_districts_exact.py,.py,953,K. DEVELOPMENT SCRIPTS,Development inspection or diagnostic script,No direct code references found,import sys; from models.connection import get_db,YES (SAFE TO MOVE),YES,NO
D:\HiddenYatra\scratch\inspect_existing_listings_details.py,inspect_existing_listings_details.py,.py,1828,K. DEVELOPMENT SCRIPTS,Development inspection or diagnostic script,No direct code references found,import sys; from dotenv import load_dotenv; from models.connection import get_cursor,YES (SAFE TO MOVE),YES,NO
D:\HiddenYatra\scratch\inspect_host_columns.py,inspect_host_columns.py,.py,1062,K. DEVELOPMENT SCRIPTS,Development inspection or diagnostic script,No direct code references found,import sys; from dotenv import load_dotenv; from models.connection import get_cursor,YES (SAFE TO MOVE),YES,NO
D:\HiddenYatra\scratch\inspect_host_listings.py,inspect_host_listings.py,.py,3113,K. DEVELOPMENT SCRIPTS,Development inspection or diagnostic script,No direct code references found,import os; import sys; import json; from dotenv import load_dotenv; from models.connection import get_db,YES (SAFE TO MOVE),YES,NO
D:\HiddenYatra\scratch\inspect_local_district.py,inspect_local_district.py,.py,2563,K. DEVELOPMENT SCRIPTS,Development inspection or diagnostic script,No direct code references found,"import os, sys; import json; from models.connection import get_cursor",YES (SAFE TO MOVE),YES,NO
D:\HiddenYatra\scratch\inspect_p0_p1.py,inspect_p0_p1.py,.py,3728,K. DEVELOPMENT SCRIPTS,Development inspection or diagnostic script,scratch/inspect_p1_distinct.py,import sys; import os; import csv; import math; from dotenv import load_dotenv; load_dotenv(); from models.connection import get_cursor,YES (SAFE TO MOVE),YES,NO
D:\HiddenYatra\scratch\inspect_p0_p1_remaining.py,inspect_p0_p1_remaining.py,.py,1725,K. DEVELOPMENT SCRIPTS,Development inspection or diagnostic script,No direct code references found,"import csv, sys, os, pymysql, dotenv",YES (SAFE TO MOVE),YES,YES
D:\HiddenYatra\scratch\inspect_p1_distinct.py,inspect_p1_distinct.py,.py,615,K. DEVELOPMENT SCRIPTS,Development inspection or diagnostic script,No direct code references found,import sys; import os; import csv; from scratch.inspect_p0_p1 import uninserted_p0_p1,YES (SAFE TO MOVE),YES,NO
D:\HiddenYatra\scratch\inspect_places_by_district.py,inspect_places_by_district.py,.py,430,K. DEVELOPMENT SCRIPTS,Development inspection or diagnostic script,No direct code references found,import sys; from dotenv import load_dotenv; load_dotenv(); from models.connection import get_cursor,YES (SAFE TO MOVE),YES,NO
D:\HiddenYatra\scratch\inspect_places_cols.py,inspect_places_cols.py,.py,712,K. DEVELOPMENT SCRIPTS,Development inspection or diagnostic script,No direct code references found,import os; import sys; from dotenv import load_dotenv; from models.connection import get_db,YES (SAFE TO MOVE),YES,NO
D:\HiddenYatra\scratch\inspect_places_sample.py,inspect_places_sample.py,.py,656,K. DEVELOPMENT SCRIPTS,Development inspection or diagnostic script,No direct code references found,import sys; from dotenv import load_dotenv; from models.connection import get_cursor,YES (SAFE TO MOVE),YES,NO
D:\HiddenYatra\scratch\inspect_places_schema.py,inspect_places_schema.py,.py,851,K. DEVELOPMENT SCRIPTS,Development inspection or diagnostic script,No direct code references found,import sys; from dotenv import load_dotenv; from models.connection import get_cursor,YES (SAFE TO MOVE),YES,NO
D:\HiddenYatra\scratch\inspect_place_132.py,inspect_place_132.py,.py,302,K. DEVELOPMENT SCRIPTS,Development inspection or diagnostic script,No direct code references found,import sys; from dotenv import load_dotenv; from models.connection import get_cursor,YES (SAFE TO MOVE),YES,NO
D:\HiddenYatra\scratch\inspect_place_images_per_district.py,inspect_place_images_per_district.py,.py,1483,K. DEVELOPMENT SCRIPTS,Development inspection or diagnostic script,No direct code references found,import sys; from dotenv import load_dotenv; from models.database import get_cursor; import os,YES (SAFE TO MOVE),YES,NO
D:\HiddenYatra\scratch\inspect_place_remaining_qmarks.py,inspect_place_remaining_qmarks.py,.py,352,K. DEVELOPMENT SCRIPTS,Development inspection or diagnostic script,No direct code references found,"import sys, io; import requests, re",YES (SAFE TO MOVE),YES,NO
D:\HiddenYatra\scratch\inspect_qmarks.py,inspect_qmarks.py,.py,1096,K. DEVELOPMENT SCRIPTS,Development inspection or diagnostic script,No direct code references found,"import sys, io; from dotenv import load_dotenv; from models.database import get_cursor",YES (SAFE TO MOVE),YES,NO
D:\HiddenYatra\scratch\inspect_rendered_place.py,inspect_rendered_place.py,.py,610,K. DEVELOPMENT SCRIPTS,Development inspection or diagnostic script,No direct code references found,import sys; from app import create_app,YES (SAFE TO MOVE),YES,NO
D:\HiddenYatra\scratch\inspect_specific_districts.py,inspect_specific_districts.py,.py,766,K. DEVELOPMENT SCRIPTS,Development inspection or diagnostic script,No direct code references found,import json; import urllib.request,YES (SAFE TO MOVE),YES,NO
D:\HiddenYatra\scratch\inspect_stay_images.py,inspect_stay_images.py,.py,2142,K. DEVELOPMENT SCRIPTS,Development inspection or diagnostic script,No direct code references found,import sys; import os; from dotenv import load_dotenv; from models.connection import get_cursor,YES (SAFE TO MOVE),YES,NO
D:\HiddenYatra\scratch\inspect_stay_schema.py,inspect_stay_schema.py,.py,1178,K. DEVELOPMENT SCRIPTS,Development inspection or diagnostic script,No direct code references found,import sys; from dotenv import load_dotenv; from models.connection import get_cursor,YES (SAFE TO MOVE),YES,NO
D:\HiddenYatra\scratch\inspect_tables.py,inspect_tables.py,.py,448,K. DEVELOPMENT SCRIPTS,Development inspection or diagnostic script,No direct code references found,import sys; from dotenv import load_dotenv; from models.connection import get_cursor,YES (SAFE TO MOVE),YES,NO
D:\HiddenYatra\scratch\inspect_target_districts.py,inspect_target_districts.py,.py,1260,K. DEVELOPMENT SCRIPTS,Development inspection or diagnostic script,No direct code references found,"import sys, os, csv, pymysql, dotenv",YES (SAFE TO MOVE),YES,NO
D:\HiddenYatra\scratch\interactive_controls_inventory.json,interactive_controls_inventory.json,.json,118739,P. TEMPORARY / DEBUG,Temporary diagnostic dump or test report JSON,scratch/audit_control_handlers.py; scratch/generate_all_structure_audit_reports.py; scratch/generate_inventory.py,None,YES (SAFE TO MOVE),YES,NO
D:\HiddenYatra\scratch\inventory_distribution.py,inventory_distribution.py,.py,804,K. DEVELOPMENT SCRIPTS,Development script or scratch automation,No direct code references found,import sys; from dotenv import load_dotenv; load_dotenv(); from models.connection import get_cursor; from collections import Counter,YES (SAFE TO MOVE),YES,NO
D:\HiddenYatra\scratch\investigate_warnings.py,investigate_warnings.py,.py,3827,K. DEVELOPMENT SCRIPTS,Development script or scratch automation,No direct code references found,"import sys, io, re, requests",YES (SAFE TO MOVE),YES,NO
D:\HiddenYatra\scratch\jamui_all_cards_scrolled.png,jamui_all_cards_scrolled.png,.png,1776572,G. IMAGES / MEDIA,"Visual media, icon, screenshot, or banner asset",scratch/generate_all_structure_audit_reports.py; scratch/verify_scroll_images.py,None,YES (SAFE TO MOVE),YES,NO
D:\HiddenYatra\scratch\jamui_images_audit.json,jamui_images_audit.json,.json,4831,K. DEVELOPMENT SCRIPTS,Development inspection or diagnostic script,scratch/audit_jamui_images.py,None,YES (SAFE TO MOVE),YES,NO
D:\HiddenYatra\scratch\jamui_live_verified.png,jamui_live_verified.png,.png,745666,G. IMAGES / MEDIA,"Visual media, icon, screenshot, or banner asset",scratch/generate_all_structure_audit_reports.py; scratch/verify_all_live_images.py,None,YES (SAFE TO MOVE),YES,NO
D:\HiddenYatra\scratch\list_all_148_places.py,list_all_148_places.py,.py,776,K. DEVELOPMENT SCRIPTS,Development script or scratch automation,No direct code references found,import sys; from models.connection import get_db,YES (SAFE TO MOVE),YES,NO
D:\HiddenYatra\scratch\list_all_place_slugs.py,list_all_place_slugs.py,.py,446,K. DEVELOPMENT SCRIPTS,Development script or scratch automation,No direct code references found,import sys; from dotenv import load_dotenv; from models.database import get_cursor,YES (SAFE TO MOVE),YES,NO
D:\HiddenYatra\scratch\list_routes.py,list_routes.py,.py,325,K. DEVELOPMENT SCRIPTS,Development script or scratch automation,No direct code references found,import sys; from dotenv import load_dotenv; from app import create_app,YES (SAFE TO MOVE),YES,NO
D:\HiddenYatra\scratch\live_district_data.json,live_district_data.json,.json,139461,P. TEMPORARY / DEBUG,Temporary diagnostic dump or test report JSON,scratch/check_live_db_images.py; scratch/detailed_district_parity.py; scratch/generate_all_structure_audit_reports.py; scratch/scrape_live_district.py; scratch/verify_all_live_jamui_details.py,None,YES (SAFE TO MOVE),YES,NO
D:\HiddenYatra\scratch\live_images_report.json,live_images_report.json,.json,6563,P. TEMPORARY / DEBUG,Temporary diagnostic dump or test report JSON,scratch/verify_all_live_images.py,None,YES (SAFE TO MOVE),YES,NO
D:\HiddenYatra\scratch\local_district_data.json,local_district_data.json,.json,63413,P. TEMPORARY / DEBUG,Temporary diagnostic dump or test report JSON,scratch/generate_all_structure_audit_reports.py; scratch/inspect_local_district.py,None,YES (SAFE TO MOVE),YES,NO
D:\HiddenYatra\scratch\phase1_verify.py,phase1_verify.py,.py,1741,K. DEVELOPMENT SCRIPTS,Development inspection or diagnostic script,No direct code references found,"import sys, os, json; from dotenv import load_dotenv; from models.connection import get_db",YES (SAFE TO MOVE),YES,NO
D:\HiddenYatra\scratch\phase2a_desktop_layer_manager.png,phase2a_desktop_layer_manager.png,.png,329561,G. IMAGES / MEDIA,"Visual media, icon, screenshot, or banner asset",scratch/verify_phase2a_layer_manager.py,None,YES (SAFE TO MOVE),YES,NO
D:\HiddenYatra\scratch\phase2a_mobile_layer_manager.png,phase2a_mobile_layer_manager.png,.png,47655,G. IMAGES / MEDIA,"Visual media, icon, screenshot, or banner asset",scratch/verify_phase2a_layer_manager.py,None,YES (SAFE TO MOVE),YES,NO
D:\HiddenYatra\scratch\phase2b_desktop_rivers_lakes.png,phase2b_desktop_rivers_lakes.png,.png,338351,G. IMAGES / MEDIA,"Visual media, icon, screenshot, or banner asset",scratch/verify_phase2b_rivers_lakes.py,None,YES (SAFE TO MOVE),YES,NO
D:\HiddenYatra\scratch\phase2b_mobile_rivers_lakes.png,phase2b_mobile_rivers_lakes.png,.png,47520,G. IMAGES / MEDIA,"Visual media, icon, screenshot, or banner asset",scratch/verify_phase2b_rivers_lakes.py,None,YES (SAFE TO MOVE),YES,NO
D:\HiddenYatra\scratch\phase2c_desktop_forests_waterfalls.png,phase2c_desktop_forests_waterfalls.png,.png,302205,G. IMAGES / MEDIA,"Visual media, icon, screenshot, or banner asset",scratch/verify_phase2c_forests_waterfalls.py,None,YES (SAFE TO MOVE),YES,NO
D:\HiddenYatra\scratch\phase2c_mobile_forests_waterfalls.png,phase2c_mobile_forests_waterfalls.png,.png,45279,G. IMAGES / MEDIA,"Visual media, icon, screenshot, or banner asset",scratch/verify_phase2c_forests_waterfalls.py,None,YES (SAFE TO MOVE),YES,NO
D:\HiddenYatra\scratch\phase2d_desktop_blocks.png,phase2d_desktop_blocks.png,.png,299892,G. IMAGES / MEDIA,"Visual media, icon, screenshot, or banner asset",scratch/verify_phase2d_blocks.py,None,YES (SAFE TO MOVE),YES,NO
D:\HiddenYatra\scratch\phase2d_mobile_blocks.png,phase2d_mobile_blocks.png,.png,45074,G. IMAGES / MEDIA,"Visual media, icon, screenshot, or banner asset",scratch/verify_phase2d_blocks.py,None,YES (SAFE TO MOVE),YES,NO
D:\HiddenYatra\scratch\phase2e_desktop_hotels_homestays.png,phase2e_desktop_hotels_homestays.png,.png,300161,G. IMAGES / MEDIA,"Visual media, icon, screenshot, or banner asset",scratch/verify_phase2e_hotels_homestays.py,None,YES (SAFE TO MOVE),YES,NO
D:\HiddenYatra\scratch\phase2e_mobile_hotels_homestays.png,phase2e_mobile_hotels_homestays.png,.png,45267,G. IMAGES / MEDIA,"Visual media, icon, screenshot, or banner asset",scratch/verify_phase2e_hotels_homestays.py,None,YES (SAFE TO MOVE),YES,NO
D:\HiddenYatra\scratch\phase2_audit.py,phase2_audit.py,.py,8875,K. DEVELOPMENT SCRIPTS,Development inspection or diagnostic script,No direct code references found,"import sys, os, json, re; from dotenv import load_dotenv; from models.connection import get_db",YES (SAFE TO MOVE),YES,NO
D:\HiddenYatra\scratch\phase2_full_extract.py,phase2_full_extract.py,.py,2894,K. DEVELOPMENT SCRIPTS,Development script or scratch automation,No direct code references found,"import sys, os, json; from dotenv import load_dotenv; from models.connection import get_db",YES (SAFE TO MOVE),YES,NO
D:\HiddenYatra\scratch\phase2_part1.py,phase2_part1.py,.py,1909,K. DEVELOPMENT SCRIPTS,Development script or scratch automation,No direct code references found,"import sys, os; from dotenv import load_dotenv; from models.connection import get_db",YES (SAFE TO MOVE),YES,NO
D:\HiddenYatra\scratch\phase2_places_audit.py,phase2_places_audit.py,.py,4960,K. DEVELOPMENT SCRIPTS,Development inspection or diagnostic script,No direct code references found,"import sys, os, json; from dotenv import load_dotenv; from models.connection import get_db",YES (SAFE TO MOVE),YES,NO
D:\HiddenYatra\scratch\phase3_comparison.py,phase3_comparison.py,.py,1649,K. DEVELOPMENT SCRIPTS,Development script or scratch automation,No direct code references found,"import sys, os, json; from dotenv import load_dotenv; from models.connection import get_db; import re",YES (SAFE TO MOVE),YES,NO
D:\HiddenYatra\scratch\phase5_jamui_audit.py,phase5_jamui_audit.py,.py,3833,K. DEVELOPMENT SCRIPTS,Development inspection or diagnostic script,No direct code references found,"import sys, os, json; from dotenv import load_dotenv; from models.connection import get_db",YES (SAFE TO MOVE),YES,NO
D:\HiddenYatra\scratch\poll_deploy_images.py,poll_deploy_images.py,.py,895,K. DEVELOPMENT SCRIPTS,Development script or scratch automation,No direct code references found,import urllib.request; import time,YES (SAFE TO MOVE),YES,NO
D:\HiddenYatra\scratch\populate_demo_stays.py,populate_demo_stays.py,.py,40334,K. DEVELOPMENT SCRIPTS,"Database insertion, repair, or migration helper",No direct code references found,import os; import sys; import json; import ssl; import urllib.request; from datetime import datetime,YES (SAFE TO MOVE),YES,NO
D:\HiddenYatra\scratch\post_insert_check_batch4.py,post_insert_check_batch4.py,.py,5763,K. DEVELOPMENT SCRIPTS,Development inspection or diagnostic script,No direct code references found,import sys; from dotenv import load_dotenv; from models.connection import get_cursor,YES (SAFE TO MOVE),YES,NO
D:\HiddenYatra\scratch\post_insert_check_batch5.py,post_insert_check_batch5.py,.py,5869,K. DEVELOPMENT SCRIPTS,Development inspection or diagnostic script,No direct code references found,import sys; from dotenv import load_dotenv; load_dotenv(); from models.connection import get_cursor,YES (SAFE TO MOVE),YES,NO
D:\HiddenYatra\scratch\post_insert_check_batch6.py,post_insert_check_batch6.py,.py,6883,K. DEVELOPMENT SCRIPTS,Development inspection or diagnostic script,No direct code references found,import sys; import os; from dotenv import load_dotenv; load_dotenv(); from models.connection import get_cursor,YES (SAFE TO MOVE),YES,NO
D:\HiddenYatra\scratch\post_insert_check_batch7.py,post_insert_check_batch7.py,.py,6074,K. DEVELOPMENT SCRIPTS,Development inspection or diagnostic script,No direct code references found,import sys; import os; import pymysql; from dotenv import load_dotenv; from models.connection import get_cursor,YES (SAFE TO MOVE),YES,NO
D:\HiddenYatra\scratch\post_insert_check_batch8.py,post_insert_check_batch8.py,.py,6004,K. DEVELOPMENT SCRIPTS,Development inspection or diagnostic script,No direct code references found,import sys; import os; import pymysql; from dotenv import load_dotenv; from models.connection import get_cursor,YES (SAFE TO MOVE),YES,NO
D:\HiddenYatra\scratch\post_repair_verify.py,post_repair_verify.py,.py,6523,K. DEVELOPMENT SCRIPTS,Development inspection or diagnostic script,No direct code references found,"import sys, os, re; from dotenv import load_dotenv; from models.connection import get_db",YES (SAFE TO MOVE),YES,NO
D:\HiddenYatra\scratch\ppt_audit.py,ppt_audit.py,.py,4429,K. DEVELOPMENT SCRIPTS,Development inspection or diagnostic script,No direct code references found,"import sys, io; from pptx import Presentation; import os, re",YES (SAFE TO MOVE),YES,NO
D:\HiddenYatra\scratch\pre_insert_check.py,pre_insert_check.py,.py,2611,K. DEVELOPMENT SCRIPTS,Development inspection or diagnostic script,No direct code references found,import sys; import csv; from dotenv import load_dotenv; from models.connection import get_cursor,YES (SAFE TO MOVE),YES,NO
D:\HiddenYatra\scratch\pre_insert_check_batch4.py,pre_insert_check_batch4.py,.py,13083,K. DEVELOPMENT SCRIPTS,Development inspection or diagnostic script,No direct code references found,import sys; from dotenv import load_dotenv; from models.connection import get_cursor; from models.database import PLACE_CATEGORIES,YES (SAFE TO MOVE),YES,NO
D:\HiddenYatra\scratch\pre_insert_check_batch5.py,pre_insert_check_batch5.py,.py,14312,K. DEVELOPMENT SCRIPTS,Development inspection or diagnostic script,No direct code references found,import sys; from dotenv import load_dotenv; load_dotenv(); from models.connection import get_cursor; from models.database import PLACE_CATEGORIES,YES (SAFE TO MOVE),YES,NO
D:\HiddenYatra\scratch\pre_insert_check_batch6.py,pre_insert_check_batch6.py,.py,7625,K. DEVELOPMENT SCRIPTS,Development inspection or diagnostic script,No direct code references found,"import sys; import os; import math; from dotenv import load_dotenv; load_dotenv(); from models.connection import get_cursor, get_db",YES (SAFE TO MOVE),YES,NO
D:\HiddenYatra\scratch\pre_insert_check_batch7.py,pre_insert_check_batch7.py,.py,7603,K. DEVELOPMENT SCRIPTS,Development inspection or diagnostic script,No direct code references found,import sys; import os; import math; import pymysql; from dotenv import load_dotenv,YES (SAFE TO MOVE),YES,YES
D:\HiddenYatra\scratch\pre_insert_check_batch8.py,pre_insert_check_batch8.py,.py,5677,K. DEVELOPMENT SCRIPTS,Development inspection or diagnostic script,No direct code references found,import sys; import math; from models.connection import get_db,YES (SAFE TO MOVE),YES,NO
D:\HiddenYatra\scratch\print_districts.py,print_districts.py,.py,293,K. DEVELOPMENT SCRIPTS,Development script or scratch automation,No direct code references found,import sys; from dotenv import load_dotenv; load_dotenv(); from models.connection import get_cursor,YES (SAFE TO MOVE),YES,NO
D:\HiddenYatra\scratch\print_district_counts.py,print_district_counts.py,.py,613,K. DEVELOPMENT SCRIPTS,Development script or scratch automation,No direct code references found,import sys; from models.connection import get_db,YES (SAFE TO MOVE),YES,NO
D:\HiddenYatra\scratch\print_valid_candidates.py,print_valid_candidates.py,.py,600,K. DEVELOPMENT SCRIPTS,Development script or scratch automation,No direct code references found,import sys; import reconcile_candidates as rc,YES (SAFE TO MOVE),YES,NO
D:\HiddenYatra\scratch\print_valid_part1.py,print_valid_part1.py,.py,605,K. DEVELOPMENT SCRIPTS,Development script or scratch automation,No direct code references found,import sys; import reconcile_candidates as rc,YES (SAFE TO MOVE),YES,NO
D:\HiddenYatra\scratch\production_smoke_test.py,production_smoke_test.py,.py,7868,K. DEVELOPMENT SCRIPTS,Development script or scratch automation,No direct code references found,import urllib.request; import urllib.error; import json; import struct; import os; import sys,YES (SAFE TO MOVE),YES,NO
D:\HiddenYatra\scratch\qa_phase1_inventory.py,qa_phase1_inventory.py,.py,4258,K. DEVELOPMENT SCRIPTS,Development script or scratch automation,No direct code references found,"import sys, io, json, requests; import re",YES (SAFE TO MOVE),YES,NO
D:\HiddenYatra\scratch\reconcile_candidates.py,reconcile_candidates.py,.py,8415,K. DEVELOPMENT SCRIPTS,Development script or scratch automation,scratch/generate_all_structure_audit_reports.py; scratch/inspect_candidate_pool_batch9.py,import sys; import os; import csv; import math; import re; import pymysql,YES (SAFE TO MOVE),YES,YES
D:\HiddenYatra\scratch\refine_osm_bihar_water.py,refine_osm_bihar_water.py,.py,8868,K. DEVELOPMENT SCRIPTS,Development script or scratch automation,No direct code references found,import os; import sys; import json,YES (SAFE TO MOVE),YES,NO
D:\HiddenYatra\scratch\regenerate_batch8_artifacts.py,regenerate_batch8_artifacts.py,.py,36329,K. DEVELOPMENT SCRIPTS,Development script or scratch automation,No direct code references found,import sys; import csv; import shutil; from models.connection import get_db,YES (SAFE TO MOVE),YES,NO
D:\HiddenYatra\scratch\regenerate_overlap_audit.py,regenerate_overlap_audit.py,.py,7166,K. DEVELOPMENT SCRIPTS,Development inspection or diagnostic script,No direct code references found,import sys; import math; import csv; from models.connection import get_db,YES (SAFE TO MOVE),YES,NO
D:\HiddenYatra\scratch\repair_district_data.py,repair_district_data.py,.py,20731,K. DEVELOPMENT SCRIPTS,"Database insertion, repair, or migration helper",No direct code references found,"import sys, os; from dotenv import load_dotenv; import pymysql; import re",YES (SAFE TO MOVE),YES,NO
D:\HiddenYatra\scratch\resolve_warnings.py,resolve_warnings.py,.py,4716,K. DEVELOPMENT SCRIPTS,Development script or scratch automation,No direct code references found,"import sys, os; from dotenv import load_dotenv; from models.connection import get_db",YES (SAFE TO MOVE),YES,NO
D:\HiddenYatra\scratch\restore_authentic_stays.py,restore_authentic_stays.py,.py,1650,K. DEVELOPMENT SCRIPTS,Development script or scratch automation,No direct code references found,import os; import shutil; import sys; from dotenv import load_dotenv; from models.connection import get_cursor,YES (SAFE TO MOVE),YES,NO
D:\HiddenYatra\scratch\run_backup.py,run_backup.py,.py,2064,K. DEVELOPMENT SCRIPTS,Development script or scratch automation,No direct code references found,"import sys, os; from dotenv import load_dotenv; import pymysql",YES (SAFE TO MOVE),YES,NO
D:\HiddenYatra\scratch\scan_content_hierarchy.py,scan_content_hierarchy.py,.py,3289,K. DEVELOPMENT SCRIPTS,Development script or scratch automation,No direct code references found,"import sys, os, re; import requests",YES (SAFE TO MOVE),YES,NO
D:\HiddenYatra\scratch\scrape_live_district.py,scrape_live_district.py,.py,6099,K. DEVELOPMENT SCRIPTS,Development script or scratch automation,No direct code references found,import json; import time; from selenium import webdriver; from selenium.webdriver.chrome.options import Options; from selenium.webdriver.common.by import By; from selenium.webdriver.support.ui import WebDriverWait,YES (SAFE TO MOVE),YES,NO
D:\HiddenYatra\scratch\search_buddha_places.py,search_buddha_places.py,.py,505,K. DEVELOPMENT SCRIPTS,Development script or scratch automation,No direct code references found,import sys; from dotenv import load_dotenv; from models.connection import get_cursor,YES (SAFE TO MOVE),YES,NO
D:\HiddenYatra\scratch\set_gaya_image.py,set_gaya_image.py,.py,559,K. DEVELOPMENT SCRIPTS,Development script or scratch automation,No direct code references found,"import sys, os; from dotenv import load_dotenv; from models.connection import get_db",YES (SAFE TO MOVE),YES,NO
D:\HiddenYatra\scratch\sync_authentic_wikipedia_photos.py,sync_authentic_wikipedia_photos.py,.py,5048,K. DEVELOPMENT SCRIPTS,Development script or scratch automation,scratch/generate_all_structure_audit_reports.py,import os; import sys; import json; import urllib.request; import urllib.parse; import hashlib,YES (SAFE TO MOVE),YES,NO
D:\HiddenYatra\scratch\test_admin_auth.py,test_admin_auth.py,.py,1109,J. TESTS,Ad-hoc verification or scratch test script,No direct code references found,import sys; import os; import re; from app import create_app,YES (SAFE TO MOVE),YES,NO
D:\HiddenYatra\scratch\test_admin_endpoint.py,test_admin_endpoint.py,.py,1146,J. TESTS,Ad-hoc verification or scratch test script,No direct code references found,import sys; import os; import requests; from app import create_app; import re,YES (SAFE TO MOVE),YES,NO
D:\HiddenYatra\scratch\test_all_delete_buttons.py,test_all_delete_buttons.py,.py,2333,J. TESTS,Ad-hoc verification or scratch test script,No direct code references found,import sys; from dotenv import load_dotenv; from app import create_app; from models.connection import get_cursor,YES (SAFE TO MOVE),YES,NO
D:\HiddenYatra\scratch\test_all_delete_flows.py,test_all_delete_flows.py,.py,4651,J. TESTS,Ad-hoc verification or scratch test script,scratch/generate_all_structure_audit_reports.py,import sys; import time; from selenium import webdriver; from selenium.webdriver.chrome.options import Options; from selenium.webdriver.common.by import By,YES (SAFE TO MOVE),YES,NO
D:\HiddenYatra\scratch\test_api_endpoints.py,test_api_endpoints.py,.py,3689,J. TESTS,Ad-hoc verification or scratch test script,No direct code references found,import urllib.request; import json; import re,YES (SAFE TO MOVE),YES,NO
D:\HiddenYatra\scratch\test_block_matching.py,test_block_matching.py,.py,3518,J. TESTS,Ad-hoc verification or scratch test script,No direct code references found,import os; import sys; import json; import re; import urllib.request; from dotenv import load_dotenv,YES (SAFE TO MOVE),YES,NO
D:\HiddenYatra\scratch\test_browser_click_delete.py,test_browser_click_delete.py,.py,3039,J. TESTS,Ad-hoc verification or scratch test script,No direct code references found,import sys; import time; from selenium import webdriver; from selenium.webdriver.chrome.options import Options; from selenium.webdriver.common.by import By,YES (SAFE TO MOVE),YES,NO
D:\HiddenYatra\scratch\test_browser_stays_page.py,test_browser_stays_page.py,.py,4797,J. TESTS,Ad-hoc verification or scratch test script,No direct code references found,import os; import sys; import time; from selenium import webdriver; from selenium.webdriver.chrome.options import Options; from selenium.webdriver.common.by import By,YES (SAFE TO MOVE),YES,NO
D:\HiddenYatra\scratch\test_browser_trip_planner_ui.py,test_browser_trip_planner_ui.py,.py,7365,J. TESTS,Ad-hoc verification or scratch test script,No direct code references found,import os; import sys; import time; from selenium import webdriver; from selenium.webdriver.chrome.options import Options; from selenium.webdriver.common.by import By,YES (SAFE TO MOVE),YES,NO
D:\HiddenYatra\scratch\test_client_instant_search.py,test_client_instant_search.py,.py,432,J. TESTS,Ad-hoc verification or scratch test script,scratch/generate_all_structure_audit_reports.py,import sys; from dotenv import load_dotenv; from app import create_app,YES (SAFE TO MOVE),YES,NO
D:\HiddenYatra\scratch\test_district_image_resolver.py,test_district_image_resolver.py,.py,3008,J. TESTS,Ad-hoc verification or scratch test script,No direct code references found,"import sys, os; from dotenv import load_dotenv; from models.database import get_cursor",YES (SAFE TO MOVE),YES,NO
D:\HiddenYatra\scratch\test_district_pages.py,test_district_pages.py,.py,1385,J. TESTS,Ad-hoc verification or scratch test script,No direct code references found,import urllib.request; import html as html_lib,YES (SAFE TO MOVE),YES,NO
D:\HiddenYatra\scratch\test_endpoints.py,test_endpoints.py,.py,1180,J. TESTS,Ad-hoc verification or scratch test script,No direct code references found,import urllib.request; import urllib.error; import time; import sys,YES (SAFE TO MOVE),YES,NO
D:\HiddenYatra\scratch\test_fetch_gaya.py,test_fetch_gaya.py,.py,1286,J. TESTS,Ad-hoc verification or scratch test script,No direct code references found,import urllib.request; import re; import json,YES (SAFE TO MOVE),YES,NO
D:\HiddenYatra\scratch\test_frontend_images.py,test_frontend_images.py,.py,1694,J. TESTS,Ad-hoc verification or scratch test script,No direct code references found,import urllib.request; import re,YES (SAFE TO MOVE),YES,NO
D:\HiddenYatra\scratch\test_hero_upload.py,test_hero_upload.py,.py,994,J. TESTS,Ad-hoc verification or scratch test script,No direct code references found,from app import create_app; from config import ADMIN_PASSWORD; import io; import re; from PIL import Image,YES (SAFE TO MOVE),YES,NO
D:\HiddenYatra\scratch\test_itinerary_api.py,test_itinerary_api.py,.py,5106,J. TESTS,Ad-hoc verification or scratch test script,No direct code references found,"import requests, json, re, sys, io",YES (SAFE TO MOVE),YES,NO
D:\HiddenYatra\scratch\test_itinerary_nearby.py,test_itinerary_nearby.py,.py,1748,J. TESTS,Ad-hoc verification or scratch test script,No direct code references found,import urllib.request; import json; import urllib.parse,YES (SAFE TO MOVE),YES,NO
D:\HiddenYatra\scratch\test_live_admin_login.py,test_live_admin_login.py,.py,1381,J. TESTS,Ad-hoc verification or scratch test script,No direct code references found,import urllib.request; import urllib.parse; import http.cookiejar; import re,YES (SAFE TO MOVE),YES,NO
D:\HiddenYatra\scratch\test_live_queries.py,test_live_queries.py,.py,488,J. TESTS,Ad-hoc verification or scratch test script,No direct code references found,import urllib.request; import json,YES (SAFE TO MOVE),YES,NO
D:\HiddenYatra\scratch\test_live_site.py,test_live_site.py,.py,3064,J. TESTS,Ad-hoc verification or scratch test script,No direct code references found,import urllib.request; import urllib.error; import re; import json,YES (SAFE TO MOVE),YES,NO
D:\HiddenYatra\scratch\test_local_images.py,test_local_images.py,.py,1543,J. TESTS,Ad-hoc verification or scratch test script,No direct code references found,import urllib.request; import re,YES (SAFE TO MOVE),YES,NO
D:\HiddenYatra\scratch\test_map_regression.py,test_map_regression.py,.py,7143,J. TESTS,Ad-hoc verification or scratch test script,scratch/verify_ux_integration.py,import requests; import json; import re; import sys; import os; from config import MAP_ENGINE,YES (SAFE TO MOVE),YES,NO
D:\HiddenYatra\scratch\test_photo_downloader.py,test_photo_downloader.py,.py,591,J. TESTS,Ad-hoc verification or scratch test script,No direct code references found,import urllib.request; import ssl,YES (SAFE TO MOVE),YES,NO
D:\HiddenYatra\scratch\test_place_details.py,test_place_details.py,.py,1783,J. TESTS,Ad-hoc verification or scratch test script,No direct code references found,import urllib.request; import re,YES (SAFE TO MOVE),YES,NO
D:\HiddenYatra\scratch\test_real_routes.py,test_real_routes.py,.py,1303,J. TESTS,Ad-hoc verification or scratch test script,No direct code references found,import urllib.request; import urllib.error; import time,YES (SAFE TO MOVE),YES,NO
D:\HiddenYatra\scratch\test_routes_html.py,test_routes_html.py,.py,3324,J. TESTS,Ad-hoc verification or scratch test script,No direct code references found,"import sys, os, re; from dotenv import load_dotenv; from app import create_app",YES (SAFE TO MOVE),YES,NO
D:\HiddenYatra\scratch\test_search_api.py,test_search_api.py,.py,1120,J. TESTS,Ad-hoc verification or scratch test script,No direct code references found,"import sys, os, json; from dotenv import load_dotenv; from app import create_app",YES (SAFE TO MOVE),YES,NO
D:\HiddenYatra\scratch\test_stays.py,test_stays.py,.py,159,J. TESTS,Ad-hoc verification or scratch test script,No direct code references found,import requests,YES (SAFE TO MOVE),YES,NO
D:\HiddenYatra\scratch\test_wishlist_direct.py,test_wishlist_direct.py,.py,1667,J. TESTS,Ad-hoc verification or scratch test script,No direct code references found,import urllib.request; import json; import re,YES (SAFE TO MOVE),YES,NO
D:\HiddenYatra\scratch\trace_images.py,trace_images.py,.py,1173,K. DEVELOPMENT SCRIPTS,Development script or scratch automation,No direct code references found,"import sys, os, json",YES (SAFE TO MOVE),YES,NO
D:\HiddenYatra\scratch\validate_full_demo_flow.py,validate_full_demo_flow.py,.py,10471,K. DEVELOPMENT SCRIPTS,Development script or scratch automation,No direct code references found,import os; import sys; import json; import time; import urllib.request; from selenium import webdriver,YES (SAFE TO MOVE),YES,NO
D:\HiddenYatra\scratch\verification_report.json,verification_report.json,.json,2893,P. TEMPORARY / DEBUG,Temporary diagnostic dump or test report JSON,scratch/verify_live_production.py,None,YES (SAFE TO MOVE),YES,NO
D:\HiddenYatra\scratch\verify_all_live_images.py,verify_all_live_images.py,.py,5118,K. DEVELOPMENT SCRIPTS,Development inspection or diagnostic script,No direct code references found,import os; import sys; import json; import time; import urllib.request; from selenium import webdriver,YES (SAFE TO MOVE),YES,NO
D:\HiddenYatra\scratch\verify_all_live_jamui_details.py,verify_all_live_jamui_details.py,.py,1534,K. DEVELOPMENT SCRIPTS,Development inspection or diagnostic script,No direct code references found,import json; import urllib.request,YES (SAFE TO MOVE),YES,NO
D:\HiddenYatra\scratch\verify_all_stays.py,verify_all_stays.py,.py,1193,K. DEVELOPMENT SCRIPTS,Development inspection or diagnostic script,No direct code references found,import sys; from dotenv import load_dotenv; from models.connection import get_cursor,YES (SAFE TO MOVE),YES,NO
D:\HiddenYatra\scratch\verify_and_regenerate_batch8.py,verify_and_regenerate_batch8.py,.py,19073,K. DEVELOPMENT SCRIPTS,Development inspection or diagnostic script,No direct code references found,import sys; import math; import json; from models.connection import get_db,YES (SAFE TO MOVE),YES,NO
D:\HiddenYatra\scratch\verify_batch4_apis_and_pages.py,verify_batch4_apis_and_pages.py,.py,8217,K. DEVELOPMENT SCRIPTS,Development inspection or diagnostic script,No direct code references found,import requests; import html,YES (SAFE TO MOVE),YES,NO
D:\HiddenYatra\scratch\verify_batch5_apis_and_pages.py,verify_batch5_apis_and_pages.py,.py,8456,K. DEVELOPMENT SCRIPTS,Development inspection or diagnostic script,No direct code references found,import requests; import html,YES (SAFE TO MOVE),YES,NO
D:\HiddenYatra\scratch\verify_batch5_deep_audit.py,verify_batch5_deep_audit.py,.py,12613,K. DEVELOPMENT SCRIPTS,Development inspection or diagnostic script,No direct code references found,"import sys, math; from dotenv import load_dotenv; load_dotenv(); from models.connection import get_cursor",YES (SAFE TO MOVE),YES,NO
D:\HiddenYatra\scratch\verify_batch6_apis_and_pages.py,verify_batch6_apis_and_pages.py,.py,7403,K. DEVELOPMENT SCRIPTS,Development inspection or diagnostic script,No direct code references found,import sys; import json; import urllib.request; import urllib.parse,YES (SAFE TO MOVE),YES,NO
D:\HiddenYatra\scratch\verify_batch6_candidates.py,verify_batch6_candidates.py,.py,11598,K. DEVELOPMENT SCRIPTS,Development inspection or diagnostic script,No direct code references found,import sys; import os; import csv; import math; from dotenv import load_dotenv; load_dotenv(); from models.connection import get_cursor,YES (SAFE TO MOVE),YES,NO
D:\HiddenYatra\scratch\verify_batch7_apis_and_pages.py,verify_batch7_apis_and_pages.py,.py,6987,K. DEVELOPMENT SCRIPTS,Development inspection or diagnostic script,No direct code references found,import sys; import json; import urllib.request; import urllib.parse,YES (SAFE TO MOVE),YES,NO
D:\HiddenYatra\scratch\verify_batch7_candidates.py,verify_batch7_candidates.py,.py,13596,K. DEVELOPMENT SCRIPTS,Development inspection or diagnostic script,No direct code references found,import sys; import os; import csv; import math; import pymysql; from dotenv import load_dotenv,YES (SAFE TO MOVE),YES,YES
D:\HiddenYatra\scratch\verify_batch8_apis_and_pages.py,verify_batch8_apis_and_pages.py,.py,7154,K. DEVELOPMENT SCRIPTS,Development inspection or diagnostic script,No direct code references found,import sys; import json; import urllib.request; import urllib.parse,YES (SAFE TO MOVE),YES,NO
D:\HiddenYatra\scratch\verify_batch9_roster.py,verify_batch9_roster.py,.py,13462,K. DEVELOPMENT SCRIPTS,Development inspection or diagnostic script,No direct code references found,import sys; import os; import math; import pymysql; from dotenv import load_dotenv,YES (SAFE TO MOVE),YES,YES
D:\HiddenYatra\scratch\verify_database_invariance_batch9.py,verify_database_invariance_batch9.py,.py,1255,K. DEVELOPMENT SCRIPTS,Development inspection or diagnostic script,No direct code references found,import sys; from models.connection import get_db,YES (SAFE TO MOVE),YES,NO
D:\HiddenYatra\scratch\verify_dem_vs_hyelev.py,verify_dem_vs_hyelev.py,.py,2817,K. DEVELOPMENT SCRIPTS,Development inspection or diagnostic script,No direct code references found,import os; import sys; import math; from scripts.preprocess_dem_tiles import (,YES (SAFE TO MOVE),YES,NO
D:\HiddenYatra\scratch\verify_district_fallback_html.py,verify_district_fallback_html.py,.py,2413,K. DEVELOPMENT SCRIPTS,Development inspection or diagnostic script,No direct code references found,"import sys, os, re; import requests",YES (SAFE TO MOVE),YES,NO
D:\HiddenYatra\scratch\verify_g2_google_markers.py,verify_g2_google_markers.py,.py,14439,K. DEVELOPMENT SCRIPTS,Development inspection or diagnostic script,No direct code references found,import os; import sys; import json; import re; import unittest; from dotenv import load_dotenv,YES (SAFE TO MOVE),YES,NO
D:\HiddenYatra\scratch\verify_g3_google_layers.py,verify_g3_google_layers.py,.py,13700,K. DEVELOPMENT SCRIPTS,Development inspection or diagnostic script,No direct code references found,import os; import sys; import json; import unittest; from dotenv import load_dotenv; from app import create_app,YES (SAFE TO MOVE),YES,NO
D:\HiddenYatra\scratch\verify_g4b_terrain_chunks.py,verify_g4b_terrain_chunks.py,.py,8405,K. DEVELOPMENT SCRIPTS,Development inspection or diagnostic script,No direct code references found,import os; import sys; import json; import unittest; from dotenv import load_dotenv; from app import create_app,YES (SAFE TO MOVE),YES,NO
D:\HiddenYatra\scratch\verify_g4b_terrain_hardening.py,verify_g4b_terrain_hardening.py,.py,9089,K. DEVELOPMENT SCRIPTS,Development inspection or diagnostic script,No direct code references found,import os; import sys; import json; import unittest; from dotenv import load_dotenv; from app import create_app,YES (SAFE TO MOVE),YES,NO
D:\HiddenYatra\scratch\verify_g4_terrain.py,verify_g4_terrain.py,.py,10119,K. DEVELOPMENT SCRIPTS,Development inspection or diagnostic script,No direct code references found,import os; import sys; import unittest; from dotenv import load_dotenv; from app import create_app; import importlib,YES (SAFE TO MOVE),YES,NO
D:\HiddenYatra\scratch\verify_jamui.py,verify_jamui.py,.py,754,K. DEVELOPMENT SCRIPTS,Development inspection or diagnostic script,No direct code references found,from models.connection import get_cursor,YES (SAFE TO MOVE),YES,NO
D:\HiddenYatra\scratch\verify_live_production.py,verify_live_production.py,.py,17019,K. DEVELOPMENT SCRIPTS,Development inspection or diagnostic script,No direct code references found,import json; import time; import sys; from selenium import webdriver; from selenium.webdriver.chrome.options import Options; from selenium.webdriver.common.by import By,YES (SAFE TO MOVE),YES,NO
D:\HiddenYatra\scratch\verify_main_smoke_test.py,verify_main_smoke_test.py,.py,6483,K. DEVELOPMENT SCRIPTS,Development inspection or diagnostic script,No direct code references found,import sys; import os; import requests; import re; from dotenv import load_dotenv; from models.connection import get_db,YES (SAFE TO MOVE),YES,NO
D:\HiddenYatra\scratch\verify_phase1_modes.py,verify_phase1_modes.py,.py,11882,K. DEVELOPMENT SCRIPTS,Development inspection or diagnostic script,No direct code references found,import os; import sys; import time; import json; import io; from selenium import webdriver,YES (SAFE TO MOVE),YES,NO
D:\HiddenYatra\scratch\verify_phase2a_layer_manager.py,verify_phase2a_layer_manager.py,.py,16139,K. DEVELOPMENT SCRIPTS,Development inspection or diagnostic script,No direct code references found,import os; import sys; import time; import json; from selenium import webdriver; from selenium.webdriver.chrome.options import Options,YES (SAFE TO MOVE),YES,NO
D:\HiddenYatra\scratch\verify_phase2b_rivers_lakes.py,verify_phase2b_rivers_lakes.py,.py,16638,K. DEVELOPMENT SCRIPTS,Development inspection or diagnostic script,No direct code references found,import os; import sys; import time; import json; from selenium import webdriver; from selenium.webdriver.chrome.options import Options,YES (SAFE TO MOVE),YES,NO
D:\HiddenYatra\scratch\verify_phase2c_forests_waterfalls.py,verify_phase2c_forests_waterfalls.py,.py,14077,K. DEVELOPMENT SCRIPTS,Development inspection or diagnostic script,No direct code references found,import os; import sys; import time; import json; from selenium import webdriver; from selenium.webdriver.chrome.options import Options,YES (SAFE TO MOVE),YES,NO
D:\HiddenYatra\scratch\verify_phase2d_blocks.py,verify_phase2d_blocks.py,.py,12605,K. DEVELOPMENT SCRIPTS,Development inspection or diagnostic script,No direct code references found,import os; import sys; import time; import json; from selenium import webdriver; from selenium.webdriver.chrome.options import Options,YES (SAFE TO MOVE),YES,NO
D:\HiddenYatra\scratch\verify_phase2e_hotels_homestays.py,verify_phase2e_hotels_homestays.py,.py,12754,K. DEVELOPMENT SCRIPTS,Development inspection or diagnostic script,No direct code references found,import os; import sys; import time; import json; from selenium import webdriver; from selenium.webdriver.chrome.options import Options,YES (SAFE TO MOVE),YES,NO
D:\HiddenYatra\scratch\verify_place_count.py,verify_place_count.py,.py,2566,K. DEVELOPMENT SCRIPTS,Development inspection or diagnostic script,No direct code references found,"import sys, io, requests, re, json",YES (SAFE TO MOVE),YES,NO
D:\HiddenYatra\scratch\verify_place_map_clean.py,verify_place_map_clean.py,.py,2675,K. DEVELOPMENT SCRIPTS,Development inspection or diagnostic script,No direct code references found,"import sys, os, io, re; import requests",YES (SAFE TO MOVE),YES,NO
D:\HiddenYatra\scratch\verify_post_insert_db.py,verify_post_insert_db.py,.py,4623,K. DEVELOPMENT SCRIPTS,Development inspection or diagnostic script,No direct code references found,import sys; from dotenv import load_dotenv; from models.connection import get_cursor,YES (SAFE TO MOVE),YES,NO
D:\HiddenYatra\scratch\verify_production_deployment.py,verify_production_deployment.py,.py,4740,K. DEVELOPMENT SCRIPTS,Development inspection or diagnostic script,No direct code references found,import urllib.request; import urllib.error; import http.cookiejar; import json; import struct; import sys,YES (SAFE TO MOVE),YES,NO
D:\HiddenYatra\scratch\verify_scroll_images.py,verify_scroll_images.py,.py,1925,K. DEVELOPMENT SCRIPTS,Development inspection or diagnostic script,No direct code references found,import time; import json; from selenium import webdriver; from selenium.webdriver.chrome.options import Options; from selenium.webdriver.common.by import By,YES (SAFE TO MOVE),YES,NO
D:\HiddenYatra\scratch\verify_ux_integration.py,verify_ux_integration.py,.py,3104,K. DEVELOPMENT SCRIPTS,Development inspection or diagnostic script,No direct code references found,"import sys, io, re, requests; import subprocess",YES (SAFE TO MOVE),YES,NO
D:\HiddenYatra\scratch\view_forensic_summary.py,view_forensic_summary.py,.py,2234,K. DEVELOPMENT SCRIPTS,Development script or scratch automation,No direct code references found,"import sys, os, json",YES (SAFE TO MOVE),YES,NO
D:\HiddenYatra\scratch\view_uninserted_p0.py,view_uninserted_p0.py,.py,452,K. DEVELOPMENT SCRIPTS,"Database insertion, repair, or migration helper",No direct code references found,import sys; from inspect_p0_p1_remaining import uninserted_p0_p1,YES (SAFE TO MOVE),YES,NO
D:\HiddenYatra\scratch\screenshots\01_initial_form.png,01_initial_form.png,.png,70812,G. IMAGES / MEDIA,"Visual media, icon, screenshot, or banner asset",scratch/test_browser_trip_planner_ui.py,None,YES (SAFE TO MOVE),YES,NO
D:\HiddenYatra\scratch\screenshots\02_district_dropdown_open.png,02_district_dropdown_open.png,.png,72744,G. IMAGES / MEDIA,"Visual media, icon, screenshot, or banner asset",scratch/test_browser_trip_planner_ui.py,None,YES (SAFE TO MOVE),YES,NO
D:\HiddenYatra\scratch\screenshots\03_districts_selected.png,03_districts_selected.png,.png,76854,G. IMAGES / MEDIA,"Visual media, icon, screenshot, or banner asset",scratch/test_browser_trip_planner_ui.py,None,YES (SAFE TO MOVE),YES,NO
D:\HiddenYatra\scratch\screenshots\04_places_selected.png,04_places_selected.png,.png,78964,G. IMAGES / MEDIA,"Visual media, icon, screenshot, or banner asset",scratch/test_browser_trip_planner_ui.py,None,YES (SAFE TO MOVE),YES,NO
D:\HiddenYatra\scratch\screenshots\05_generated_itinerary.png,05_generated_itinerary.png,.png,147052,G. IMAGES / MEDIA,"Visual media, icon, screenshot, or banner asset",scratch/test_browser_trip_planner_ui.py,None,YES (SAFE TO MOVE),YES,NO
D:\HiddenYatra\scratch\screenshots\06_mobile_view.png,06_mobile_view.png,.png,29555,G. IMAGES / MEDIA,"Visual media, icon, screenshot, or banner asset",scratch/test_browser_trip_planner_ui.py,None,YES (SAFE TO MOVE),YES,NO
D:\HiddenYatra\scripts\debug_search.py,debug_search.py,.py,937,K. DEVELOPMENT SCRIPTS,Development tooling or operational maintenance script,No direct code references found,"import os, sys; from dotenv import load_dotenv; from models.search_engine import get_search_index, sanitize_query, normalize, parse_nl_intent",REVIEW,NO,NO
D:\HiddenYatra\scripts\inspect_terrain_tile.py,inspect_terrain_tile.py,.py,2208,K. DEVELOPMENT SCRIPTS,Development tooling or operational maintenance script,No direct code references found,"import os; import sys; from scripts.preprocess_dem_tiles import decode_hyelev_file, TERRAIN_DIR",REVIEW,NO,NO
D:\HiddenYatra\scripts\preprocess_dem_tiles.py,preprocess_dem_tiles.py,.py,17905,K. DEVELOPMENT SCRIPTS,Development tooling or operational maintenance script,scratch/verify_dem_vs_hyelev.py; scratch/verify_g4b_terrain_chunks.py; scratch/verify_g4b_terrain_hardening.py; scripts/inspect_terrain_tile.py; tests/test_hymap_terrain_loader.py,import os; import sys; import math; import json; import struct; import hashlib,REVIEW,NO,NO
D:\HiddenYatra\scripts\quick_seed.py,quick_seed.py,.py,4382,I. DATA / SEED,Database seeding script or sample data generator,No direct code references found,import os; import pymysql,REVIEW,NO,YES
D:\HiddenYatra\scripts\README.md,README.md,.md,1351,L. DOCUMENTATION,"Project architecture, installation, or user documentation",docs/HACKATHON_JUDGING_PACKAGE.md; scratch/audit_upstream_license.py; scratch/comprehensive_structure_auditor.py; scratch/generate_all_structure_audit_reports.py,None,REVIEW,NO,NO
D:\HiddenYatra\scripts\register_mysql_service.cmd,register_mysql_service.cmd,.cmd,3276,K. DEVELOPMENT SCRIPTS,Development tooling or operational maintenance script,No direct code references found,None,REVIEW,NO,NO
D:\HiddenYatra\scripts\register_mysql_service.ps1,register_mysql_service.ps1,.ps1,6743,K. DEVELOPMENT SCRIPTS,Development tooling or operational maintenance script,No direct code references found,None,REVIEW,NO,NO
D:\HiddenYatra\scripts\seed_dev_data.py,seed_dev_data.py,.py,12051,I. DATA / SEED,Database seeding script or sample data generator,scripts/setup_dev_environment.py,import os; import sys; import logging; from dotenv import load_dotenv; from models.connection import get_cursor; from models.auth import hash_password,REVIEW,NO,NO
D:\HiddenYatra\scripts\seed_gaya_complete.py,seed_gaya_complete.py,.py,34808,I. DATA / SEED,Database seeding script or sample data generator,scratch/generate_all_structure_audit_reports.py,import pymysql,REVIEW,NO,NO
D:\HiddenYatra\scripts\seed_jamui_complete.py,seed_jamui_complete.py,.py,32741,I. DATA / SEED,Database seeding script or sample data generator,scratch/generate_all_structure_audit_reports.py,import pymysql,REVIEW,NO,NO
D:\HiddenYatra\scripts\seed_patna_complete.py,seed_patna_complete.py,.py,43808,I. DATA / SEED,Database seeding script or sample data generator,scratch/generate_all_structure_audit_reports.py,import pymysql,REVIEW,NO,NO
D:\HiddenYatra\scripts\setup_dev_environment.py,setup_dev_environment.py,.py,5658,K. DEVELOPMENT SCRIPTS,Development tooling or operational maintenance script,No direct code references found,import os; import sys; import logging; import pymysql; from dotenv import load_dotenv; from scripts.seed_dev_data import seed_development_data,REVIEW,NO,YES
D:\HiddenYatra\scripts\test_search.py,test_search.py,.py,689,K. DEVELOPMENT SCRIPTS,Development tooling or operational maintenance script,No direct code references found,"import os; from dotenv import load_dotenv; from models.search_engine import instant_search, rebuild_search_index",REVIEW,NO,NO
D:\HiddenYatra\scripts\validate_dem_inputs.py,validate_dem_inputs.py,.py,4308,K. DEVELOPMENT SCRIPTS,Development tooling or operational maintenance script,No direct code references found,"import os; import sys; import struct; import hashlib; from typing import Dict, List, Tuple, Optional",REVIEW,NO,NO
D:\HiddenYatra\scripts\legacy\app.js,app.js,.js,21293,K. DEVELOPMENT SCRIPTS,Development tooling or operational maintenance script,app.py; FIXES.md; PERFORMANCE_REPORT.md; UIUX_FIX_REPORT.md; docs/DeveloperGuide.md,None,REVIEW,NO,NO
D:\HiddenYatra\scripts\legacy\compare_databases.py,compare_databases.py,.py,4489,K. DEVELOPMENT SCRIPTS,Development tooling or operational maintenance script,No direct code references found,import sqlite3; import pymysql,REVIEW,NO,NO
D:\HiddenYatra\scripts\legacy\data.js,data.js,.js,53998,K. DEVELOPMENT SCRIPTS,Development tooling or operational maintenance script,scratch/check_live_db_images.py; scratch/detailed_district_parity.py; scratch/generate_all_structure_audit_reports.py; scratch/inspect_local_district.py; scratch/scrape_live_district.py,None,REVIEW,NO,NO
D:\HiddenYatra\scripts\legacy\debug_mahabodhi.py,debug_mahabodhi.py,.py,1751,K. DEVELOPMENT SCRIPTS,Development tooling or operational maintenance script,No direct code references found,import pymysql; import math,REVIEW,NO,NO
D:\HiddenYatra\scripts\legacy\debug_routes.py,debug_routes.py,.py,2791,K. DEVELOPMENT SCRIPTS,Development tooling or operational maintenance script,No direct code references found,import requests; import pymysql; import re; import re,REVIEW,NO,NO
D:\HiddenYatra\scripts\legacy\final_verification.py,final_verification.py,.py,2305,K. DEVELOPMENT SCRIPTS,Development tooling or operational maintenance script,.dockerignore,"import sqlite3, pymysql",REVIEW,NO,NO
D:\HiddenYatra\scripts\legacy\fix_indexes.py,fix_indexes.py,.py,815,K. DEVELOPMENT SCRIPTS,Development tooling or operational maintenance script,No direct code references found,import pymysql,REVIEW,NO,NO
D:\HiddenYatra\scripts\legacy\fix_templates.py,fix_templates.py,.py,1530,K. DEVELOPMENT SCRIPTS,Development tooling or operational maintenance script,No direct code references found,import os; import re,REVIEW,NO,NO
D:\HiddenYatra\scripts\legacy\index.html,index.html,.html,6936,K. DEVELOPMENT SCRIPTS,Development tooling or operational maintenance script,FINAL_PRE_SUBMISSION_AUDIT.md; UIUX_AUDIT_REPORT.md; UIUX_FIX_REPORT.md; routes/main.py; scratch/generate_all_structure_audit_reports.py,None,REVIEW,NO,NO
D:\HiddenYatra\scripts\legacy\migrate_haldia.py,migrate_haldia.py,.py,3650,K. DEVELOPMENT SCRIPTS,Development tooling or operational maintenance script,No direct code references found,import sqlite3; import pymysql,REVIEW,NO,NO
D:\HiddenYatra\scripts\legacy\migrate_recovered_data.py,migrate_recovered_data.py,.py,9315,K. DEVELOPMENT SCRIPTS,Development tooling or operational maintenance script,No direct code references found,import sqlite3; import pymysql,REVIEW,NO,NO
D:\HiddenYatra\scripts\legacy\setup_mysql.py,setup_mysql.py,.py,2525,K. DEVELOPMENT SCRIPTS,Development tooling or operational maintenance script,No direct code references found,import pymysql; import os; import sys,REVIEW,NO,YES
D:\HiddenYatra\scripts\legacy\styles.css,styles.css,.css,31760,K. DEVELOPMENT SCRIPTS,Development tooling or operational maintenance script,scripts/README.md; scripts/legacy/index.html,None,REVIEW,NO,NO
D:\HiddenYatra\scripts\legacy\test_mahabodhi.py,test_mahabodhi.py,.py,593,K. DEVELOPMENT SCRIPTS,Development tooling or operational maintenance script,No direct code references found,import sys; from app import create_app; import traceback,REVIEW,NO,NO
D:\HiddenYatra\scripts\legacy\verify_migration.py,verify_migration.py,.py,4607,K. DEVELOPMENT SCRIPTS,Development tooling or operational maintenance script,No direct code references found,"import sys, os; import pymysql",REVIEW,NO,NO
D:\HiddenYatra\scripts\migrations\migrate_auth.py,migrate_auth.py,.py,1389,H. DATABASE,Database migration or schema patch script,scripts/README.md,import sqlite3,REVIEW,NO,NO
D:\HiddenYatra\scripts\migrations\migrate_schema.py,migrate_schema.py,.py,2257,H. DATABASE,Database migration or schema patch script,INSTALL.md; scripts/README.md,import sqlite3,REVIEW,NO,NO
D:\HiddenYatra\scripts\migrations\migrate_sqlite_to_mysql.py,migrate_sqlite_to_mysql.py,.py,5363,H. DATABASE,Database migration or schema patch script,docs/Database.md,import os; import sys; import sqlite3; from datetime import datetime; from dotenv import load_dotenv; import pymysql,REVIEW,NO,YES
D:\HiddenYatra\scripts\migrations\mysql_rollback.sql,mysql_rollback.sql,.sql,1360,H. DATABASE,"SQL database schema, migration, or backup dump",docs/Database.md,None,REVIEW,NO,NO
D:\HiddenYatra\scripts\migrations\mysql_schema.sql,mysql_schema.sql,.sql,44004,H. DATABASE,"SQL database schema, migration, or backup dump",docker-compose.yml; KNOWN_LIMITATIONS.md; REFACTOR_PLAN.md; deploy/deploy.sh; docs/Database.md,None,REVIEW,NO,NO
D:\HiddenYatra\scripts\migrations\phase32a_migration.sql,phase32a_migration.sql,.sql,1384,H. DATABASE,"SQL database schema, migration, or backup dump",No direct code references found,None,REVIEW,NO,NO
D:\HiddenYatra\scripts\migrations\phase3_migration.sql,phase3_migration.sql,.sql,17912,H. DATABASE,"SQL database schema, migration, or backup dump",No direct code references found,None,REVIEW,NO,NO
D:\HiddenYatra\scripts\seed\apply_verified_bihar_photos.py,apply_verified_bihar_photos.py,.py,5384,I. DATA / SEED,Database seeding script or sample data generator,No direct code references found,import os; import pymysql,REVIEW,NO,NO
D:\HiddenYatra\scripts\seed\check_buxar.py,check_buxar.py,.py,544,I. DATA / SEED,Database seeding script or sample data generator,No direct code references found,import pymysql,REVIEW,NO,NO
D:\HiddenYatra\scripts\seed\debug_signup_exception.py,debug_signup_exception.py,.py,1332,I. DATA / SEED,Database seeding script or sample data generator,No direct code references found,import os; import sys; import pymysql; from app import create_app; import re; import traceback,REVIEW,NO,NO
D:\HiddenYatra\scripts\seed\e2e_qa_verification.py,e2e_qa_verification.py,.py,9241,I. DATA / SEED,Database seeding script or sample data generator,No direct code references found,import os; import sys; import re; import pymysql; import requests; from app import create_app,REVIEW,NO,YES
D:\HiddenYatra\scripts\seed\fetch_places_list.py,fetch_places_list.py,.py,425,I. DATA / SEED,Database seeding script or sample data generator,No direct code references found,import pymysql,REVIEW,NO,NO
D:\HiddenYatra\scripts\seed\find_500_error.py,find_500_error.py,.py,2665,I. DATA / SEED,Database seeding script or sample data generator,No direct code references found,import os; import sys; from app import create_app; import traceback; import traceback,REVIEW,NO,NO
D:\HiddenYatra\scripts\seed\generate_brand_logo.py,generate_brand_logo.py,.py,5379,I. DATA / SEED,Database seeding script or sample data generator,No direct code references found,"import os; import sys; from PIL import Image, ImageDraw",REVIEW,NO,NO
D:\HiddenYatra\scripts\seed\generate_exact_pin_logo.py,generate_exact_pin_logo.py,.py,3087,I. DATA / SEED,Database seeding script or sample data generator,No direct code references found,"import os; import sys; from PIL import Image, ImageDraw",REVIEW,NO,NO
D:\HiddenYatra\scripts\seed\restore_district_cover_images.py,restore_district_cover_images.py,.py,1823,I. DATA / SEED,Database seeding script or sample data generator,No direct code references found,import os; import pymysql,REVIEW,NO,NO
D:\HiddenYatra\scripts\seed\restore_original_local_images.py,restore_original_local_images.py,.py,1820,I. DATA / SEED,Database seeding script or sample data generator,No direct code references found,import os; import pymysql,REVIEW,NO,NO
D:\HiddenYatra\scripts\seed\scan_all_url_map.py,scan_all_url_map.py,.py,2853,I. DATA / SEED,Database seeding script or sample data generator,No direct code references found,import os; import sys; from app import create_app; import traceback; import traceback,REVIEW,NO,NO
D:\HiddenYatra\scripts\seed\seed_all_essential_services.py,seed_all_essential_services.py,.py,7484,I. DATA / SEED,Database seeding script or sample data generator,INSTALL.md,"import pymysql, sys, os; from config import DB_HOST, DB_PORT, DB_NAME, DB_USER, DB_PASSWORD",REVIEW,NO,YES
D:\HiddenYatra\scripts\seed\seed_bihar.py,seed_bihar.py,.py,17811,I. DATA / SEED,Database seeding script or sample data generator,scratch/repair_district_data.py; scripts/README.md; scripts/seed/seed_bihar_hierarchy.py,"import sys, os; from models.database import (",REVIEW,NO,NO
D:\HiddenYatra\scripts\seed\seed_bihar_complete.py,seed_bihar_complete.py,.py,34618,I. DATA / SEED,Database seeding script or sample data generator,deploy/deploy.sh; docs/Database.md; docs/Deployment.md; scratch/repair_district_data.py; scripts/README.md,"import sys, os; from models.database import (; from models.database import get_cursor",REVIEW,NO,NO
D:\HiddenYatra\scripts\seed\seed_bihar_hierarchy.py,seed_bihar_hierarchy.py,.py,8950,I. DATA / SEED,Database seeding script or sample data generator,scripts/README.md,"import sys, os; from models.database import (",REVIEW,NO,NO
D:\HiddenYatra\scripts\seed\seed_data.py,seed_data.py,.py,20545,I. DATA / SEED,Database seeding script or sample data generator,scripts/README.md,import sys; import os; from models.database import (,REVIEW,NO,NO
D:\HiddenYatra\scripts\seed\seed_demo_content.py,seed_demo_content.py,.py,8355,I. DATA / SEED,Database seeding script or sample data generator,No direct code references found,"import pymysql; import sys; import os; from config import DB_HOST, DB_PORT, DB_NAME, DB_USER, DB_PASSWORD",REVIEW,NO,YES
D:\HiddenYatra\scripts\seed\seed_homestays.py,seed_homestays.py,.py,33361,I. DATA / SEED,Database seeding script or sample data generator,models/connection.py; routes/stays.py,import os; import sys; import json; import logging; from dotenv import load_dotenv; from models.connection import get_cursor,REVIEW,NO,NO
D:\HiddenYatra\scripts\seed\seed_hotels.py,seed_hotels.py,.py,19712,I. DATA / SEED,Database seeding script or sample data generator,scripts/README.md,"import sys, os; from models.database import (",REVIEW,NO,NO
D:\HiddenYatra\scripts\seed\seed_images.py,seed_images.py,.py,3873,I. DATA / SEED,Database seeding script or sample data generator,scripts/README.md,"import sys, os; from models.database import init_db, get_db",REVIEW,NO,NO
D:\HiddenYatra\scripts\seed\seed_jamui_places.py,seed_jamui_places.py,.py,28207,I. DATA / SEED,Database seeding script or sample data generator,scratch/repair_district_data.py,import sys; import os; from models.connection import get_cursor,REVIEW,NO,NO
D:\HiddenYatra\scripts\seed\seed_nearby_services.py,seed_nearby_services.py,.py,6808,I. DATA / SEED,Database seeding script or sample data generator,No direct code references found,"import pymysql, sys, os; from config import DB_HOST, DB_PORT, DB_NAME, DB_USER, DB_PASSWORD",REVIEW,NO,YES
D:\HiddenYatra\scripts\seed\seed_place_images.py,seed_place_images.py,.py,7992,I. DATA / SEED,Database seeding script or sample data generator,No direct code references found,"import pymysql; import sys; import os; from config import DB_HOST, DB_PORT, DB_NAME, DB_USER, DB_PASSWORD",REVIEW,NO,YES
D:\HiddenYatra\scripts\seed\test_all_user_activation_flows.py,test_all_user_activation_flows.py,.py,9790,I. DATA / SEED,Database seeding script or sample data generator,No direct code references found,import os; import sys; import re; import pymysql; from app import create_app,REVIEW,NO,YES
D:\HiddenYatra\scripts\seed\test_lockout.py,test_lockout.py,.py,1478,I. DATA / SEED,Database seeding script or sample data generator,No direct code references found,import os; import sys; import re; import pymysql; from app import create_app,REVIEW,NO,NO
D:\HiddenYatra\scripts\seed\test_signup.py,test_signup.py,.py,1303,I. DATA / SEED,Database seeding script or sample data generator,No direct code references found,import requests; import re; import sys,REVIEW,NO,NO
D:\HiddenYatra\scripts\seed\test_signup_flash.py,test_signup_flash.py,.py,933,I. DATA / SEED,Database seeding script or sample data generator,No direct code references found,import requests; import re; import sys,REVIEW,NO,NO
D:\HiddenYatra\scripts\seed\test_signup_real.py,test_signup_real.py,.py,1651,I. DATA / SEED,Database seeding script or sample data generator,No direct code references found,import requests; import re; import sys; import pymysql,REVIEW,NO,NO
D:\HiddenYatra\scripts\seed\update_district_cover_photos.py,update_district_cover_photos.py,.py,3503,I. DATA / SEED,Database seeding script or sample data generator,No direct code references found,import pymysql; import os,REVIEW,NO,NO
D:\HiddenYatra\scripts\seed\update_exact_bihar_photos.py,update_exact_bihar_photos.py,.py,4414,I. DATA / SEED,Database seeding script or sample data generator,No direct code references found,import pymysql; import os; import urllib.request,REVIEW,NO,NO
D:\HiddenYatra\scripts\seed\update_places_real_photos.py,update_places_real_photos.py,.py,3747,I. DATA / SEED,Database seeding script or sample data generator,INSTALL.md,import pymysql; import os; import sys,REVIEW,NO,NO
D:\HiddenYatra\scripts\seed\verify_cover_images.py,verify_cover_images.py,.py,5338,I. DATA / SEED,Database seeding script or sample data generator,No direct code references found,import os; import sys; import pymysql,REVIEW,NO,NO
D:\HiddenYatra\scripts\seed\verify_full_system.py,verify_full_system.py,.py,3939,I. DATA / SEED,Database seeding script or sample data generator,INSTALL.md,"import sys, os; from app import create_app; from models.database import compute_travel_metrics, get_nearby_api_data, get_smart_nearby_discovery",REVIEW,NO,NO
D:\HiddenYatra\scripts\tools\check_all_tables_duplicates.py,check_all_tables_duplicates.py,.py,1178,K. DEVELOPMENT SCRIPTS,Development tooling or operational maintenance script,No direct code references found,import pymysql; import os,REVIEW,NO,NO
D:\HiddenYatra\scripts\tools\clean_all_table_duplicates.py,clean_all_table_duplicates.py,.py,979,K. DEVELOPMENT SCRIPTS,Development tooling or operational maintenance script,No direct code references found,import pymysql; import os,REVIEW,NO,NO
D:\HiddenYatra\scripts\tools\clean_duplicate_places.py,clean_duplicate_places.py,.py,1978,K. DEVELOPMENT SCRIPTS,Development tooling or operational maintenance script,No direct code references found,import pymysql; import os,REVIEW,NO,NO
D:\HiddenYatra\scripts\tools\db_integrity_audit.py,db_integrity_audit.py,.py,4742,K. DEVELOPMENT SCRIPTS,Development tooling or operational maintenance script,No direct code references found,import sys; import os; from models.database import get_db,REVIEW,NO,NO
D:\HiddenYatra\scripts\tools\e2e_verify.py,e2e_verify.py,.py,6789,K. DEVELOPMENT SCRIPTS,Development tooling or operational maintenance script,.dockerignore; FIXES.md,import urllib.request; import urllib.error; import json; import sys; import http.client,REVIEW,NO,NO
D:\HiddenYatra\scripts\tools\generate_presentation_files.py,generate_presentation_files.py,.py,48701,K. DEVELOPMENT SCRIPTS,Development tooling or operational maintenance script,No direct code references found,"import sys; import os; from pptx import Presentation; from pptx.util import Inches, Pt; from pptx.enum.text import PP_ALIGN, MSO_ANCHOR; from pptx.dml.color import RGBColor",REVIEW,NO,NO
D:\HiddenYatra\scripts\tools\minify_assets.py,minify_assets.py,.py,2149,K. DEVELOPMENT SCRIPTS,Development tooling or operational maintenance script,FIXES.md; PERFORMANCE_REPORT.md,import os; import re,REVIEW,NO,NO
D:\HiddenYatra\static\icon-192.png,icon-192.png,.png,1703,G. IMAGES / MEDIA,"Visual media, icon, screenshot, or banner asset",scripts/seed/generate_brand_logo.py; scripts/seed/generate_exact_pin_logo.py; static/manifest.json; static/sw.js; static/sw.min.js,None,REVIEW,NO,NO
D:\HiddenYatra\static\icon-512.png,icon-512.png,.png,5052,G. IMAGES / MEDIA,"Visual media, icon, screenshot, or banner asset",scripts/seed/generate_brand_logo.py; scripts/seed/generate_exact_pin_logo.py; static/manifest.json; static/sw.js; static/sw.min.js,None,REVIEW,NO,NO
D:\HiddenYatra\static\logo-icon.svg,logo-icon.svg,.svg,606,G. IMAGES / MEDIA,"Visual media, icon, screenshot, or banner asset",scripts/seed/generate_brand_logo.py; scripts/seed/generate_exact_pin_logo.py; templates/base.html; templates/admin/login.html; templates/auth/forgot_password.html,None,REVIEW,NO,NO
D:\HiddenYatra\static\logo.svg,logo.svg,.svg,929,G. IMAGES / MEDIA,"Visual media, icon, screenshot, or banner asset",scratch/generate_all_structure_audit_reports.py; scripts/seed/generate_brand_logo.py; scripts/seed/generate_exact_pin_logo.py,None,REVIEW,NO,NO
D:\HiddenYatra\static\manifest.json,manifest.json,.json,547,Q. UNKNOWN / MANUAL REVIEW,Unclassified file requiring manual inspection,FINAL_ENGINEERING_REPORT.md; docs/SYSTEM_AUDIT_REPORT.md; scratch/final_route_test.py; scratch/generate_all_structure_audit_reports.py; scratch/production_smoke_test.py,None,REVIEW,NO,NO
D:\HiddenYatra\static\og-default.png,og-default.png,.png,762701,G. IMAGES / MEDIA,"Visual media, icon, screenshot, or banner asset",FINAL_ENGINEERING_REPORT.md; templates/base.html; templates/index.html,None,REVIEW,NO,NO
D:\HiddenYatra\static\placeholder-fort.svg,placeholder-fort.svg,.svg,800,G. IMAGES / MEDIA,"Visual media, icon, screenshot, or banner asset",scratch/live_district_data.json; templates/explore_map.html; templates/partials/place_card.html,None,REVIEW,NO,NO
D:\HiddenYatra\static\placeholder-nature.svg,placeholder-nature.svg,.svg,689,G. IMAGES / MEDIA,"Visual media, icon, screenshot, or banner asset",scratch/live_district_data.json; scratch/live_images_report.json; templates/explore_map.html; templates/partials/place_card.html,None,REVIEW,NO,NO
D:\HiddenYatra\static\placeholder-place.svg,placeholder-place.svg,.svg,921,G. IMAGES / MEDIA,"Visual media, icon, screenshot, or banner asset",scratch/live_district_data.json; scratch/live_images_report.json; static/js/map/map-markers.js; templates/explore_map.html; templates/place.html,None,REVIEW,NO,NO
D:\HiddenYatra\static\placeholder-temple.svg,placeholder-temple.svg,.svg,826,G. IMAGES / MEDIA,"Visual media, icon, screenshot, or banner asset",scratch/live_district_data.json; scratch/live_images_report.json; templates/explore_map.html; templates/partials/place_card.html,None,REVIEW,NO,NO
D:\HiddenYatra\static\placeholder-waterfall.svg,placeholder-waterfall.svg,.svg,750,G. IMAGES / MEDIA,"Visual media, icon, screenshot, or banner asset",scratch/live_district_data.json; scratch/live_images_report.json; templates/explore_map.html; templates/partials/place_card.html,None,REVIEW,NO,NO
D:\HiddenYatra\static\robots.txt,robots.txt,.txt,120,L. DOCUMENTATION,Documentation or notes markdown,app.py; FINAL_ENGINEERING_REPORT.md; docs/API.md; scratch/generate_all_structure_audit_reports.py; scratch/test_real_routes.py,None,REVIEW,NO,NO
D:\HiddenYatra\static\sw.js,sw.js,.js,2531,Q. UNKNOWN / MANUAL REVIEW,Unclassified file requiring manual inspection,app.py; FINAL_ENGINEERING_REPORT.md; PERFORMANCE_REPORT.md; docs/Architecture.md; docs/SYSTEM_AUDIT_REPORT.md,None,REVIEW,NO,NO
D:\HiddenYatra\static\sw.min.js,sw.min.js,.js,1348,Q. UNKNOWN / MANUAL REVIEW,Unclassified file requiring manual inspection,No direct code references found,None,REVIEW,NO,NO
D:\HiddenYatra\static\css\admin.css,admin.css,.css,32733,D. CSS,Client-side styling stylesheet,FIXES.md; PERFORMANCE_REPORT.md; docs/DeveloperGuide.md; scratch/generate_all_structure_audit_reports.py; templates/admin/auth_appearance.html,None,REVIEW (MEDIUM-RISK),NO,NO
D:\HiddenYatra\static\css\admin.min.css,admin.min.css,.css,24814,D. CSS,Client-side styling stylesheet,AUDIT.md; FIXES.md; templates/admin/login.html,None,REVIEW (MEDIUM-RISK),NO,NO
D:\HiddenYatra\static\css\animations.css,animations.css,.css,6111,D. CSS,Client-side styling stylesheet,PERFORMANCE_REPORT.md; scratch/generate_all_structure_audit_reports.py,None,REVIEW (MEDIUM-RISK),NO,NO
D:\HiddenYatra\static\css\animations.min.css,animations.min.css,.css,4280,D. CSS,Client-side styling stylesheet,static/sw.js; static/sw.min.js; templates/base.html,None,REVIEW (MEDIUM-RISK),NO,NO
D:\HiddenYatra\static\css\components.css,components.css,.css,54866,D. CSS,Client-side styling stylesheet,PERFORMANCE_REPORT.md; docs/DeveloperGuide.md; scratch/generate_all_structure_audit_reports.py,None,REVIEW (MEDIUM-RISK),NO,NO
D:\HiddenYatra\static\css\components.min.css,components.min.css,.css,41339,D. CSS,Client-side styling stylesheet,UIUX_FIX_REPORT.md; static/sw.js; static/sw.min.js; templates/base.html,None,REVIEW (MEDIUM-RISK),NO,NO
D:\HiddenYatra\static\css\explore-map.css,explore-map.css,.css,34408,D. CSS,Client-side styling stylesheet,PERFORMANCE_REPORT.md; UIUX_FIX_REPORT.md; scratch/generate_all_structure_audit_reports.py; scratch/test_map_regression.py; scratch/verify_ux_integration.py,None,REVIEW (MEDIUM-RISK),NO,NO
D:\HiddenYatra\static\css\explore-map.min.css,explore-map.min.css,.css,13862,D. CSS,Client-side styling stylesheet,UIUX_FIX_REPORT.md,None,REVIEW (MEDIUM-RISK),NO,NO
D:\HiddenYatra\static\css\main.css,main.css,.css,57223,D. CSS,Client-side styling stylesheet,FINAL_PRE_SUBMISSION_AUDIT.md; PERFORMANCE_REPORT.md; UIUX_AUDIT_REPORT.md; UIUX_FIX_REPORT.md; docs/DeveloperGuide.md,None,REVIEW (MEDIUM-RISK),NO,NO
D:\HiddenYatra\static\css\main.min.css,main.min.css,.css,44822,D. CSS,Client-side styling stylesheet,FINAL_PRE_SUBMISSION_AUDIT.md; UIUX_AUDIT_REPORT.md; UIUX_FIX_REPORT.md; static/sw.js; static/sw.min.js,None,REVIEW (MEDIUM-RISK),NO,NO
D:\HiddenYatra\static\css\smart-nearby.css,smart-nearby.css,.css,9987,D. CSS,Client-side styling stylesheet,FIXES.md; PERFORMANCE_REPORT.md; scratch/generate_all_structure_audit_reports.py; templates/partials/smart_nearby_discovery.html; tests/test_smart_nearby.py,None,REVIEW (MEDIUM-RISK),NO,NO
D:\HiddenYatra\static\css\smart-nearby.min.css,smart-nearby.min.css,.css,7150,D. CSS,Client-side styling stylesheet,No direct code references found,None,REVIEW (MEDIUM-RISK),NO,NO
D:\HiddenYatra\static\css\map\controls.css,controls.css,.css,6039,D. CSS,Client-side styling stylesheet,templates/explore_map.html; tests/test_hymap_system.py,None,REVIEW (MEDIUM-RISK),NO,NO
D:\HiddenYatra\static\css\map\layer-manager.css,layer-manager.css,.css,12784,D. CSS,Client-side styling stylesheet,scratch/test_map_regression.py; templates/explore_map.html; tests/test_hymap_system.py,None,REVIEW (MEDIUM-RISK),NO,NO
D:\HiddenYatra\static\css\map\mode-dock.css,mode-dock.css,.css,4558,D. CSS,Client-side styling stylesheet,templates/explore_map.html; tests/test_hymap_system.py,None,REVIEW (MEDIUM-RISK),NO,NO
D:\HiddenYatra\static\data\bihar\blocks.geojson,blocks.geojson,.geojson,2511404,F. MAP / GIS,"GIS mapping engine, spatial layers, or terrain mesh",scratch/build_blocks_geojson.py; scratch/generate_all_structure_audit_reports.py; scratch/production_smoke_test.py; scratch/verify_g3_google_layers.py; scratch/verify_phase2d_blocks.py,None,REVIEW (HIGH-RISK),NO,NO
D:\HiddenYatra\static\data\bihar\districts.geojson,districts.geojson,.geojson,26435,F. MAP / GIS,"GIS mapping engine, spatial layers, or terrain mesh",MAP_FIX_CHANGELOG.md; scratch/audit_phase2c_sources.py; scratch/extract_osm_bihar_forests_waterfalls.py; scratch/extract_phase2c_data.py; scratch/generate_all_structure_audit_reports.py,None,REVIEW (HIGH-RISK),NO,NO
D:\HiddenYatra\static\data\bihar\forests.geojson,forests.geojson,.geojson,90641,F. MAP / GIS,"GIS mapping engine, spatial layers, or terrain mesh",scratch/extract_osm_bihar_forests_waterfalls.py; scratch/extract_phase2c_data.py; scratch/generate_all_structure_audit_reports.py; scratch/production_smoke_test.py; scratch/verify_g3_google_layers.py,None,REVIEW (HIGH-RISK),NO,NO
D:\HiddenYatra\static\data\bihar\homestays.geojson,homestays.geojson,.geojson,8653,F. MAP / GIS,"GIS mapping engine, spatial layers, or terrain mesh",scratch/build_phase2e_geojson.py; scratch/production_smoke_test.py; scratch/verify_g2_google_markers.py; scratch/verify_phase2e_hotels_homestays.py; scratch/verify_production_deployment.py,None,REVIEW (HIGH-RISK),NO,NO
D:\HiddenYatra\static\data\bihar\hotels.geojson,hotels.geojson,.geojson,6551,F. MAP / GIS,"GIS mapping engine, spatial layers, or terrain mesh",scratch/build_phase2e_geojson.py; scratch/production_smoke_test.py; scratch/verify_g2_google_markers.py; scratch/verify_phase2e_hotels_homestays.py; scratch/verify_production_deployment.py,None,REVIEW (HIGH-RISK),NO,NO
D:\HiddenYatra\static\data\bihar\lakes_dams.geojson,lakes_dams.geojson,.geojson,119643,F. MAP / GIS,"GIS mapping engine, spatial layers, or terrain mesh",scratch/extract_osm_bihar_water.py; scratch/generate_all_structure_audit_reports.py; scratch/generate_bihar_water_geojson.py; scratch/production_smoke_test.py; scratch/refine_osm_bihar_water.py,None,REVIEW (HIGH-RISK),NO,NO
D:\HiddenYatra\static\data\bihar\rivers.geojson,rivers.geojson,.geojson,674538,F. MAP / GIS,"GIS mapping engine, spatial layers, or terrain mesh",scratch/extract_osm_bihar_water.py; scratch/generate_all_structure_audit_reports.py; scratch/generate_bihar_water_geojson.py; scratch/production_smoke_test.py; scratch/refine_osm_bihar_water.py,None,REVIEW (HIGH-RISK),NO,NO
D:\HiddenYatra\static\data\bihar\state_boundary.geojson,state_boundary.geojson,.geojson,1071002,F. MAP / GIS,"GIS mapping engine, spatial layers, or terrain mesh",FINAL_PRE_SUBMISSION_AUDIT.md; MAP_FIX_CHANGELOG.md; MAP_FIX_TEST_REPORT.md; static/js/map/map-google-layers.js; static/js/map/map-layers.js,None,REVIEW (HIGH-RISK),NO,NO
D:\HiddenYatra\static\data\bihar\waterfalls.geojson,waterfalls.geojson,.geojson,2168,F. MAP / GIS,"GIS mapping engine, spatial layers, or terrain mesh",scratch/extract_osm_bihar_forests_waterfalls.py; scratch/extract_phase2c_data.py; scratch/verify_g2_google_markers.py; scratch/verify_phase2c_forests_waterfalls.py; static/js/map/map-layers.js,None,REVIEW (HIGH-RISK),NO,NO
D:\HiddenYatra\static\data\terrain\bihar\manifest.json,manifest.json,.json,11355,F. MAP / GIS,"GIS mapping engine, spatial layers, or terrain mesh",FINAL_ENGINEERING_REPORT.md; docs/SYSTEM_AUDIT_REPORT.md; scratch/final_route_test.py; scratch/generate_all_structure_audit_reports.py; scratch/production_smoke_test.py,None,REVIEW (HIGH-RISK),NO,NO
D:\HiddenYatra\static\data\terrain\bihar\z10\749\439.hyelev,439.hyelev,.hyelev,8490,F. MAP / GIS,"GIS mapping engine, spatial layers, or terrain mesh",scratch/production_smoke_test.py; scratch/verify_production_deployment.py; static/data/terrain/bihar/manifest.json,None,REVIEW (HIGH-RISK),NO,NO
D:\HiddenYatra\static\data\terrain\bihar\z10\750\439.hyelev,439.hyelev,.hyelev,8490,F. MAP / GIS,"GIS mapping engine, spatial layers, or terrain mesh",scratch/production_smoke_test.py; scratch/verify_production_deployment.py; static/data/terrain/bihar/manifest.json,None,REVIEW (HIGH-RISK),NO,NO
D:\HiddenYatra\static\data\terrain\bihar\z10\753\439.hyelev,439.hyelev,.hyelev,8490,F. MAP / GIS,"GIS mapping engine, spatial layers, or terrain mesh",scratch/production_smoke_test.py; scratch/verify_production_deployment.py; static/data/terrain/bihar/manifest.json,None,REVIEW (HIGH-RISK),NO,NO
D:\HiddenYatra\static\data\terrain\bihar\z10\754\438.hyelev,438.hyelev,.hyelev,8490,F. MAP / GIS,"GIS mapping engine, spatial layers, or terrain mesh",static/data/terrain/bihar/manifest.json,None,REVIEW (HIGH-RISK),NO,NO
D:\HiddenYatra\static\data\terrain\bihar\z10\755\438.hyelev,438.hyelev,.hyelev,8490,F. MAP / GIS,"GIS mapping engine, spatial layers, or terrain mesh",static/data/terrain/bihar/manifest.json,None,REVIEW (HIGH-RISK),NO,NO
D:\HiddenYatra\static\data\terrain\bihar\z10\757\439.hyelev,439.hyelev,.hyelev,8490,F. MAP / GIS,"GIS mapping engine, spatial layers, or terrain mesh",scratch/production_smoke_test.py; scratch/verify_production_deployment.py; static/data/terrain/bihar/manifest.json,None,REVIEW (HIGH-RISK),NO,NO
D:\HiddenYatra\static\data\terrain\bihar\z10\758\439.hyelev,439.hyelev,.hyelev,8490,F. MAP / GIS,"GIS mapping engine, spatial layers, or terrain mesh",scratch/production_smoke_test.py; scratch/verify_production_deployment.py; static/data/terrain/bihar/manifest.json,None,REVIEW (HIGH-RISK),NO,NO
D:\HiddenYatra\static\data\terrain\bihar\z10\759\439.hyelev,439.hyelev,.hyelev,8490,F. MAP / GIS,"GIS mapping engine, spatial layers, or terrain mesh",scratch/production_smoke_test.py; scratch/verify_production_deployment.py; static/data/terrain/bihar/manifest.json,None,REVIEW (HIGH-RISK),NO,NO
D:\HiddenYatra\static\data\terrain\bihar\z11\1499\878.hyelev,878.hyelev,.hyelev,8490,F. MAP / GIS,"GIS mapping engine, spatial layers, or terrain mesh",scratch/production_smoke_test.py; scratch/verify_production_deployment.py; scripts/inspect_terrain_tile.py; static/data/terrain/bihar/manifest.json,None,REVIEW (HIGH-RISK),NO,NO
D:\HiddenYatra\static\data\terrain\bihar\z11\1499\879.hyelev,879.hyelev,.hyelev,8490,F. MAP / GIS,"GIS mapping engine, spatial layers, or terrain mesh",static/data/terrain/bihar/manifest.json,None,REVIEW (HIGH-RISK),NO,NO
D:\HiddenYatra\static\data\terrain\bihar\z11\1500\878.hyelev,878.hyelev,.hyelev,8490,F. MAP / GIS,"GIS mapping engine, spatial layers, or terrain mesh",scratch/production_smoke_test.py; scratch/verify_production_deployment.py; scripts/inspect_terrain_tile.py; static/data/terrain/bihar/manifest.json,None,REVIEW (HIGH-RISK),NO,NO
D:\HiddenYatra\static\data\terrain\bihar\z11\1500\879.hyelev,879.hyelev,.hyelev,8490,F. MAP / GIS,"GIS mapping engine, spatial layers, or terrain mesh",static/data/terrain/bihar/manifest.json,None,REVIEW (HIGH-RISK),NO,NO
D:\HiddenYatra\static\data\terrain\bihar\z11\1507\878.hyelev,878.hyelev,.hyelev,8490,F. MAP / GIS,"GIS mapping engine, spatial layers, or terrain mesh",scratch/production_smoke_test.py; scratch/verify_production_deployment.py; scripts/inspect_terrain_tile.py; static/data/terrain/bihar/manifest.json,None,REVIEW (HIGH-RISK),NO,NO
D:\HiddenYatra\static\data\terrain\bihar\z11\1507\879.hyelev,879.hyelev,.hyelev,8490,F. MAP / GIS,"GIS mapping engine, spatial layers, or terrain mesh",static/data/terrain/bihar/manifest.json,None,REVIEW (HIGH-RISK),NO,NO
D:\HiddenYatra\static\data\terrain\bihar\z11\1509\876.hyelev,876.hyelev,.hyelev,8490,F. MAP / GIS,"GIS mapping engine, spatial layers, or terrain mesh",static/data/terrain/bihar/manifest.json,None,REVIEW (HIGH-RISK),NO,NO
D:\HiddenYatra\static\data\terrain\bihar\z11\1509\877.hyelev,877.hyelev,.hyelev,8490,F. MAP / GIS,"GIS mapping engine, spatial layers, or terrain mesh",static/data/terrain/bihar/manifest.json,None,REVIEW (HIGH-RISK),NO,NO
D:\HiddenYatra\static\data\terrain\bihar\z11\1510\876.hyelev,876.hyelev,.hyelev,8490,F. MAP / GIS,"GIS mapping engine, spatial layers, or terrain mesh",static/data/terrain/bihar/manifest.json,None,REVIEW (HIGH-RISK),NO,NO
D:\HiddenYatra\static\data\terrain\bihar\z11\1510\877.hyelev,877.hyelev,.hyelev,8490,F. MAP / GIS,"GIS mapping engine, spatial layers, or terrain mesh",static/data/terrain/bihar/manifest.json,None,REVIEW (HIGH-RISK),NO,NO
D:\HiddenYatra\static\data\terrain\bihar\z11\1515\878.hyelev,878.hyelev,.hyelev,8490,F. MAP / GIS,"GIS mapping engine, spatial layers, or terrain mesh",scratch/production_smoke_test.py; scratch/verify_production_deployment.py; scripts/inspect_terrain_tile.py; static/data/terrain/bihar/manifest.json,None,REVIEW (HIGH-RISK),NO,NO
D:\HiddenYatra\static\data\terrain\bihar\z11\1515\879.hyelev,879.hyelev,.hyelev,8490,F. MAP / GIS,"GIS mapping engine, spatial layers, or terrain mesh",static/data/terrain/bihar/manifest.json,None,REVIEW (HIGH-RISK),NO,NO
D:\HiddenYatra\static\data\terrain\bihar\z11\1516\878.hyelev,878.hyelev,.hyelev,8490,F. MAP / GIS,"GIS mapping engine, spatial layers, or terrain mesh",scratch/production_smoke_test.py; scratch/verify_production_deployment.py; scripts/inspect_terrain_tile.py; static/data/terrain/bihar/manifest.json,None,REVIEW (HIGH-RISK),NO,NO
D:\HiddenYatra\static\data\terrain\bihar\z11\1516\879.hyelev,879.hyelev,.hyelev,8490,F. MAP / GIS,"GIS mapping engine, spatial layers, or terrain mesh",static/data/terrain/bihar/manifest.json,None,REVIEW (HIGH-RISK),NO,NO
D:\HiddenYatra\static\data\terrain\bihar\z11\1518\878.hyelev,878.hyelev,.hyelev,8490,F. MAP / GIS,"GIS mapping engine, spatial layers, or terrain mesh",scratch/production_smoke_test.py; scratch/verify_production_deployment.py; scripts/inspect_terrain_tile.py; static/data/terrain/bihar/manifest.json,None,REVIEW (HIGH-RISK),NO,NO
D:\HiddenYatra\static\data\terrain\bihar\z11\1519\878.hyelev,878.hyelev,.hyelev,8490,F. MAP / GIS,"GIS mapping engine, spatial layers, or terrain mesh",scratch/production_smoke_test.py; scratch/verify_production_deployment.py; scripts/inspect_terrain_tile.py; static/data/terrain/bihar/manifest.json,None,REVIEW (HIGH-RISK),NO,NO
D:\HiddenYatra\static\data\terrain\bihar\z9\377\219.hyelev,219.hyelev,.hyelev,8490,F. MAP / GIS,"GIS mapping engine, spatial layers, or terrain mesh",scratch/production_smoke_test.py; scratch/validate_full_demo_flow.py; scratch/verify_production_deployment.py; static/data/terrain/bihar/manifest.json,None,REVIEW (HIGH-RISK),NO,NO
D:\HiddenYatra\static\hero\.gitkeep,.gitkeep,,0,G. IMAGES / MEDIA,"Visual media, icon, screenshot, or banner asset",.gitignore; models/connection.py; scripts/seed/restore_original_local_images.py,None,REVIEW,NO,NO
D:\HiddenYatra\static\hero\hero_001faa9431.webp,hero_001faa9431.webp,.webp,340128,G. IMAGES / MEDIA,"Visual media, icon, screenshot, or banner asset",No direct code references found,None,REVIEW,NO,NO
D:\HiddenYatra\static\hero\hero_1.png,hero_1.png,.png,943930,G. IMAGES / MEDIA,"Visual media, icon, screenshot, or banner asset",scripts/seed/seed_demo_content.py,None,REVIEW,NO,NO
D:\HiddenYatra\static\hero\hero_1377c366f5.jpg,hero_1377c366f5.jpg,.jpg,167086,G. IMAGES / MEDIA,"Visual media, icon, screenshot, or banner asset",No direct code references found,None,REVIEW,NO,NO
D:\HiddenYatra\static\hero\hero_1571bda737.jpg,hero_1571bda737.jpg,.jpg,149872,G. IMAGES / MEDIA,"Visual media, icon, screenshot, or banner asset",No direct code references found,None,REVIEW,NO,NO
D:\HiddenYatra\static\hero\hero_2.png,hero_2.png,.png,923457,G. IMAGES / MEDIA,"Visual media, icon, screenshot, or banner asset",scripts/seed/seed_demo_content.py,None,REVIEW,NO,NO
D:\HiddenYatra\static\hero\hero_28398fb680.jpg,hero_28398fb680.jpg,.jpg,312717,G. IMAGES / MEDIA,"Visual media, icon, screenshot, or banner asset",No direct code references found,None,REVIEW,NO,NO
D:\HiddenYatra\static\hero\hero_3.png,hero_3.png,.png,935652,G. IMAGES / MEDIA,"Visual media, icon, screenshot, or banner asset",scripts/seed/seed_demo_content.py,None,REVIEW,NO,NO
D:\HiddenYatra\static\hero\hero_4.png,hero_4.png,.png,870255,G. IMAGES / MEDIA,"Visual media, icon, screenshot, or banner asset",scripts/seed/seed_demo_content.py,None,REVIEW,NO,NO
D:\HiddenYatra\static\hero\hero_42552851b5.jpg,hero_42552851b5.jpg,.jpg,240433,G. IMAGES / MEDIA,"Visual media, icon, screenshot, or banner asset",No direct code references found,None,REVIEW,NO,NO
D:\HiddenYatra\static\hero\hero_5.png,hero_5.png,.png,1021133,G. IMAGES / MEDIA,"Visual media, icon, screenshot, or banner asset",scripts/seed/seed_demo_content.py,None,REVIEW,NO,NO
D:\HiddenYatra\static\hero\hero_52afd40e26.jpg,hero_52afd40e26.jpg,.jpg,149872,G. IMAGES / MEDIA,"Visual media, icon, screenshot, or banner asset",No direct code references found,None,REVIEW,NO,NO
D:\HiddenYatra\static\hero\hero_54abb56a95.jpg,hero_54abb56a95.jpg,.jpg,546139,G. IMAGES / MEDIA,"Visual media, icon, screenshot, or banner asset",No direct code references found,None,REVIEW,NO,NO
D:\HiddenYatra\static\hero\hero_5c40bc5e69.jpg,hero_5c40bc5e69.jpg,.jpg,167086,G. IMAGES / MEDIA,"Visual media, icon, screenshot, or banner asset",No direct code references found,None,REVIEW,NO,NO
D:\HiddenYatra\static\hero\hero_5cb44a5833.jpg,hero_5cb44a5833.jpg,.jpg,149872,G. IMAGES / MEDIA,"Visual media, icon, screenshot, or banner asset",scratch/backup_feature_homestay_booking.sql; scratch/backup_hiddenyatra_20260814_1934.sql; scratch/hiddenyatra_prod_backup.sql,None,REVIEW,NO,NO
D:\HiddenYatra\static\hero\hero_6dd0bb4134.jpg,hero_6dd0bb4134.jpg,.jpg,312717,G. IMAGES / MEDIA,"Visual media, icon, screenshot, or banner asset",scratch/backup_feature_homestay_booking.sql; scratch/backup_hiddenyatra_20260814_1934.sql; scratch/hiddenyatra_prod_backup.sql,None,REVIEW,NO,NO
D:\HiddenYatra\static\hero\hero_7b62983ae1.webp,hero_7b62983ae1.webp,.webp,385280,G. IMAGES / MEDIA,"Visual media, icon, screenshot, or banner asset",No direct code references found,None,REVIEW,NO,NO
D:\HiddenYatra\static\hero\hero_87c4b4c6ce.jpg,hero_87c4b4c6ce.jpg,.jpg,312717,G. IMAGES / MEDIA,"Visual media, icon, screenshot, or banner asset",No direct code references found,None,REVIEW,NO,NO
D:\HiddenYatra\static\hero\hero_8cbf422c31.webp,hero_8cbf422c31.webp,.webp,602792,G. IMAGES / MEDIA,"Visual media, icon, screenshot, or banner asset",No direct code references found,None,REVIEW,NO,NO
D:\HiddenYatra\static\hero\hero_a03ba199ff.jpg,hero_a03ba199ff.jpg,.jpg,425633,G. IMAGES / MEDIA,"Visual media, icon, screenshot, or banner asset",No direct code references found,None,REVIEW,NO,NO
D:\HiddenYatra\static\hero\hero_a5b5a161ef.jpg,hero_a5b5a161ef.jpg,.jpg,240433,G. IMAGES / MEDIA,"Visual media, icon, screenshot, or banner asset",No direct code references found,None,REVIEW,NO,NO
D:\HiddenYatra\static\hero\hero_abbfe7d102.webp,hero_abbfe7d102.webp,.webp,602792,G. IMAGES / MEDIA,"Visual media, icon, screenshot, or banner asset",No direct code references found,None,REVIEW,NO,NO
D:\HiddenYatra\static\hero\hero_add9dfae58.jpg,hero_add9dfae58.jpg,.jpg,149872,G. IMAGES / MEDIA,"Visual media, icon, screenshot, or banner asset",No direct code references found,None,REVIEW,NO,NO
D:\HiddenYatra\static\hero\hero_b19ec230d5.jpg,hero_b19ec230d5.jpg,.jpg,646505,G. IMAGES / MEDIA,"Visual media, icon, screenshot, or banner asset",No direct code references found,None,REVIEW,NO,NO
D:\HiddenYatra\static\hero\hero_b90ee99609.webp,hero_b90ee99609.webp,.webp,602792,G. IMAGES / MEDIA,"Visual media, icon, screenshot, or banner asset",scratch/backup_feature_homestay_booking.sql; scratch/backup_hiddenyatra_20260814_1934.sql; scratch/hiddenyatra_prod_backup.sql,None,REVIEW,NO,NO
D:\HiddenYatra\static\hero\hero_bc7101af49.jpg,hero_bc7101af49.jpg,.jpg,312717,G. IMAGES / MEDIA,"Visual media, icon, screenshot, or banner asset",No direct code references found,None,REVIEW,NO,NO
D:\HiddenYatra\static\hero\hero_cc6821a4e3.webp,hero_cc6821a4e3.webp,.webp,602792,G. IMAGES / MEDIA,"Visual media, icon, screenshot, or banner asset",No direct code references found,None,REVIEW,NO,NO
D:\HiddenYatra\static\hero\hero_cdfb65cd91.jpg,hero_cdfb65cd91.jpg,.jpg,182471,G. IMAGES / MEDIA,"Visual media, icon, screenshot, or banner asset",No direct code references found,None,REVIEW,NO,NO
D:\HiddenYatra\static\hero\hero_d5f1fdb99d.jpg,hero_d5f1fdb99d.jpg,.jpg,167086,G. IMAGES / MEDIA,"Visual media, icon, screenshot, or banner asset",No direct code references found,None,REVIEW,NO,NO
D:\HiddenYatra\static\hero\hero_f5efb98bb5.jpg,hero_f5efb98bb5.jpg,.jpg,240433,G. IMAGES / MEDIA,"Visual media, icon, screenshot, or banner asset",scratch/backup_feature_homestay_booking.sql; scratch/backup_hiddenyatra_20260814_1934.sql; scratch/hiddenyatra_prod_backup.sql,None,REVIEW,NO,NO
D:\HiddenYatra\static\hero\hero_fca49a3ade.webp,hero_fca49a3ade.webp,.webp,602792,G. IMAGES / MEDIA,"Visual media, icon, screenshot, or banner asset",No direct code references found,None,REVIEW,NO,NO
D:\HiddenYatra\static\js\admin.js,admin.js,.js,2874,E. JAVASCRIPT,Client-side JavaScript logic/bundle,PERFORMANCE_REPORT.md; scratch/generate_all_structure_audit_reports.py; templates/admin/add_place.html,None,REVIEW (MEDIUM-RISK),NO,NO
D:\HiddenYatra\static\js\admin.min.js,admin.min.js,.js,1854,E. JAVASCRIPT,Client-side JavaScript logic/bundle,No direct code references found,None,REVIEW (MEDIUM-RISK),NO,NO
D:\HiddenYatra\static\js\app.js,app.js,.js,8665,E. JAVASCRIPT,Client-side JavaScript logic/bundle,app.py; FIXES.md; PERFORMANCE_REPORT.md; UIUX_FIX_REPORT.md; docs/DeveloperGuide.md,None,REVIEW (MEDIUM-RISK),NO,NO
D:\HiddenYatra\static\js\app.min.js,app.min.js,.js,7709,E. JAVASCRIPT,Client-side JavaScript logic/bundle,UIUX_AUDIT_REPORT.md; static/sw.js; static/sw.min.js; templates/base.html,None,REVIEW (MEDIUM-RISK),NO,NO
D:\HiddenYatra\static\js\gallery.js,gallery.js,.js,2838,E. JAVASCRIPT,Client-side JavaScript logic/bundle,PERFORMANCE_REPORT.md; docs/DeveloperGuide.md; scratch/generate_all_structure_audit_reports.py; templates/place.html,None,REVIEW (MEDIUM-RISK),NO,NO
D:\HiddenYatra\static\js\gallery.min.js,gallery.min.js,.js,2130,E. JAVASCRIPT,Client-side JavaScript logic/bundle,No direct code references found,None,REVIEW (MEDIUM-RISK),NO,NO
D:\HiddenYatra\static\js\map.js,map.js,.js,30662,F. MAP / GIS,"GIS mapping engine, spatial layers, or terrain mesh",MAP_FIX_CHANGELOG.md; MAP_FIX_TEST_REPORT.md; PERFORMANCE_REPORT.md; docs/DeveloperGuide.md; scratch/comprehensive_structure_auditor.py,None,REVIEW (MEDIUM-RISK),NO,NO
D:\HiddenYatra\static\js\map.min.js,map.min.js,.js,12276,F. MAP / GIS,"GIS mapping engine, spatial layers, or terrain mesh",scratch/comprehensive_structure_auditor.py; scratch/generate_all_structure_audit_reports.py,None,REVIEW (MEDIUM-RISK),NO,NO
D:\HiddenYatra\static\js\particles.js,particles.js,.js,1439,E. JAVASCRIPT,Client-side JavaScript logic/bundle,PERFORMANCE_REPORT.md,None,REVIEW (MEDIUM-RISK),NO,NO
D:\HiddenYatra\static\js\particles.min.js,particles.min.js,.js,1209,E. JAVASCRIPT,Client-side JavaScript logic/bundle,No direct code references found,None,REVIEW (MEDIUM-RISK),NO,NO
D:\HiddenYatra\static\js\search.js,search.js,.js,23414,E. JAVASCRIPT,Client-side JavaScript logic/bundle,scratch/final_sih_demo_flow_check.py; scratch/generate_all_structure_audit_reports.py; scratch/verify_ux_integration.py; static/js/app.js; templates/base.html,None,REVIEW (MEDIUM-RISK),NO,NO
D:\HiddenYatra\static\js\smart-nearby.js,smart-nearby.js,.js,23662,E. JAVASCRIPT,Client-side JavaScript logic/bundle,FIXES.md; MAP_FIX_CHANGELOG.md; MAP_FIX_TEST_REPORT.md; PERFORMANCE_REPORT.md; scratch/generate_all_structure_audit_reports.py,None,REVIEW (MEDIUM-RISK),NO,NO
D:\HiddenYatra\static\js\smart-nearby.min.js,smart-nearby.min.js,.js,13522,E. JAVASCRIPT,Client-side JavaScript logic/bundle,FIXES.md; tests/test_smart_nearby.py,None,REVIEW (MEDIUM-RISK),NO,NO
D:\HiddenYatra\static\js\map\map-controls.js,map-controls.js,.js,26424,F. MAP / GIS,"GIS mapping engine, spatial layers, or terrain mesh",MAP_FIX_CHANGELOG.md; MAP_FIX_TEST_REPORT.md; templates/explore_map.html; tests/test_hymap_system.py,None,REVIEW (MEDIUM-RISK),NO,NO
D:\HiddenYatra\static\js\map\map-core.js,map-core.js,.js,17104,F. MAP / GIS,"GIS mapping engine, spatial layers, or terrain mesh",scratch/generate_all_structure_audit_reports.py; scratch/verify_g2_google_markers.py; static/js/map/map-google.js; templates/explore_map.html; tests/test_hymap_system.py,None,REVIEW (MEDIUM-RISK),NO,NO
D:\HiddenYatra\static\js\map\map-google-layers.js,map-google-layers.js,.js,30395,F. MAP / GIS,"GIS mapping engine, spatial layers, or terrain mesh",MAP_FIX_CHANGELOG.md; MAP_FIX_TEST_REPORT.md; scratch/production_smoke_test.py; scratch/test_map_regression.py; scratch/verify_g3_google_layers.py,None,REVIEW (MEDIUM-RISK),NO,NO
D:\HiddenYatra\static\js\map\map-google-terrain-loader.js,map-google-terrain-loader.js,.js,18568,F. MAP / GIS,"GIS mapping engine, spatial layers, or terrain mesh",scratch/generate_all_structure_audit_reports.py; scratch/production_smoke_test.py; scratch/verify_g4b_terrain_chunks.py; scratch/verify_g4b_terrain_hardening.py; scratch/verify_production_deployment.py,None,REVIEW (MEDIUM-RISK),NO,NO
D:\HiddenYatra\static\js\map\map-google-terrain-mesh.js,map-google-terrain-mesh.js,.js,20554,F. MAP / GIS,"GIS mapping engine, spatial layers, or terrain mesh",scratch/production_smoke_test.py; scratch/verify_g4b_terrain_chunks.py; scratch/verify_g4b_terrain_hardening.py; scratch/verify_g4_terrain.py; scratch/verify_production_deployment.py,None,REVIEW (MEDIUM-RISK),NO,NO
D:\HiddenYatra\static\js\map\map-google-terrain-worker.js,map-google-terrain-worker.js,.js,7142,F. MAP / GIS,"GIS mapping engine, spatial layers, or terrain mesh",scratch/generate_all_structure_audit_reports.py; scratch/production_smoke_test.py; scratch/validate_full_demo_flow.py; scratch/verify_g4b_terrain_chunks.py; scratch/verify_g4b_terrain_hardening.py,None,REVIEW (MEDIUM-RISK),NO,NO
D:\HiddenYatra\static\js\map\map-google-terrain.js,map-google-terrain.js,.js,21304,F. MAP / GIS,"GIS mapping engine, spatial layers, or terrain mesh",scratch/comprehensive_structure_auditor.py; scratch/generate_all_structure_audit_reports.py; scratch/production_smoke_test.py; scratch/verify_g4b_terrain_chunks.py; scratch/verify_g4b_terrain_hardening.py,None,REVIEW (MEDIUM-RISK),NO,NO
D:\HiddenYatra\static\js\map\map-google.js,map-google.js,.js,31760,F. MAP / GIS,"GIS mapping engine, spatial layers, or terrain mesh",MAP_FIX_CHANGELOG.md; MAP_FIX_TEST_REPORT.md; scratch/production_smoke_test.py; scratch/verify_g2_google_markers.py; scratch/verify_g3_google_layers.py,None,REVIEW (MEDIUM-RISK),NO,NO
D:\HiddenYatra\static\js\map\map-layers.js,map-layers.js,.js,40897,F. MAP / GIS,"GIS mapping engine, spatial layers, or terrain mesh",MAP_FIX_CHANGELOG.md; MAP_FIX_TEST_REPORT.md; scratch/comprehensive_structure_auditor.py; scratch/generate_all_structure_audit_reports.py; scratch/test_map_regression.py,None,REVIEW (MEDIUM-RISK),NO,NO
D:\HiddenYatra\static\js\map\map-leaflet.js,map-leaflet.js,.js,25641,F. MAP / GIS,"GIS mapping engine, spatial layers, or terrain mesh",scratch/verify_g2_google_markers.py; scratch/verify_g3_google_layers.py; scratch/verify_g4b_terrain_chunks.py; scratch/verify_g4b_terrain_hardening.py; scratch/verify_g4_terrain.py,None,REVIEW (MEDIUM-RISK),NO,NO
D:\HiddenYatra\static\js\map\map-maplibre.js,map-maplibre.js,.js,21116,F. MAP / GIS,"GIS mapping engine, spatial layers, or terrain mesh",scratch/verify_g2_google_markers.py; scratch/verify_g3_google_layers.py; scratch/verify_g4_terrain.py; templates/explore_map.html; tests/test_hymap_system.py,None,REVIEW (MEDIUM-RISK),NO,NO
D:\HiddenYatra\static\js\map\map-markers.js,map-markers.js,.js,37479,F. MAP / GIS,"GIS mapping engine, spatial layers, or terrain mesh",scratch/verify_g2_google_markers.py; scratch/verify_g3_google_layers.py; scratch/verify_g4b_terrain_hardening.py; scratch/verify_g4_terrain.py; templates/explore_map.html,None,REVIEW (MEDIUM-RISK),NO,NO
D:\HiddenYatra\static\js\map\map-modes.js,map-modes.js,.js,12409,F. MAP / GIS,"GIS mapping engine, spatial layers, or terrain mesh",scratch/generate_all_structure_audit_reports.py; scratch/verify_g4_terrain.py; templates/explore_map.html; tests/test_hymap_system.py; tests/test_hymap_terrain.py,None,REVIEW (MEDIUM-RISK),NO,NO
D:\HiddenYatra\static\js\map\map-state.js,map-state.js,.js,12284,F. MAP / GIS,"GIS mapping engine, spatial layers, or terrain mesh",templates/explore_map.html; tests/test_hymap_system.py,None,REVIEW (MEDIUM-RISK),NO,NO
D:\HiddenYatra\static\js\map\map-transition.js,map-transition.js,.js,10668,F. MAP / GIS,"GIS mapping engine, spatial layers, or terrain mesh",templates/explore_map.html; tests/test_hymap_system.py,None,REVIEW (MEDIUM-RISK),NO,NO
D:\HiddenYatra\static\uploads\auth\.gitkeep,.gitkeep,,0,G. IMAGES / MEDIA,"Visual media, icon, screenshot, or banner asset",.gitignore; models/connection.py; scripts/seed/restore_original_local_images.py,None,REVIEW,NO,NO
D:\HiddenYatra\static\uploads\auth\auth_1b11d3e55f.webp,auth_1b11d3e55f.webp,.webp,602792,G. IMAGES / MEDIA,"Visual media, icon, screenshot, or banner asset",No direct code references found,None,REVIEW,NO,NO
D:\HiddenYatra\static\uploads\auth\auth_1f712f337f.webp,auth_1f712f337f.webp,.webp,602792,G. IMAGES / MEDIA,"Visual media, icon, screenshot, or banner asset",scratch/backup_feature_homestay_booking.sql; scratch/backup_hiddenyatra_20260814_1934.sql; scratch/hiddenyatra_prod_backup.sql,None,REVIEW,NO,NO
D:\HiddenYatra\static\uploads\auth\auth_2d1d885e2a.jpg,auth_2d1d885e2a.jpg,.jpg,312717,G. IMAGES / MEDIA,"Visual media, icon, screenshot, or banner asset",No direct code references found,None,REVIEW,NO,NO
D:\HiddenYatra\static\uploads\auth\auth_c7a1ad19ad.webp,auth_c7a1ad19ad.webp,.webp,92792,G. IMAGES / MEDIA,"Visual media, icon, screenshot, or banner asset",scratch/backup_feature_homestay_booking.sql; scratch/backup_hiddenyatra_20260814_1934.sql; scratch/hiddenyatra_prod_backup.sql,None,REVIEW,NO,NO
D:\HiddenYatra\static\uploads\districts\district_10_819d3b67.png,district_10_819d3b67.png,.png,661155,G. IMAGES / MEDIA,"Visual media, icon, screenshot, or banner asset",No direct code references found,None,REVIEW,NO,NO
D:\HiddenYatra\static\uploads\districts\district_11_5d930437.png,district_11_5d930437.png,.png,797763,G. IMAGES / MEDIA,"Visual media, icon, screenshot, or banner asset",No direct code references found,None,REVIEW,NO,NO
D:\HiddenYatra\static\uploads\districts\district_12_b5a9bd01.png,district_12_b5a9bd01.png,.png,670364,G. IMAGES / MEDIA,"Visual media, icon, screenshot, or banner asset",No direct code references found,None,REVIEW,NO,NO
D:\HiddenYatra\static\uploads\districts\district_13_e98349e2.png,district_13_e98349e2.png,.png,794748,G. IMAGES / MEDIA,"Visual media, icon, screenshot, or banner asset",No direct code references found,None,REVIEW,NO,NO
D:\HiddenYatra\static\uploads\districts\district_14_3160a920.png,district_14_3160a920.png,.png,799994,G. IMAGES / MEDIA,"Visual media, icon, screenshot, or banner asset",No direct code references found,None,REVIEW,NO,NO
D:\HiddenYatra\static\uploads\districts\district_15_ddc14ac9.png,district_15_ddc14ac9.png,.png,796174,G. IMAGES / MEDIA,"Visual media, icon, screenshot, or banner asset",No direct code references found,None,REVIEW,NO,NO
D:\HiddenYatra\static\uploads\districts\district_16_e6113fec.png,district_16_e6113fec.png,.png,744189,G. IMAGES / MEDIA,"Visual media, icon, screenshot, or banner asset",No direct code references found,None,REVIEW,NO,NO
D:\HiddenYatra\static\uploads\districts\district_17_2a0bb229.png,district_17_2a0bb229.png,.png,794863,G. IMAGES / MEDIA,"Visual media, icon, screenshot, or banner asset",No direct code references found,None,REVIEW,NO,NO
D:\HiddenYatra\static\uploads\districts\district_18_ad8ec821.png,district_18_ad8ec821.png,.png,804720,G. IMAGES / MEDIA,"Visual media, icon, screenshot, or banner asset",No direct code references found,None,REVIEW,NO,NO
D:\HiddenYatra\static\uploads\districts\district_19_df673a7c.png,district_19_df673a7c.png,.png,670484,G. IMAGES / MEDIA,"Visual media, icon, screenshot, or banner asset",No direct code references found,None,REVIEW,NO,NO
D:\HiddenYatra\static\uploads\districts\district_1_b44585d9.png,district_1_b44585d9.png,.png,737863,G. IMAGES / MEDIA,"Visual media, icon, screenshot, or banner asset",No direct code references found,None,REVIEW,NO,NO
D:\HiddenYatra\static\uploads\districts\district_20_173efe4a.png,district_20_173efe4a.png,.png,761362,G. IMAGES / MEDIA,"Visual media, icon, screenshot, or banner asset",No direct code references found,None,REVIEW,NO,NO
D:\HiddenYatra\static\uploads\districts\district_21_7b7f7752.png,district_21_7b7f7752.png,.png,755266,G. IMAGES / MEDIA,"Visual media, icon, screenshot, or banner asset",No direct code references found,None,REVIEW,NO,NO
D:\HiddenYatra\static\uploads\districts\district_22_72f22f3e.png,district_22_72f22f3e.png,.png,806500,G. IMAGES / MEDIA,"Visual media, icon, screenshot, or banner asset",No direct code references found,None,REVIEW,NO,NO
D:\HiddenYatra\static\uploads\districts\district_23_e395c8cb.png,district_23_e395c8cb.png,.png,806500,G. IMAGES / MEDIA,"Visual media, icon, screenshot, or banner asset",No direct code references found,None,REVIEW,NO,NO
D:\HiddenYatra\static\uploads\districts\district_24_45e706d1.png,district_24_45e706d1.png,.png,777860,G. IMAGES / MEDIA,"Visual media, icon, screenshot, or banner asset",No direct code references found,None,REVIEW,NO,NO
D:\HiddenYatra\static\uploads\districts\district_25_a185e533.png,district_25_a185e533.png,.png,771923,G. IMAGES / MEDIA,"Visual media, icon, screenshot, or banner asset",No direct code references found,None,REVIEW,NO,NO
D:\HiddenYatra\static\uploads\districts\district_26_e45d49f3.png,district_26_e45d49f3.png,.png,762161,G. IMAGES / MEDIA,"Visual media, icon, screenshot, or banner asset",No direct code references found,None,REVIEW,NO,NO
D:\HiddenYatra\static\uploads\districts\district_27_dea37ce6.png,district_27_dea37ce6.png,.png,756998,G. IMAGES / MEDIA,"Visual media, icon, screenshot, or banner asset",No direct code references found,None,REVIEW,NO,NO
D:\HiddenYatra\static\uploads\districts\district_28_b907ae12.png,district_28_b907ae12.png,.png,638418,G. IMAGES / MEDIA,"Visual media, icon, screenshot, or banner asset",No direct code references found,None,REVIEW,NO,NO
D:\HiddenYatra\static\uploads\districts\district_29_347b5afb.png,district_29_347b5afb.png,.png,736905,G. IMAGES / MEDIA,"Visual media, icon, screenshot, or banner asset",No direct code references found,None,REVIEW,NO,NO
D:\HiddenYatra\static\uploads\districts\district_2_54b53fad.png,district_2_54b53fad.png,.png,818257,G. IMAGES / MEDIA,"Visual media, icon, screenshot, or banner asset",No direct code references found,None,REVIEW,NO,NO
D:\HiddenYatra\static\uploads\districts\district_30_74b48af1.png,district_30_74b48af1.png,.png,723281,G. IMAGES / MEDIA,"Visual media, icon, screenshot, or banner asset",No direct code references found,None,REVIEW,NO,NO
D:\HiddenYatra\static\uploads\districts\district_32_1b42c8bf.png,district_32_1b42c8bf.png,.png,753167,G. IMAGES / MEDIA,"Visual media, icon, screenshot, or banner asset",No direct code references found,None,REVIEW,NO,NO
D:\HiddenYatra\static\uploads\districts\district_33_d81b11b3.png,district_33_d81b11b3.png,.png,717152,G. IMAGES / MEDIA,"Visual media, icon, screenshot, or banner asset",No direct code references found,None,REVIEW,NO,NO
D:\HiddenYatra\static\uploads\districts\district_34_99544dc8.png,district_34_99544dc8.png,.png,724993,G. IMAGES / MEDIA,"Visual media, icon, screenshot, or banner asset",No direct code references found,None,REVIEW,NO,NO
D:\HiddenYatra\static\uploads\districts\district_35_ecdbfa71.png,district_35_ecdbfa71.png,.png,718427,G. IMAGES / MEDIA,"Visual media, icon, screenshot, or banner asset",No direct code references found,None,REVIEW,NO,NO
D:\HiddenYatra\static\uploads\districts\district_36_9ad4e3cd.png,district_36_9ad4e3cd.png,.png,680832,G. IMAGES / MEDIA,"Visual media, icon, screenshot, or banner asset",No direct code references found,None,REVIEW,NO,NO
D:\HiddenYatra\static\uploads\districts\district_37_ce618bdc.png,district_37_ce618bdc.png,.png,718913,G. IMAGES / MEDIA,"Visual media, icon, screenshot, or banner asset",No direct code references found,None,REVIEW,NO,NO
D:\HiddenYatra\static\uploads\districts\district_38_a5a831cb.png,district_38_a5a831cb.png,.png,774073,G. IMAGES / MEDIA,"Visual media, icon, screenshot, or banner asset",No direct code references found,None,REVIEW,NO,NO
D:\HiddenYatra\static\uploads\districts\district_3_27259423.png,district_3_27259423.png,.png,766597,G. IMAGES / MEDIA,"Visual media, icon, screenshot, or banner asset",No direct code references found,None,REVIEW,NO,NO
D:\HiddenYatra\static\uploads\districts\district_4_7c06d770.png,district_4_7c06d770.png,.png,799299,G. IMAGES / MEDIA,"Visual media, icon, screenshot, or banner asset",No direct code references found,None,REVIEW,NO,NO
D:\HiddenYatra\static\uploads\districts\district_5_9328a722.png,district_5_9328a722.png,.png,781375,G. IMAGES / MEDIA,"Visual media, icon, screenshot, or banner asset",No direct code references found,None,REVIEW,NO,NO
D:\HiddenYatra\static\uploads\districts\district_6_ca01d472.png,district_6_ca01d472.png,.png,785685,G. IMAGES / MEDIA,"Visual media, icon, screenshot, or banner asset",No direct code references found,None,REVIEW,NO,NO
D:\HiddenYatra\static\uploads\districts\district_7_28e5c006.png,district_7_28e5c006.png,.png,781272,G. IMAGES / MEDIA,"Visual media, icon, screenshot, or banner asset",No direct code references found,None,REVIEW,NO,NO
D:\HiddenYatra\static\uploads\districts\district_8_fd69282e.png,district_8_fd69282e.png,.png,663962,G. IMAGES / MEDIA,"Visual media, icon, screenshot, or banner asset",No direct code references found,None,REVIEW,NO,NO
D:\HiddenYatra\static\uploads\districts\district_9_e10dfb47.png,district_9_e10dfb47.png,.png,743130,G. IMAGES / MEDIA,"Visual media, icon, screenshot, or banner asset",No direct code references found,None,REVIEW,NO,NO
D:\HiddenYatra\static\uploads\hero\.gitkeep,.gitkeep,,1,G. IMAGES / MEDIA,"Visual media, icon, screenshot, or banner asset",.gitignore; models/connection.py; scripts/seed/restore_original_local_images.py,None,REVIEW,NO,NO
D:\HiddenYatra\static\uploads\hero\hero_001faa9431.webp,hero_001faa9431.webp,.webp,340128,G. IMAGES / MEDIA,"Visual media, icon, screenshot, or banner asset",No direct code references found,None,REVIEW,NO,NO
D:\HiddenYatra\static\uploads\hero\hero_1.png,hero_1.png,.png,943930,G. IMAGES / MEDIA,"Visual media, icon, screenshot, or banner asset",scripts/seed/seed_demo_content.py,None,REVIEW,NO,NO
D:\HiddenYatra\static\uploads\hero\hero_1377c366f5.jpg,hero_1377c366f5.jpg,.jpg,167086,G. IMAGES / MEDIA,"Visual media, icon, screenshot, or banner asset",No direct code references found,None,REVIEW,NO,NO
D:\HiddenYatra\static\uploads\hero\hero_1571bda737.jpg,hero_1571bda737.jpg,.jpg,149872,G. IMAGES / MEDIA,"Visual media, icon, screenshot, or banner asset",No direct code references found,None,REVIEW,NO,NO
D:\HiddenYatra\static\uploads\hero\hero_2.png,hero_2.png,.png,923457,G. IMAGES / MEDIA,"Visual media, icon, screenshot, or banner asset",scripts/seed/seed_demo_content.py,None,REVIEW,NO,NO
D:\HiddenYatra\static\uploads\hero\hero_28398fb680.jpg,hero_28398fb680.jpg,.jpg,312717,G. IMAGES / MEDIA,"Visual media, icon, screenshot, or banner asset",No direct code references found,None,REVIEW,NO,NO
D:\HiddenYatra\static\uploads\hero\hero_3.png,hero_3.png,.png,935652,G. IMAGES / MEDIA,"Visual media, icon, screenshot, or banner asset",scripts/seed/seed_demo_content.py,None,REVIEW,NO,NO
D:\HiddenYatra\static\uploads\hero\hero_4.png,hero_4.png,.png,870255,G. IMAGES / MEDIA,"Visual media, icon, screenshot, or banner asset",scripts/seed/seed_demo_content.py,None,REVIEW,NO,NO
D:\HiddenYatra\static\uploads\hero\hero_42552851b5.jpg,hero_42552851b5.jpg,.jpg,240433,G. IMAGES / MEDIA,"Visual media, icon, screenshot, or banner asset",No direct code references found,None,REVIEW,NO,NO
D:\HiddenYatra\static\uploads\hero\hero_5.png,hero_5.png,.png,1021133,G. IMAGES / MEDIA,"Visual media, icon, screenshot, or banner asset",scripts/seed/seed_demo_content.py,None,REVIEW,NO,NO
D:\HiddenYatra\static\uploads\hero\hero_52afd40e26.jpg,hero_52afd40e26.jpg,.jpg,149872,G. IMAGES / MEDIA,"Visual media, icon, screenshot, or banner asset",No direct code references found,None,REVIEW,NO,NO
D:\HiddenYatra\static\uploads\hero\hero_54abb56a95.jpg,hero_54abb56a95.jpg,.jpg,546139,G. IMAGES / MEDIA,"Visual media, icon, screenshot, or banner asset",No direct code references found,None,REVIEW,NO,NO
D:\HiddenYatra\static\uploads\hero\hero_5c40bc5e69.jpg,hero_5c40bc5e69.jpg,.jpg,167086,G. IMAGES / MEDIA,"Visual media, icon, screenshot, or banner asset",No direct code references found,None,REVIEW,NO,NO
D:\HiddenYatra\static\uploads\hero\hero_5cb44a5833.jpg,hero_5cb44a5833.jpg,.jpg,149872,G. IMAGES / MEDIA,"Visual media, icon, screenshot, or banner asset",scratch/backup_feature_homestay_booking.sql; scratch/backup_hiddenyatra_20260814_1934.sql; scratch/hiddenyatra_prod_backup.sql,None,REVIEW,NO,NO
D:\HiddenYatra\static\uploads\hero\hero_6dd0bb4134.jpg,hero_6dd0bb4134.jpg,.jpg,312717,G. IMAGES / MEDIA,"Visual media, icon, screenshot, or banner asset",scratch/backup_feature_homestay_booking.sql; scratch/backup_hiddenyatra_20260814_1934.sql; scratch/hiddenyatra_prod_backup.sql,None,REVIEW,NO,NO
D:\HiddenYatra\static\uploads\hero\hero_7b62983ae1.webp,hero_7b62983ae1.webp,.webp,385280,G. IMAGES / MEDIA,"Visual media, icon, screenshot, or banner asset",No direct code references found,None,REVIEW,NO,NO
D:\HiddenYatra\static\uploads\hero\hero_87c4b4c6ce.jpg,hero_87c4b4c6ce.jpg,.jpg,312717,G. IMAGES / MEDIA,"Visual media, icon, screenshot, or banner asset",No direct code references found,None,REVIEW,NO,NO
D:\HiddenYatra\static\uploads\hero\hero_8cbf422c31.webp,hero_8cbf422c31.webp,.webp,602792,G. IMAGES / MEDIA,"Visual media, icon, screenshot, or banner asset",No direct code references found,None,REVIEW,NO,NO
D:\HiddenYatra\static\uploads\hero\hero_a03ba199ff.jpg,hero_a03ba199ff.jpg,.jpg,425633,G. IMAGES / MEDIA,"Visual media, icon, screenshot, or banner asset",No direct code references found,None,REVIEW,NO,NO
D:\HiddenYatra\static\uploads\hero\hero_a5b5a161ef.jpg,hero_a5b5a161ef.jpg,.jpg,240433,G. IMAGES / MEDIA,"Visual media, icon, screenshot, or banner asset",No direct code references found,None,REVIEW,NO,NO
D:\HiddenYatra\static\uploads\hero\hero_abbfe7d102.webp,hero_abbfe7d102.webp,.webp,602792,G. IMAGES / MEDIA,"Visual media, icon, screenshot, or banner asset",No direct code references found,None,REVIEW,NO,NO
D:\HiddenYatra\static\uploads\hero\hero_add9dfae58.jpg,hero_add9dfae58.jpg,.jpg,149872,G. IMAGES / MEDIA,"Visual media, icon, screenshot, or banner asset",No direct code references found,None,REVIEW,NO,NO
D:\HiddenYatra\static\uploads\hero\hero_b19ec230d5.jpg,hero_b19ec230d5.jpg,.jpg,646505,G. IMAGES / MEDIA,"Visual media, icon, screenshot, or banner asset",No direct code references found,None,REVIEW,NO,NO
D:\HiddenYatra\static\uploads\hero\hero_b90ee99609.webp,hero_b90ee99609.webp,.webp,602792,G. IMAGES / MEDIA,"Visual media, icon, screenshot, or banner asset",scratch/backup_feature_homestay_booking.sql; scratch/backup_hiddenyatra_20260814_1934.sql; scratch/hiddenyatra_prod_backup.sql,None,REVIEW,NO,NO
D:\HiddenYatra\static\uploads\hero\hero_bc7101af49.jpg,hero_bc7101af49.jpg,.jpg,312717,G. IMAGES / MEDIA,"Visual media, icon, screenshot, or banner asset",No direct code references found,None,REVIEW,NO,NO
D:\HiddenYatra\static\uploads\hero\hero_cc6821a4e3.webp,hero_cc6821a4e3.webp,.webp,602792,G. IMAGES / MEDIA,"Visual media, icon, screenshot, or banner asset",No direct code references found,None,REVIEW,NO,NO
D:\HiddenYatra\static\uploads\hero\hero_cdfb65cd91.jpg,hero_cdfb65cd91.jpg,.jpg,182471,G. IMAGES / MEDIA,"Visual media, icon, screenshot, or banner asset",No direct code references found,None,REVIEW,NO,NO
D:\HiddenYatra\static\uploads\hero\hero_d5f1fdb99d.jpg,hero_d5f1fdb99d.jpg,.jpg,167086,G. IMAGES / MEDIA,"Visual media, icon, screenshot, or banner asset",No direct code references found,None,REVIEW,NO,NO
D:\HiddenYatra\static\uploads\hero\hero_f5efb98bb5.jpg,hero_f5efb98bb5.jpg,.jpg,240433,G. IMAGES / MEDIA,"Visual media, icon, screenshot, or banner asset",scratch/backup_feature_homestay_booking.sql; scratch/backup_hiddenyatra_20260814_1934.sql; scratch/hiddenyatra_prod_backup.sql,None,REVIEW,NO,NO
D:\HiddenYatra\static\uploads\hero\hero_fca49a3ade.webp,hero_fca49a3ade.webp,.webp,602792,G. IMAGES / MEDIA,"Visual media, icon, screenshot, or banner asset",No direct code references found,None,REVIEW,NO,NO
D:\HiddenYatra\static\uploads\hosts\listings\bodh_gaya_homestay_cover.jpg,bodh_gaya_homestay_cover.jpg,.jpg,142023,G. IMAGES / MEDIA,"Visual media, icon, screenshot, or banner asset",scratch/add_photos_to_existing_stays.py; scratch/restore_authentic_stays.py,None,REVIEW,NO,NO
D:\HiddenYatra\static\uploads\hosts\listings\simultala_stay_cover.jpg,simultala_stay_cover.jpg,.jpg,252219,G. IMAGES / MEDIA,"Visual media, icon, screenshot, or banner asset",scratch/add_photos_to_existing_stays.py; scratch/restore_authentic_stays.py,None,REVIEW,NO,NO
D:\HiddenYatra\static\uploads\hosts\listings\stay_demo_bhagalpur_bedroom.jpg,stay_demo_bhagalpur_bedroom.jpg,.jpg,91461,G. IMAGES / MEDIA,"Visual media, icon, screenshot, or banner asset",scratch/homestays_dump.json; scratch/populate_demo_stays.py; scripts/seed/seed_homestays.py,None,REVIEW,NO,NO
D:\HiddenYatra\static\uploads\hosts\listings\stay_demo_bhagalpur_courtyard.jpg,stay_demo_bhagalpur_courtyard.jpg,.jpg,45907,G. IMAGES / MEDIA,"Visual media, icon, screenshot, or banner asset",scratch/homestays_dump.json; scratch/populate_demo_stays.py; scripts/seed/seed_homestays.py,None,REVIEW,NO,NO
D:\HiddenYatra\static\uploads\hosts\listings\stay_demo_bhagalpur_cover.jpg,stay_demo_bhagalpur_cover.jpg,.jpg,126597,G. IMAGES / MEDIA,"Visual media, icon, screenshot, or banner asset",scratch/homestays_dump.json; scratch/populate_demo_stays.py; scripts/seed/seed_homestays.py; static/data/bihar/homestays.geojson,None,REVIEW,NO,NO
D:\HiddenYatra\static\uploads\hosts\listings\stay_demo_bhagalpur_dining.jpg,stay_demo_bhagalpur_dining.jpg,.jpg,129123,G. IMAGES / MEDIA,"Visual media, icon, screenshot, or banner asset",scratch/homestays_dump.json; scratch/populate_demo_stays.py; scripts/seed/seed_homestays.py,None,REVIEW,NO,NO
D:\HiddenYatra\static\uploads\hosts\listings\stay_demo_gaya_bedroom.jpg,stay_demo_gaya_bedroom.jpg,.jpg,59194,G. IMAGES / MEDIA,"Visual media, icon, screenshot, or banner asset",scratch/add_photos_to_existing_stays.py; scratch/homestays_dump.json; scratch/populate_demo_stays.py; scripts/seed/seed_homestays.py,None,REVIEW,NO,NO
D:\HiddenYatra\static\uploads\hosts\listings\stay_demo_gaya_cover.jpg,stay_demo_gaya_cover.jpg,.jpg,72806,G. IMAGES / MEDIA,"Visual media, icon, screenshot, or banner asset",scratch/homestays_dump.json; scratch/populate_demo_stays.py; scripts/seed/seed_homestays.py; static/data/bihar/homestays.geojson,None,REVIEW,NO,NO
D:\HiddenYatra\static\uploads\hosts\listings\stay_demo_gaya_dining.jpg,stay_demo_gaya_dining.jpg,.jpg,108085,G. IMAGES / MEDIA,"Visual media, icon, screenshot, or banner asset",scratch/add_photos_to_existing_stays.py; scratch/homestays_dump.json; scratch/populate_demo_stays.py; scripts/seed/seed_homestays.py,None,REVIEW,NO,NO
D:\HiddenYatra\static\uploads\hosts\listings\stay_demo_gaya_terrace.jpg,stay_demo_gaya_terrace.jpg,.jpg,49440,G. IMAGES / MEDIA,"Visual media, icon, screenshot, or banner asset",scratch/add_photos_to_existing_stays.py; scratch/homestays_dump.json; scratch/populate_demo_stays.py; scripts/seed/seed_homestays.py,None,REVIEW,NO,NO
D:\HiddenYatra\static\uploads\hosts\listings\stay_demo_kaimur_bedroom.jpg,stay_demo_kaimur_bedroom.jpg,.jpg,69005,G. IMAGES / MEDIA,"Visual media, icon, screenshot, or banner asset",scratch/homestays_dump.json; scratch/populate_demo_stays.py; scripts/seed/seed_homestays.py,None,REVIEW,NO,NO
D:\HiddenYatra\static\uploads\hosts\listings\stay_demo_kaimur_cover.jpg,stay_demo_kaimur_cover.jpg,.jpg,52777,G. IMAGES / MEDIA,"Visual media, icon, screenshot, or banner asset",scratch/homestays_dump.json; scratch/populate_demo_stays.py; scripts/seed/seed_homestays.py; static/data/bihar/homestays.geojson,None,REVIEW,NO,NO
D:\HiddenYatra\static\uploads\hosts\listings\stay_demo_kaimur_lawn.jpg,stay_demo_kaimur_lawn.jpg,.jpg,69859,G. IMAGES / MEDIA,"Visual media, icon, screenshot, or banner asset",scratch/homestays_dump.json; scratch/populate_demo_stays.py; scripts/seed/seed_homestays.py,None,REVIEW,NO,NO
D:\HiddenYatra\static\uploads\hosts\listings\stay_demo_kaimur_waterfall.jpg,stay_demo_kaimur_waterfall.jpg,.jpg,139267,G. IMAGES / MEDIA,"Visual media, icon, screenshot, or banner asset",scratch/homestays_dump.json; scratch/populate_demo_stays.py; scripts/seed/seed_homestays.py,None,REVIEW,NO,NO
D:\HiddenYatra\static\uploads\hosts\listings\stay_demo_madhubani_bedroom.jpg,stay_demo_madhubani_bedroom.jpg,.jpg,126043,G. IMAGES / MEDIA,"Visual media, icon, screenshot, or banner asset",scratch/homestays_dump.json; scratch/populate_demo_stays.py; scripts/seed/seed_homestays.py,None,REVIEW,NO,NO
D:\HiddenYatra\static\uploads\hosts\listings\stay_demo_madhubani_courtyard.jpg,stay_demo_madhubani_courtyard.jpg,.jpg,45907,G. IMAGES / MEDIA,"Visual media, icon, screenshot, or banner asset",scratch/homestays_dump.json; scratch/populate_demo_stays.py; scripts/seed/seed_homestays.py,None,REVIEW,NO,NO
D:\HiddenYatra\static\uploads\hosts\listings\stay_demo_madhubani_cover.jpg,stay_demo_madhubani_cover.jpg,.jpg,65364,G. IMAGES / MEDIA,"Visual media, icon, screenshot, or banner asset",scratch/homestays_dump.json; scratch/populate_demo_stays.py; scripts/seed/seed_homestays.py; static/data/bihar/homestays.geojson,None,REVIEW,NO,NO
D:\HiddenYatra\static\uploads\hosts\listings\stay_demo_madhubani_workshop.jpg,stay_demo_madhubani_workshop.jpg,.jpg,209344,G. IMAGES / MEDIA,"Visual media, icon, screenshot, or banner asset",scratch/homestays_dump.json; scratch/populate_demo_stays.py; scripts/seed/seed_homestays.py,None,REVIEW,NO,NO
D:\HiddenYatra\static\uploads\hosts\listings\stay_demo_munger_bedroom.jpg,stay_demo_munger_bedroom.jpg,.jpg,89971,G. IMAGES / MEDIA,"Visual media, icon, screenshot, or banner asset",scratch/homestays_dump.json; scratch/populate_demo_stays.py; scripts/seed/seed_homestays.py,None,REVIEW,NO,NO
D:\HiddenYatra\static\uploads\hosts\listings\stay_demo_munger_cover.jpg,stay_demo_munger_cover.jpg,.jpg,126810,G. IMAGES / MEDIA,"Visual media, icon, screenshot, or banner asset",scratch/homestays_dump.json; scratch/populate_demo_stays.py; scripts/seed/seed_homestays.py; static/data/bihar/homestays.geojson,None,REVIEW,NO,NO
D:\HiddenYatra\static\uploads\hosts\listings\stay_demo_munger_dining.jpg,stay_demo_munger_dining.jpg,.jpg,120607,G. IMAGES / MEDIA,"Visual media, icon, screenshot, or banner asset",scratch/homestays_dump.json; scratch/populate_demo_stays.py; scripts/seed/seed_homestays.py,None,REVIEW,NO,NO
D:\HiddenYatra\static\uploads\hosts\listings\stay_demo_munger_terrace.jpg,stay_demo_munger_terrace.jpg,.jpg,97214,G. IMAGES / MEDIA,"Visual media, icon, screenshot, or banner asset",scratch/homestays_dump.json; scratch/populate_demo_stays.py; scripts/seed/seed_homestays.py,None,REVIEW,NO,NO
D:\HiddenYatra\static\uploads\hosts\listings\stay_demo_patna_bathroom.jpg,stay_demo_patna_bathroom.jpg,.jpg,42178,G. IMAGES / MEDIA,"Visual media, icon, screenshot, or banner asset",scratch/homestays_dump.json; scratch/populate_demo_stays.py; scripts/seed/seed_homestays.py,None,REVIEW,NO,NO
D:\HiddenYatra\static\uploads\hosts\listings\stay_demo_patna_bedroom.jpg,stay_demo_patna_bedroom.jpg,.jpg,115788,G. IMAGES / MEDIA,"Visual media, icon, screenshot, or banner asset",scratch/homestays_dump.json; scratch/populate_demo_stays.py; scripts/seed/seed_homestays.py,None,REVIEW,NO,NO
D:\HiddenYatra\static\uploads\hosts\listings\stay_demo_patna_cover.jpg,stay_demo_patna_cover.jpg,.jpg,100599,G. IMAGES / MEDIA,"Visual media, icon, screenshot, or banner asset",scratch/homestays_dump.json; scratch/populate_demo_stays.py; scripts/seed/seed_homestays.py; static/data/bihar/homestays.geojson,None,REVIEW,NO,NO
D:\HiddenYatra\static\uploads\hosts\listings\stay_demo_patna_living.jpg,stay_demo_patna_living.jpg,.jpg,94919,G. IMAGES / MEDIA,"Visual media, icon, screenshot, or banner asset",scratch/homestays_dump.json; scratch/populate_demo_stays.py; scripts/seed/seed_homestays.py,None,REVIEW,NO,NO
D:\HiddenYatra\static\uploads\hosts\listings\stay_demo_rajgir_bathroom.jpg,stay_demo_rajgir_bathroom.jpg,.jpg,62043,G. IMAGES / MEDIA,"Visual media, icon, screenshot, or banner asset",scratch/homestays_dump.json; scratch/populate_demo_stays.py; scripts/seed/seed_homestays.py,None,REVIEW,NO,NO
D:\HiddenYatra\static\uploads\hosts\listings\stay_demo_rajgir_bedroom.jpg,stay_demo_rajgir_bedroom.jpg,.jpg,84765,G. IMAGES / MEDIA,"Visual media, icon, screenshot, or banner asset",scratch/homestays_dump.json; scratch/populate_demo_stays.py; scripts/seed/seed_homestays.py,None,REVIEW,NO,NO
D:\HiddenYatra\static\uploads\hosts\listings\stay_demo_rajgir_cover.jpg,stay_demo_rajgir_cover.jpg,.jpg,104974,G. IMAGES / MEDIA,"Visual media, icon, screenshot, or banner asset",scratch/homestays_dump.json; scratch/populate_demo_stays.py; scripts/seed/seed_homestays.py; static/data/bihar/homestays.geojson,None,REVIEW,NO,NO
D:\HiddenYatra\static\uploads\hosts\listings\stay_demo_rajgir_garden.jpg,stay_demo_rajgir_garden.jpg,.jpg,148914,G. IMAGES / MEDIA,"Visual media, icon, screenshot, or banner asset",scratch/homestays_dump.json; scratch/populate_demo_stays.py; scripts/seed/seed_homestays.py,None,REVIEW,NO,NO
D:\HiddenYatra\static\uploads\hosts\listings\stay_demo_rohtas_bathroom.jpg,stay_demo_rohtas_bathroom.jpg,.jpg,62043,G. IMAGES / MEDIA,"Visual media, icon, screenshot, or banner asset",scratch/homestays_dump.json; scratch/populate_demo_stays.py; scripts/seed/seed_homestays.py,None,REVIEW,NO,NO
D:\HiddenYatra\static\uploads\hosts\listings\stay_demo_rohtas_bedroom.jpg,stay_demo_rohtas_bedroom.jpg,.jpg,49279,G. IMAGES / MEDIA,"Visual media, icon, screenshot, or banner asset",scratch/homestays_dump.json; scratch/populate_demo_stays.py; scripts/seed/seed_homestays.py,None,REVIEW,NO,NO
D:\HiddenYatra\static\uploads\hosts\listings\stay_demo_rohtas_cover.jpg,stay_demo_rohtas_cover.jpg,.jpg,81313,G. IMAGES / MEDIA,"Visual media, icon, screenshot, or banner asset",scratch/homestays_dump.json; scratch/populate_demo_stays.py; scripts/seed/seed_homestays.py; static/data/bihar/homestays.geojson,None,REVIEW,NO,NO
D:\HiddenYatra\static\uploads\hosts\listings\stay_demo_rohtas_lounge.jpg,stay_demo_rohtas_lounge.jpg,.jpg,53458,G. IMAGES / MEDIA,"Visual media, icon, screenshot, or banner asset",scratch/homestays_dump.json; scratch/populate_demo_stays.py; scripts/seed/seed_homestays.py,None,REVIEW,NO,NO
D:\HiddenYatra\static\uploads\hosts\listings\stay_demo_simultala_bedroom.jpg,stay_demo_simultala_bedroom.jpg,.jpg,62932,G. IMAGES / MEDIA,"Visual media, icon, screenshot, or banner asset",scratch/add_photos_to_existing_stays.py; scratch/homestays_dump.json; scratch/populate_demo_stays.py; scripts/seed/seed_homestays.py,None,REVIEW,NO,NO
D:\HiddenYatra\static\uploads\hosts\listings\stay_demo_simultala_cover.jpg,stay_demo_simultala_cover.jpg,.jpg,70207,G. IMAGES / MEDIA,"Visual media, icon, screenshot, or banner asset",scratch/homestays_dump.json; scratch/populate_demo_stays.py; scripts/seed/seed_homestays.py; static/data/bihar/homestays.geojson,None,REVIEW,NO,NO
D:\HiddenYatra\static\uploads\hosts\listings\stay_demo_simultala_dining.jpg,stay_demo_simultala_dining.jpg,.jpg,140411,G. IMAGES / MEDIA,"Visual media, icon, screenshot, or banner asset",scratch/add_photos_to_existing_stays.py; scratch/homestays_dump.json; scratch/populate_demo_stays.py; scripts/seed/seed_homestays.py,None,REVIEW,NO,NO
D:\HiddenYatra\static\uploads\hosts\listings\stay_demo_simultala_veranda.jpg,stay_demo_simultala_veranda.jpg,.jpg,83621,G. IMAGES / MEDIA,"Visual media, icon, screenshot, or banner asset",scratch/add_photos_to_existing_stays.py; scratch/homestays_dump.json; scratch/populate_demo_stays.py; scripts/seed/seed_homestays.py,None,REVIEW,NO,NO
D:\HiddenYatra\static\uploads\hosts\listings\stay_demo_vaishali_bedroom.jpg,stay_demo_vaishali_bedroom.jpg,.jpg,47700,G. IMAGES / MEDIA,"Visual media, icon, screenshot, or banner asset",scratch/homestays_dump.json; scratch/populate_demo_stays.py; scripts/seed/seed_homestays.py,None,REVIEW,NO,NO
D:\HiddenYatra\static\uploads\hosts\listings\stay_demo_vaishali_courtyard.jpg,stay_demo_vaishali_courtyard.jpg,.jpg,61238,G. IMAGES / MEDIA,"Visual media, icon, screenshot, or banner asset",scratch/homestays_dump.json; scratch/populate_demo_stays.py; scripts/seed/seed_homestays.py,None,REVIEW,NO,NO
D:\HiddenYatra\static\uploads\hosts\listings\stay_demo_vaishali_cover.jpg,stay_demo_vaishali_cover.jpg,.jpg,104018,G. IMAGES / MEDIA,"Visual media, icon, screenshot, or banner asset",scratch/homestays_dump.json; scratch/populate_demo_stays.py; scripts/seed/seed_homestays.py; static/data/bihar/homestays.geojson,None,REVIEW,NO,NO
D:\HiddenYatra\static\uploads\hosts\listings\stay_demo_vaishali_farm.jpg,stay_demo_vaishali_farm.jpg,.jpg,85860,G. IMAGES / MEDIA,"Visual media, icon, screenshot, or banner asset",scratch/homestays_dump.json; scratch/populate_demo_stays.py; scripts/seed/seed_homestays.py,None,REVIEW,NO,NO
D:\HiddenYatra\static\uploads\places\.gitkeep,.gitkeep,,0,G. IMAGES / MEDIA,"Visual media, icon, screenshot, or banner asset",.gitignore; models/connection.py; scripts/seed/restore_original_local_images.py,None,REVIEW,NO,NO
D:\HiddenYatra\static\uploads\places\10_847b0bd5.jpg,10_847b0bd5.jpg,.jpg,45909,G. IMAGES / MEDIA,"Visual media, icon, screenshot, or banner asset",scratch/audit_dump.json; scratch/backup_feature_homestay_booking.sql; scratch/backup_hiddenyatra_20260814_1934.sql; scratch/final_forensic_results.json; scratch/hiddenyatra_prod_backup.sql,None,REVIEW,NO,NO
D:\HiddenYatra\static\uploads\places\13_488a372c.webp,13_488a372c.webp,.webp,602792,G. IMAGES / MEDIA,"Visual media, icon, screenshot, or banner asset",scratch/audit_dump.json; scratch/backup_feature_homestay_booking.sql; scratch/backup_hiddenyatra_20260814_1934.sql; scratch/final_forensic_results.json; scratch/hiddenyatra_prod_backup.sql,None,REVIEW,NO,NO
D:\HiddenYatra\static\uploads\places\16_11d92eea.jpg,16_11d92eea.jpg,.jpg,646505,G. IMAGES / MEDIA,"Visual media, icon, screenshot, or banner asset",scratch/audit_dump.json; scratch/backup_feature_homestay_booking.sql; scratch/backup_hiddenyatra_20260814_1934.sql; scratch/final_forensic_results.json; scratch/hiddenyatra_prod_backup.sql,None,REVIEW,NO,NO
D:\HiddenYatra\static\uploads\places\1_09c59d29.jpg,1_09c59d29.jpg,.jpg,123219,G. IMAGES / MEDIA,"Visual media, icon, screenshot, or banner asset",scratch/audit_dump.json; scratch/backup_feature_homestay_booking.sql; scratch/backup_hiddenyatra_20260814_1934.sql; scratch/final_forensic_results.json; scratch/hiddenyatra_prod_backup.sql,None,REVIEW,NO,NO
D:\HiddenYatra\static\uploads\places\20_b236f532.png,20_b236f532.png,.png,919853,G. IMAGES / MEDIA,"Visual media, icon, screenshot, or banner asset",scratch/audit_dump.json; scratch/backup_feature_homestay_booking.sql; scratch/backup_hiddenyatra_20260814_1934.sql; scratch/final_forensic_results.json; scratch/hiddenyatra_prod_backup.sql,None,REVIEW,NO,NO
D:\HiddenYatra\static\uploads\places\21_a7c0e445.jpg,21_a7c0e445.jpg,.jpg,124777,G. IMAGES / MEDIA,"Visual media, icon, screenshot, or banner asset",scratch/audit_dump.json; scratch/backup_feature_homestay_booking.sql; scratch/backup_hiddenyatra_20260814_1934.sql; scratch/final_forensic_results.json; scratch/hiddenyatra_prod_backup.sql,None,REVIEW,NO,NO
D:\HiddenYatra\static\uploads\places\22_25ee1ef8.jpg,22_25ee1ef8.jpg,.jpg,167086,G. IMAGES / MEDIA,"Visual media, icon, screenshot, or banner asset",scratch/audit_dump.json; scratch/backup_feature_homestay_booking.sql; scratch/backup_hiddenyatra_20260814_1934.sql; scratch/final_forensic_results.json; scratch/hiddenyatra_prod_backup.sql,None,REVIEW,NO,NO
D:\HiddenYatra\static\uploads\places\2_ec793e8f.jpg,2_ec793e8f.jpg,.jpg,149872,G. IMAGES / MEDIA,"Visual media, icon, screenshot, or banner asset",scratch/audit_dump.json; scratch/backup_feature_homestay_booking.sql; scratch/backup_hiddenyatra_20260814_1934.sql; scratch/final_forensic_results.json; scratch/hiddenyatra_prod_backup.sql,None,REVIEW,NO,NO
D:\HiddenYatra\static\uploads\places\30_088730cf.jpeg,30_088730cf.jpeg,.jpeg,242006,G. IMAGES / MEDIA,"Visual media, icon, screenshot, or banner asset",No direct code references found,None,REVIEW,NO,NO
D:\HiddenYatra\static\uploads\places\30_8ae51fee.jpeg,30_8ae51fee.jpeg,.jpeg,113572,G. IMAGES / MEDIA,"Visual media, icon, screenshot, or banner asset",No direct code references found,None,REVIEW,NO,NO
D:\HiddenYatra\static\uploads\places\30_e81fbd8b.jpeg,30_e81fbd8b.jpeg,.jpeg,164534,G. IMAGES / MEDIA,"Visual media, icon, screenshot, or banner asset",No direct code references found,None,REVIEW,NO,NO
D:\HiddenYatra\static\uploads\places\30_ea43f646.jpeg,30_ea43f646.jpeg,.jpeg,159777,G. IMAGES / MEDIA,"Visual media, icon, screenshot, or banner asset",No direct code references found,None,REVIEW,NO,NO
D:\HiddenYatra\static\uploads\places\30_f42f3db5.jpeg,30_f42f3db5.jpeg,.jpeg,170223,G. IMAGES / MEDIA,"Visual media, icon, screenshot, or banner asset",No direct code references found,None,REVIEW,NO,NO
D:\HiddenYatra\static\uploads\places\30_f941eb29.jpeg,30_f941eb29.jpeg,.jpeg,112048,G. IMAGES / MEDIA,"Visual media, icon, screenshot, or banner asset",No direct code references found,None,REVIEW,NO,NO
D:\HiddenYatra\static\uploads\places\3_1c96a8cd.jpg,3_1c96a8cd.jpg,.jpg,312717,G. IMAGES / MEDIA,"Visual media, icon, screenshot, or banner asset",scratch/audit_dump.json; scratch/backup_feature_homestay_booking.sql; scratch/backup_hiddenyatra_20260814_1934.sql; scratch/final_forensic_results.json; scratch/hiddenyatra_prod_backup.sql,None,REVIEW,NO,NO
D:\HiddenYatra\static\uploads\places\44_9d23404b.jpg,44_9d23404b.jpg,.jpg,646505,G. IMAGES / MEDIA,"Visual media, icon, screenshot, or banner asset",scratch/audit_dump.json; scratch/backup_feature_homestay_booking.sql; scratch/backup_hiddenyatra_20260814_1934.sql; scratch/hiddenyatra_prod_backup.sql,None,REVIEW,NO,NO
D:\HiddenYatra\static\uploads\places\57_3edc98f203.png,57_3edc98f203.png,.png,2842119,G. IMAGES / MEDIA,"Visual media, icon, screenshot, or banner asset",scratch/jamui_images_audit.json; scratch/live_images_report.json; scratch/local_district_data.json; scratch/poll_deploy_images.py; scratch/validate_full_demo_flow.py,None,REVIEW,NO,NO
D:\HiddenYatra\static\uploads\places\58_f17d37897e.png,58_f17d37897e.png,.png,2885867,G. IMAGES / MEDIA,"Visual media, icon, screenshot, or banner asset",scratch/jamui_images_audit.json; scratch/live_images_report.json; scratch/local_district_data.json; scratch/verify_all_live_images.py,None,REVIEW,NO,NO
D:\HiddenYatra\static\uploads\places\59_e5277e5586.png,59_e5277e5586.png,.png,2501613,G. IMAGES / MEDIA,"Visual media, icon, screenshot, or banner asset",scratch/jamui_images_audit.json; scratch/live_images_report.json; scratch/local_district_data.json; scratch/verify_all_live_images.py,None,REVIEW,NO,NO
D:\HiddenYatra\static\uploads\places\5_b2d596f3.jpg,5_b2d596f3.jpg,.jpg,240433,G. IMAGES / MEDIA,"Visual media, icon, screenshot, or banner asset",JEHANABAD_38_OF_38_REGRESSION_REPORT.md; JEHANABAD_FINAL_VERIFICATION.md; scratch/audit_dump.json; scratch/backup_feature_homestay_booking.sql; scratch/backup_hiddenyatra_20260814_1934.sql,None,REVIEW,NO,NO
D:\HiddenYatra\static\uploads\places\60_1bc07dc67a.png,60_1bc07dc67a.png,.png,1975860,G. IMAGES / MEDIA,"Visual media, icon, screenshot, or banner asset",scratch/jamui_images_audit.json; scratch/live_images_report.json; scratch/local_district_data.json; scratch/verify_all_live_images.py,None,REVIEW,NO,NO
D:\HiddenYatra\static\uploads\places\61_bb548899fb.png,61_bb548899fb.png,.png,2331490,G. IMAGES / MEDIA,"Visual media, icon, screenshot, or banner asset",scratch/jamui_images_audit.json; scratch/live_images_report.json; scratch/local_district_data.json; scratch/verify_all_live_images.py,None,REVIEW,NO,NO
D:\HiddenYatra\static\uploads\places\62_29ce760efe.png,62_29ce760efe.png,.png,2396423,G. IMAGES / MEDIA,"Visual media, icon, screenshot, or banner asset",scratch/jamui_images_audit.json; scratch/live_images_report.json; scratch/local_district_data.json; scratch/verify_all_live_images.py,None,REVIEW,NO,NO
D:\HiddenYatra\static\uploads\places\63_ac8fa5aa1f.png,63_ac8fa5aa1f.png,.png,2513746,G. IMAGES / MEDIA,"Visual media, icon, screenshot, or banner asset",scratch/jamui_images_audit.json; scratch/live_images_report.json; scratch/local_district_data.json; scratch/verify_all_live_images.py,None,REVIEW,NO,NO
D:\HiddenYatra\static\uploads\places\66_79d4860cda.png,66_79d4860cda.png,.png,2658780,G. IMAGES / MEDIA,"Visual media, icon, screenshot, or banner asset",scratch/jamui_images_audit.json; scratch/live_images_report.json; scratch/local_district_data.json; scratch/verify_all_live_images.py,None,REVIEW,NO,NO
D:\HiddenYatra\static\uploads\places\67_f23ef36559.png,67_f23ef36559.png,.png,2768207,G. IMAGES / MEDIA,"Visual media, icon, screenshot, or banner asset",scratch/jamui_images_audit.json; scratch/live_images_report.json; scratch/local_district_data.json; scratch/verify_all_live_images.py,None,REVIEW,NO,NO
D:\HiddenYatra\static\uploads\places\68_2ab6b2f782.png,68_2ab6b2f782.png,.png,2025142,G. IMAGES / MEDIA,"Visual media, icon, screenshot, or banner asset",scratch/jamui_images_audit.json; scratch/live_images_report.json; scratch/local_district_data.json; scratch/verify_all_live_images.py,None,REVIEW,NO,NO
D:\HiddenYatra\static\uploads\places\69_c29553d1cf.png,69_c29553d1cf.png,.png,1583307,G. IMAGES / MEDIA,"Visual media, icon, screenshot, or banner asset",scratch/jamui_images_audit.json; scratch/live_images_report.json; scratch/local_district_data.json; scratch/verify_all_live_images.py,None,REVIEW,NO,NO
D:\HiddenYatra\static\uploads\places\6_ed71c468.webp,6_ed71c468.webp,.webp,385280,G. IMAGES / MEDIA,"Visual media, icon, screenshot, or banner asset",scratch/audit_dump.json; scratch/backup_feature_homestay_booking.sql; scratch/backup_hiddenyatra_20260814_1934.sql; scratch/final_forensic_results.json; scratch/hiddenyatra_prod_backup.sql,None,REVIEW,NO,NO
D:\HiddenYatra\static\uploads\places\8_6c112dd8.webp,8_6c112dd8.webp,.webp,340128,G. IMAGES / MEDIA,"Visual media, icon, screenshot, or banner asset",scratch/audit_dump.json; scratch/backup_feature_homestay_booking.sql; scratch/backup_hiddenyatra_20260814_1934.sql; scratch/final_forensic_results.json; scratch/hiddenyatra_prod_backup.sql,None,REVIEW,NO,NO
D:\HiddenYatra\static\uploads\places\8_f91e1ec4.jpg,8_f91e1ec4.jpg,.jpg,425633,G. IMAGES / MEDIA,"Visual media, icon, screenshot, or banner asset",No direct code references found,None,REVIEW,NO,NO
D:\HiddenYatra\static\uploads\places\9_a2db8a9a.jpg,9_a2db8a9a.jpg,.jpg,211795,G. IMAGES / MEDIA,"Visual media, icon, screenshot, or banner asset",scratch/audit_dump.json; scratch/backup_feature_homestay_booking.sql; scratch/backup_hiddenyatra_20260814_1934.sql; scratch/final_forensic_results.json; scratch/hiddenyatra_prod_backup.sql,None,REVIEW,NO,NO
D:\HiddenYatra\static\uploads\places\9_fc8bea1e.jpg,9_fc8bea1e.jpg,.jpg,182471,G. IMAGES / MEDIA,"Visual media, icon, screenshot, or banner asset",No direct code references found,None,REVIEW,NO,NO
D:\HiddenYatra\static\uploads\submissions\.gitkeep,.gitkeep,,0,G. IMAGES / MEDIA,"Visual media, icon, screenshot, or banner asset",.gitignore; models/connection.py; scripts/seed/restore_original_local_images.py,None,REVIEW,NO,NO
D:\HiddenYatra\static\uploads\submissions\sub_01c4b931cb.jpeg,sub_01c4b931cb.jpeg,.jpeg,108356,G. IMAGES / MEDIA,"Visual media, icon, screenshot, or banner asset",No direct code references found,None,REVIEW,NO,NO
D:\HiddenYatra\static\uploads\submissions\sub_21e1a098cc.jpeg,sub_21e1a098cc.jpeg,.jpeg,160976,G. IMAGES / MEDIA,"Visual media, icon, screenshot, or banner asset",No direct code references found,None,REVIEW,NO,NO
D:\HiddenYatra\static\uploads\submissions\sub_87afdfe712.jpeg,sub_87afdfe712.jpeg,.jpeg,154358,G. IMAGES / MEDIA,"Visual media, icon, screenshot, or banner asset",No direct code references found,None,REVIEW,NO,NO
D:\HiddenYatra\static\uploads\submissions\sub_99f89fb0fb.jpeg,sub_99f89fb0fb.jpeg,.jpeg,227299,G. IMAGES / MEDIA,"Visual media, icon, screenshot, or banner asset",No direct code references found,None,REVIEW,NO,NO
D:\HiddenYatra\static\uploads\submissions\sub_9db9d70174.jpeg,sub_9db9d70174.jpeg,.jpeg,107099,G. IMAGES / MEDIA,"Visual media, icon, screenshot, or banner asset",No direct code references found,None,REVIEW,NO,NO
D:\HiddenYatra\static\uploads\submissions\sub_b85b7de106.jpeg,sub_b85b7de106.jpeg,.jpeg,150713,G. IMAGES / MEDIA,"Visual media, icon, screenshot, or banner asset",No direct code references found,None,REVIEW,NO,NO
D:\HiddenYatra\templates\403.html,403.html,.html,1057,C. UI / TEMPLATES,Jinja2 HTML view template,app.py; scratch/generate_all_structure_audit_reports.py; scratch/interactive_controls_inventory.json,extends: base.html,REVIEW (MEDIUM-RISK),NO,NO
D:\HiddenYatra\templates\404.html,404.html,.html,1158,C. UI / TEMPLATES,Jinja2 HTML view template,app.py; routes/main.py; routes/places.py; scratch/generate_all_structure_audit_reports.py; scratch/interactive_controls_inventory.json,extends: base.html,REVIEW (MEDIUM-RISK),NO,NO
D:\HiddenYatra\templates\413.html,413.html,.html,541,C. UI / TEMPLATES,Jinja2 HTML view template,app.py; scratch/generate_all_structure_audit_reports.py; scratch/interactive_controls_inventory.json,extends: base.html,REVIEW (MEDIUM-RISK),NO,NO
D:\HiddenYatra\templates\429.html,429.html,.html,1056,C. UI / TEMPLATES,Jinja2 HTML view template,app.py; scratch/generate_all_structure_audit_reports.py; scratch/interactive_controls_inventory.json,extends: base.html,REVIEW (MEDIUM-RISK),NO,NO
D:\HiddenYatra\templates\500.html,500.html,.html,677,C. UI / TEMPLATES,Jinja2 HTML view template,app.py; scratch/generate_all_structure_audit_reports.py; scratch/interactive_controls_inventory.json,extends: base.html,REVIEW (MEDIUM-RISK),NO,NO
D:\HiddenYatra\templates\archaeology.html,archaeology.html,.html,6426,C. UI / TEMPLATES,Jinja2 HTML view template,routes/main.py,extends: base.html,REVIEW (MEDIUM-RISK),NO,NO
D:\HiddenYatra\templates\archaeology_detail.html,archaeology_detail.html,.html,4665,C. UI / TEMPLATES,Jinja2 HTML view template,routes/main.py,extends: base.html,REVIEW (MEDIUM-RISK),NO,NO
D:\HiddenYatra\templates\art_detail.html,art_detail.html,.html,4711,C. UI / TEMPLATES,Jinja2 HTML view template,routes/main.py,extends: base.html,REVIEW (MEDIUM-RISK),NO,NO
D:\HiddenYatra\templates\base.html,base.html,.html,24479,C. UI / TEMPLATES,Jinja2 HTML view template,FINAL_ENGINEERING_REPORT.md; FIXES.md; MAP_FIX_CHANGELOG.md; MAP_FIX_TEST_REPORT.md; UIUX_AUDIT_REPORT.md,static: css/main.min.css; static: css/components.min.css; static: css/animations.min.css; static: logo-icon.svg; static: logo-icon.svg; static: js/app.min.js,REVIEW (MEDIUM-RISK),NO,NO
D:\HiddenYatra\templates\block.html,block.html,.html,2605,C. UI / TEMPLATES,Jinja2 HTML view template,routes/main.py; scratch/generate_all_structure_audit_reports.py,extends: base.html; includes: partials/place_card.html,REVIEW (MEDIUM-RISK),NO,NO
D:\HiddenYatra\templates\browse.html,browse.html,.html,2268,C. UI / TEMPLATES,Jinja2 HTML view template,UIUX_AUDIT_REPORT.md; routes/main.py; routes/stays.py; scratch/generate_all_structure_audit_reports.py; scratch/interactive_controls_inventory.json,extends: base.html,REVIEW (MEDIUM-RISK),NO,NO
D:\HiddenYatra\templates\budget_planner.html,budget_planner.html,.html,9696,C. UI / TEMPLATES,Jinja2 HTML view template,routes/main.py; scratch/generate_all_structure_audit_reports.py,extends: base.html,REVIEW (MEDIUM-RISK),NO,NO
D:\HiddenYatra\templates\circuits.html,circuits.html,.html,4908,C. UI / TEMPLATES,Jinja2 HTML view template,routes/main.py,extends: base.html,REVIEW (MEDIUM-RISK),NO,NO
D:\HiddenYatra\templates\circuit_detail.html,circuit_detail.html,.html,6202,C. UI / TEMPLATES,Jinja2 HTML view template,routes/main.py,extends: base.html,REVIEW (MEDIUM-RISK),NO,NO
D:\HiddenYatra\templates\crafts.html,crafts.html,.html,3556,C. UI / TEMPLATES,Jinja2 HTML view template,routes/main.py; scratch/generate_all_structure_audit_reports.py,extends: base.html,REVIEW (MEDIUM-RISK),NO,NO
D:\HiddenYatra\templates\craft_detail.html,craft_detail.html,.html,7302,C. UI / TEMPLATES,Jinja2 HTML view template,routes/main.py; scratch/generate_all_structure_audit_reports.py,extends: base.html,REVIEW (MEDIUM-RISK),NO,NO
D:\HiddenYatra\templates\dish_detail.html,dish_detail.html,.html,6444,C. UI / TEMPLATES,Jinja2 HTML view template,routes/main.py; scratch/generate_all_structure_audit_reports.py,extends: base.html,REVIEW (MEDIUM-RISK),NO,NO
D:\HiddenYatra\templates\district.html,district.html,.html,28459,C. UI / TEMPLATES,Jinja2 HTML view template,MAP_FIX_CHANGELOG.md; MAP_FIX_TEST_REPORT.md; UIUX_AUDIT_REPORT.md; routes/admin.py; routes/main.py,extends: base.html; includes: partials/place_card.html; static: js/map.js,REVIEW (MEDIUM-RISK),NO,NO
D:\HiddenYatra\templates\eco_pledge.html,eco_pledge.html,.html,4659,C. UI / TEMPLATES,Jinja2 HTML view template,routes/main.py,extends: base.html,REVIEW (MEDIUM-RISK),NO,NO
D:\HiddenYatra\templates\explore_map.html,explore_map.html,.html,77184,C. UI / TEMPLATES,Jinja2 HTML view template,MAP_FIX_CHANGELOG.md; MAP_FIX_TEST_REPORT.md; UIUX_AUDIT_REPORT.md; routes/main.py; scratch/generate_all_structure_audit_reports.py,extends: base.html; static: css/explore-map.css; static: css/map/layer-manager.css; static: css/map/controls.css; static: css/map/mode-dock.css; static: js/map/map-state.js,REVIEW (MEDIUM-RISK),NO,NO
D:\HiddenYatra\templates\festivals.html,festivals.html,.html,5119,C. UI / TEMPLATES,Jinja2 HTML view template,routes/main.py; scratch/generate_all_structure_audit_reports.py,extends: base.html,REVIEW (MEDIUM-RISK),NO,NO
D:\HiddenYatra\templates\festival_detail.html,festival_detail.html,.html,6308,C. UI / TEMPLATES,Jinja2 HTML view template,routes/main.py; scratch/generate_all_structure_audit_reports.py,extends: base.html,REVIEW (MEDIUM-RISK),NO,NO
D:\HiddenYatra\templates\food_culture.html,food_culture.html,.html,13553,C. UI / TEMPLATES,Jinja2 HTML view template,UIUX_AUDIT_REPORT.md; routes/main.py,extends: base.html,REVIEW (MEDIUM-RISK),NO,NO
D:\HiddenYatra\templates\gastronomy.html,gastronomy.html,.html,7607,C. UI / TEMPLATES,Jinja2 HTML view template,routes/main.py; scratch/generate_all_structure_audit_reports.py,extends: base.html,REVIEW (MEDIUM-RISK),NO,NO
D:\HiddenYatra\templates\guides.html,guides.html,.html,7824,C. UI / TEMPLATES,Jinja2 HTML view template,routes/main.py,extends: base.html,REVIEW (MEDIUM-RISK),NO,NO
D:\HiddenYatra\templates\guide_detail.html,guide_detail.html,.html,8355,C. UI / TEMPLATES,Jinja2 HTML view template,routes/main.py,extends: base.html,REVIEW (MEDIUM-RISK),NO,NO
D:\HiddenYatra\templates\index.html,index.html,.html,43034,C. UI / TEMPLATES,Jinja2 HTML view template,FINAL_PRE_SUBMISSION_AUDIT.md; UIUX_AUDIT_REPORT.md; UIUX_FIX_REPORT.md; routes/main.py; scratch/generate_all_structure_audit_reports.py,extends: base.html; includes: partials/place_card.html; includes: partials/place_card.html,REVIEW (MEDIUM-RISK),NO,NO
D:\HiddenYatra\templates\itinerary.html,itinerary.html,.html,66821,C. UI / TEMPLATES,Jinja2 HTML view template,FINAL_ENGINEERING_REPORT.md; FINAL_PRE_SUBMISSION_AUDIT.md; UIUX_AUDIT_REPORT.md; routes/itinerary.py; scratch/generate_all_structure_audit_reports.py,extends: base.html; includes: partials/smart_nearby_discovery.html,REVIEW (MEDIUM-RISK),NO,NO
D:\HiddenYatra\templates\itinerary_detail.html,itinerary_detail.html,.html,6233,C. UI / TEMPLATES,Jinja2 HTML view template,FINAL_PRE_SUBMISSION_AUDIT.md; MAP_FIX_CHANGELOG.md; MAP_FIX_TEST_REPORT.md; UIUX_AUDIT_REPORT.md; routes/itinerary.py,extends: base.html; static: js/map.js,REVIEW (MEDIUM-RISK),NO,NO
D:\HiddenYatra\templates\numismatics.html,numismatics.html,.html,4182,C. UI / TEMPLATES,Jinja2 HTML view template,routes/main.py; scratch/generate_all_structure_audit_reports.py,extends: base.html,REVIEW (MEDIUM-RISK),NO,NO
D:\HiddenYatra\templates\offline.html,offline.html,.html,2908,C. UI / TEMPLATES,Jinja2 HTML view template,routes/main.py; scratch/generate_all_structure_audit_reports.py,extends: base.html,REVIEW (MEDIUM-RISK),NO,NO
D:\HiddenYatra\templates\panoramas.html,panoramas.html,.html,7191,C. UI / TEMPLATES,Jinja2 HTML view template,UIUX_AUDIT_REPORT.md; routes/main.py,extends: base.html,REVIEW (MEDIUM-RISK),NO,NO
D:\HiddenYatra\templates\panorama_viewer.html,panorama_viewer.html,.html,8835,C. UI / TEMPLATES,Jinja2 HTML view template,routes/main.py; scratch/generate_all_structure_audit_reports.py,extends: base.html,REVIEW (MEDIUM-RISK),NO,NO
D:\HiddenYatra\templates\performing_arts.html,performing_arts.html,.html,8009,C. UI / TEMPLATES,Jinja2 HTML view template,routes/main.py,extends: base.html,REVIEW (MEDIUM-RISK),NO,NO
D:\HiddenYatra\templates\place.html,place.html,.html,74076,C. UI / TEMPLATES,Jinja2 HTML view template,UIUX_AUDIT_REPORT.md; routes/admin.py; routes/community.py; routes/places.py; scratch/generate_all_structure_audit_reports.py,extends: base.html; static: js/map.js; static: js/gallery.js,REVIEW (MEDIUM-RISK),NO,NO
D:\HiddenYatra\templates\quiz.html,quiz.html,.html,11337,C. UI / TEMPLATES,Jinja2 HTML view template,routes/main.py,extends: base.html,REVIEW (MEDIUM-RISK),NO,NO
D:\HiddenYatra\templates\safety.html,safety.html,.html,12327,C. UI / TEMPLATES,Jinja2 HTML view template,routes/main.py; scratch/generate_all_structure_audit_reports.py,extends: base.html,REVIEW (MEDIUM-RISK),NO,NO
D:\HiddenYatra\templates\scholars.html,scholars.html,.html,8282,C. UI / TEMPLATES,Jinja2 HTML view template,routes/main.py,extends: base.html,REVIEW (MEDIUM-RISK),NO,NO
D:\HiddenYatra\templates\scholar_detail.html,scholar_detail.html,.html,4662,C. UI / TEMPLATES,Jinja2 HTML view template,routes/main.py,extends: base.html,REVIEW (MEDIUM-RISK),NO,NO
D:\HiddenYatra\templates\search.html,search.html,.html,8554,C. UI / TEMPLATES,Jinja2 HTML view template,routes/main.py; scratch/interactive_controls_inventory.json,extends: base.html; includes: partials/smart_nearby_discovery.html; includes: partials/place_card.html; includes: partials/place_card.html,REVIEW (MEDIUM-RISK),NO,NO
D:\HiddenYatra\templates\souvenirs.html,souvenirs.html,.html,6633,C. UI / TEMPLATES,Jinja2 HTML view template,routes/main.py,extends: base.html,REVIEW (MEDIUM-RISK),NO,NO
D:\HiddenYatra\templates\souvenir_detail.html,souvenir_detail.html,.html,4989,C. UI / TEMPLATES,Jinja2 HTML view template,routes/main.py,extends: base.html,REVIEW (MEDIUM-RISK),NO,NO
D:\HiddenYatra\templates\state.html,state.html,.html,15161,C. UI / TEMPLATES,Jinja2 HTML view template,routes/main.py; scratch/generate_all_structure_audit_reports.py; scratch/interactive_controls_inventory.json,extends: base.html; includes: partials/place_card.html,REVIEW (MEDIUM-RISK),NO,NO
D:\HiddenYatra\templates\transport.html,transport.html,.html,11896,C. UI / TEMPLATES,Jinja2 HTML view template,UIUX_AUDIT_REPORT.md; routes/main.py,extends: base.html,REVIEW (MEDIUM-RISK),NO,NO
D:\HiddenYatra\templates\treks.html,treks.html,.html,6638,C. UI / TEMPLATES,Jinja2 HTML view template,routes/main.py; scratch/generate_all_structure_audit_reports.py,extends: base.html,REVIEW (MEDIUM-RISK),NO,NO
D:\HiddenYatra\templates\trek_detail.html,trek_detail.html,.html,5175,C. UI / TEMPLATES,Jinja2 HTML view template,routes/main.py; scratch/generate_all_structure_audit_reports.py,extends: base.html,REVIEW (MEDIUM-RISK),NO,NO
D:\HiddenYatra\templates\volunteer.html,volunteer.html,.html,11773,C. UI / TEMPLATES,Jinja2 HTML view template,routes/main.py,extends: base.html,REVIEW (MEDIUM-RISK),NO,NO
D:\HiddenYatra\templates\weather.html,weather.html,.html,9535,C. UI / TEMPLATES,Jinja2 HTML view template,UIUX_AUDIT_REPORT.md; routes/main.py,extends: base.html,REVIEW (MEDIUM-RISK),NO,NO
D:\HiddenYatra\templates\weather_detail.html,weather_detail.html,.html,6322,C. UI / TEMPLATES,Jinja2 HTML view template,routes/main.py,extends: base.html,REVIEW (MEDIUM-RISK),NO,NO
D:\HiddenYatra\templates\wildlife.html,wildlife.html,.html,6028,C. UI / TEMPLATES,Jinja2 HTML view template,routes/main.py; scratch/generate_all_structure_audit_reports.py,extends: base.html,REVIEW (MEDIUM-RISK),NO,NO
D:\HiddenYatra\templates\wildlife_detail.html,wildlife_detail.html,.html,5677,C. UI / TEMPLATES,Jinja2 HTML view template,routes/main.py; scratch/generate_all_structure_audit_reports.py,extends: base.html,REVIEW (MEDIUM-RISK),NO,NO
D:\HiddenYatra\templates\wishlist.html,wishlist.html,.html,2667,C. UI / TEMPLATES,Jinja2 HTML view template,UIUX_AUDIT_REPORT.md; routes/wishlist.py; scratch/generate_all_structure_audit_reports.py; scratch/interactive_controls_inventory.json,extends: base.html,REVIEW (MEDIUM-RISK),NO,NO
D:\HiddenYatra\templates\admin\add_place.html,add_place.html,.html,6960,C. UI / TEMPLATES,Jinja2 HTML view template,routes/admin.py; scratch/interactive_controls_inventory.json,extends: base.html; static: js/map.js; static: js/admin.js,REVIEW (MEDIUM-RISK),NO,NO
D:\HiddenYatra\templates\admin\auth_appearance.html,auth_appearance.html,.html,15598,C. UI / TEMPLATES,Jinja2 HTML view template,routes/admin.py; scratch/interactive_controls_inventory.json,extends: base.html; includes: partials/admin_sidebar.html; static: css/admin.css,REVIEW (MEDIUM-RISK),NO,NO
D:\HiddenYatra\templates\admin\dashboard.html,dashboard.html,.html,25130,C. UI / TEMPLATES,Jinja2 HTML view template,routes/admin.py; routes/host.py; scratch/generate_all_structure_audit_reports.py; scratch/interactive_controls_inventory.json,extends: base.html; includes: partials/admin_sidebar.html; static: css/admin.css,REVIEW (MEDIUM-RISK),NO,NO
D:\HiddenYatra\templates\admin\districts.html,districts.html,.html,11774,C. UI / TEMPLATES,Jinja2 HTML view template,routes/admin.py; scratch/interactive_controls_inventory.json,extends: base.html,REVIEW (MEDIUM-RISK),NO,NO
D:\HiddenYatra\templates\admin\edit_district.html,edit_district.html,.html,5839,C. UI / TEMPLATES,Jinja2 HTML view template,routes/admin.py; scratch/interactive_controls_inventory.json,extends: base.html,REVIEW (MEDIUM-RISK),NO,NO
D:\HiddenYatra\templates\admin\edit_place.html,edit_place.html,.html,29000,C. UI / TEMPLATES,Jinja2 HTML view template,routes/admin.py; scratch/interactive_controls_inventory.json,extends: base.html,REVIEW (MEDIUM-RISK),NO,NO
D:\HiddenYatra\templates\admin\hero_media.html,hero_media.html,.html,13730,C. UI / TEMPLATES,Jinja2 HTML view template,routes/admin.py; scratch/interactive_controls_inventory.json,extends: base.html; includes: partials/admin_sidebar.html; static: css/admin.css,REVIEW (MEDIUM-RISK),NO,NO
D:\HiddenYatra\templates\admin\hosts.html,hosts.html,.html,11059,C. UI / TEMPLATES,Jinja2 HTML view template,routes/admin.py; scratch/interactive_controls_inventory.json,extends: base.html; static: css/admin.css,REVIEW (MEDIUM-RISK),NO,NO
D:\HiddenYatra\templates\admin\login.html,login.html,.html,4169,C. UI / TEMPLATES,Jinja2 HTML view template,AUDIT.md; FIXES.md; UIUX_AUDIT_REPORT.md; routes/admin.py; routes/auth.py,extends: base.html; static: css/admin.min.css; static: logo-icon.svg,REVIEW (MEDIUM-RISK),NO,NO
D:\HiddenYatra\templates\admin\logs.html,logs.html,.html,2036,C. UI / TEMPLATES,Jinja2 HTML view template,routes/admin.py; scratch/interactive_controls_inventory.json,extends: base.html,REVIEW (MEDIUM-RISK),NO,NO
D:\HiddenYatra\templates\admin\nearby_services.html,nearby_services.html,.html,6262,C. UI / TEMPLATES,Jinja2 HTML view template,routes/admin.py; scratch/interactive_controls_inventory.json,extends: base.html,REVIEW (MEDIUM-RISK),NO,NO
D:\HiddenYatra\templates\admin\recycle_bin.html,recycle_bin.html,.html,10883,C. UI / TEMPLATES,Jinja2 HTML view template,routes/admin.py; scratch/interactive_controls_inventory.json; scratch/test_all_delete_buttons.py,extends: base.html,REVIEW (MEDIUM-RISK),NO,NO
D:\HiddenYatra\templates\admin\stay_requests.html,stay_requests.html,.html,9400,C. UI / TEMPLATES,Jinja2 HTML view template,routes/admin.py,extends: base.html,REVIEW (MEDIUM-RISK),NO,NO
D:\HiddenYatra\templates\admin\submissions.html,submissions.html,.html,8594,C. UI / TEMPLATES,Jinja2 HTML view template,routes/admin.py; routes/community.py; scratch/interactive_controls_inventory.json,extends: base.html,REVIEW (MEDIUM-RISK),NO,NO
D:\HiddenYatra\templates\admin\submission_detail.html,submission_detail.html,.html,10442,C. UI / TEMPLATES,Jinja2 HTML view template,routes/admin.py; scratch/interactive_controls_inventory.json,extends: base.html,REVIEW (MEDIUM-RISK),NO,NO
D:\HiddenYatra\templates\admin\trending.html,trending.html,.html,10807,C. UI / TEMPLATES,Jinja2 HTML view template,routes/admin.py; scratch/interactive_controls_inventory.json,extends: base.html,REVIEW (MEDIUM-RISK),NO,NO
D:\HiddenYatra\templates\admin\users.html,users.html,.html,5626,C. UI / TEMPLATES,Jinja2 HTML view template,routes/admin.py; scratch/generate_all_structure_audit_reports.py; scratch/interactive_controls_inventory.json,extends: base.html,REVIEW (MEDIUM-RISK),NO,NO
D:\HiddenYatra\templates\admin\user_photos.html,user_photos.html,.html,6110,C. UI / TEMPLATES,Jinja2 HTML view template,routes/admin.py; scratch/interactive_controls_inventory.json,extends: base.html,REVIEW (MEDIUM-RISK),NO,NO
D:\HiddenYatra\templates\auth\forgot_password.html,forgot_password.html,.html,3233,C. UI / TEMPLATES,Jinja2 HTML view template,UIUX_AUDIT_REPORT.md; routes/auth.py; scratch/generate_all_structure_audit_reports.py; scratch/interactive_controls_inventory.json,extends: base.html; static: logo-icon.svg,REVIEW (MEDIUM-RISK),NO,NO
D:\HiddenYatra\templates\auth\login.html,login.html,.html,11357,C. UI / TEMPLATES,Jinja2 HTML view template,AUDIT.md; FIXES.md; UIUX_AUDIT_REPORT.md; routes/admin.py; routes/auth.py,extends: base.html; static: uploads/auth/; static: logo-icon.svg,REVIEW (MEDIUM-RISK),NO,NO
D:\HiddenYatra\templates\auth\profile.html,profile.html,.html,3401,C. UI / TEMPLATES,Jinja2 HTML view template,UIUX_AUDIT_REPORT.md; routes/auth.py; scratch/generate_all_structure_audit_reports.py; scratch/interactive_controls_inventory.json,extends: base.html; includes: partials/place_card.html; includes: partials/place_card.html,REVIEW (MEDIUM-RISK),NO,NO
D:\HiddenYatra\templates\auth\reset_password.html,reset_password.html,.html,4919,C. UI / TEMPLATES,Jinja2 HTML view template,routes/auth.py; scratch/generate_all_structure_audit_reports.py; scratch/interactive_controls_inventory.json,extends: base.html; static: logo-icon.svg,REVIEW (MEDIUM-RISK),NO,NO
D:\HiddenYatra\templates\auth\signup.html,signup.html,.html,15286,C. UI / TEMPLATES,Jinja2 HTML view template,UIUX_AUDIT_REPORT.md; routes/auth.py; scratch/generate_all_structure_audit_reports.py; scratch/interactive_controls_inventory.json,extends: base.html; static: uploads/auth/; static: logo-icon.svg,REVIEW (MEDIUM-RISK),NO,NO
D:\HiddenYatra\templates\auth\verify_email.html,verify_email.html,.html,5008,C. UI / TEMPLATES,Jinja2 HTML view template,routes/auth.py; scratch/interactive_controls_inventory.json,extends: base.html; static: logo-icon.svg,REVIEW (MEDIUM-RISK),NO,NO
D:\HiddenYatra\templates\community\my_submissions.html,my_submissions.html,.html,2022,C. UI / TEMPLATES,Jinja2 HTML view template,routes/community.py; scratch/interactive_controls_inventory.json,extends: base.html,REVIEW (MEDIUM-RISK),NO,NO
D:\HiddenYatra\templates\community\suggest_place.html,suggest_place.html,.html,41068,C. UI / TEMPLATES,Jinja2 HTML view template,routes/community.py; scratch/interactive_controls_inventory.json,extends: base.html,REVIEW (MEDIUM-RISK),NO,NO
D:\HiddenYatra\templates\host\become_host.html,become_host.html,.html,13758,C. UI / TEMPLATES,Jinja2 HTML view template,routes/host.py; scratch/interactive_controls_inventory.json,extends: base.html,REVIEW (MEDIUM-RISK),NO,NO
D:\HiddenYatra\templates\host\dashboard.html,dashboard.html,.html,8828,C. UI / TEMPLATES,Jinja2 HTML view template,routes/admin.py; routes/host.py; scratch/generate_all_structure_audit_reports.py; scratch/interactive_controls_inventory.json,extends: base.html,REVIEW (MEDIUM-RISK),NO,NO
D:\HiddenYatra\templates\host\listing_form.html,listing_form.html,.html,19793,C. UI / TEMPLATES,Jinja2 HTML view template,routes/host.py; scratch/interactive_controls_inventory.json,extends: base.html,REVIEW (MEDIUM-RISK),NO,NO
D:\HiddenYatra\templates\host\my_listings.html,my_listings.html,.html,9600,C. UI / TEMPLATES,Jinja2 HTML view template,routes/host.py; scratch/interactive_controls_inventory.json,extends: base.html,REVIEW (MEDIUM-RISK),NO,NO
D:\HiddenYatra\templates\host\profile_edit.html,profile_edit.html,.html,6256,C. UI / TEMPLATES,Jinja2 HTML view template,routes/host.py; scratch/interactive_controls_inventory.json,extends: base.html,REVIEW (MEDIUM-RISK),NO,NO
D:\HiddenYatra\templates\host\requests.html,requests.html,.html,14973,C. UI / TEMPLATES,Jinja2 HTML view template,routes/admin.py; routes/host.py,extends: base.html,REVIEW (MEDIUM-RISK),NO,NO
D:\HiddenYatra\templates\partials\admin_sidebar.html,admin_sidebar.html,.html,5828,C. UI / TEMPLATES,Jinja2 HTML view template,scratch/interactive_controls_inventory.json; templates/admin/auth_appearance.html; templates/admin/dashboard.html; templates/admin/hero_media.html,includes: partials/admin_sidebar.html; static: logo-icon.svg,REVIEW (MEDIUM-RISK),NO,NO
D:\HiddenYatra\templates\partials\place_card.html,place_card.html,.html,4958,C. UI / TEMPLATES,Jinja2 HTML view template,scratch/interactive_controls_inventory.json; templates/block.html; templates/district.html; templates/index.html; templates/search.html,"static: placeholder-place.svg; static: placeholder-waterfall.svg; static: placeholder-temple.svg; static: placeholder-fort.svg; static: placeholder-nature.svg; static: uploads/places/' + place.cover_image) }}{% endif %}"" alt=""{{ place.name }}"" loading=""lazy"" decoding=""async"" onload=""this.classList.add('loaded",REVIEW (MEDIUM-RISK),NO,NO
D:\HiddenYatra\templates\partials\smart_nearby_discovery.html,smart_nearby_discovery.html,.html,6166,C. UI / TEMPLATES,Jinja2 HTML view template,FINAL_ENGINEERING_REPORT.md; scratch/interactive_controls_inventory.json; templates/itinerary.html; templates/search.html; tests/test_smart_nearby.py,static: css/smart-nearby.css; static: js/smart-nearby.js,REVIEW (MEDIUM-RISK),NO,NO
D:\HiddenYatra\templates\stays\browse.html,browse.html,.html,15720,C. UI / TEMPLATES,Jinja2 HTML view template,UIUX_AUDIT_REPORT.md; routes/main.py; routes/stays.py; scratch/generate_all_structure_audit_reports.py; scratch/interactive_controls_inventory.json,extends: base.html,REVIEW (MEDIUM-RISK),NO,NO
D:\HiddenYatra\templates\stays\detail.html,detail.html,.html,20457,C. UI / TEMPLATES,Jinja2 HTML view template,FINAL_PRE_SUBMISSION_AUDIT.md; MAP_FIX_CHANGELOG.md; MAP_FIX_TEST_REPORT.md; UIUX_AUDIT_REPORT.md; routes/admin.py,extends: base.html,REVIEW (MEDIUM-RISK),NO,NO
D:\HiddenYatra\templates\user\my_stays.html,my_stays.html,.html,11747,C. UI / TEMPLATES,Jinja2 HTML view template,routes/stays.py,extends: base.html,REVIEW (MEDIUM-RISK),NO,NO
D:\HiddenYatra\tests\test_admin.py,test_admin.py,.py,1905,J. TESTS,"Automated unit, integration, or regression test",No direct code references found,import unittest; from flask import Flask; from models.admin_db import format_audit_log_entry; from routes.admin import admin_bp,REVIEW (LOW-RISK),NO,NO
D:\HiddenYatra\tests\test_archaeology.py,test_archaeology.py,.py,5045,J. TESTS,"Automated unit, integration, or regression test",No direct code references found,"import unittest; from flask import Flask; from routes.api import api_bp; from models.archaeology import (; from models.archaeology import get_all_numismatic_hoards, get_coin_hoard_by_slug",REVIEW (LOW-RISK),NO,NO
D:\HiddenYatra\tests\test_auth.py,test_auth.py,.py,1278,J. TESTS,"Automated unit, integration, or regression test",scratch/generate_all_structure_audit_reports.py,import unittest; from utils.email_otp import check_otp_rate_limit; from routes.auth import validate_password_strength,REVIEW (LOW-RISK),NO,NO
D:\HiddenYatra\tests\test_browser_api.py,test_browser_api.py,.py,5500,J. TESTS,"Automated unit, integration, or regression test",POST_BATCH7_REGRESSION_REPORT.md; POST_BATCH8_REGRESSION_REPORT.md,import unittest; import time; import json; import urllib.request; import urllib.parse; from datetime import datetime,REVIEW (LOW-RISK),NO,NO
D:\HiddenYatra\tests\test_budget_planner.py,test_budget_planner.py,.py,5110,J. TESTS,"Automated unit, integration, or regression test",No direct code references found,"import unittest; from flask import Flask; from routes.api import api_bp; from models.budget_planner import (; from models.budget_planner import get_district_cost_index, get_district_adjusted_budget; from models.budget_planner import get_tipping_and_cash_guidelines",REVIEW (LOW-RISK),NO,NO
D:\HiddenYatra\tests\test_circuits.py,test_circuits.py,.py,1878,J. TESTS,"Automated unit, integration, or regression test",tests/test_discovery_milestone.py,import unittest; from models.circuits import (,REVIEW (LOW-RISK),NO,NO
D:\HiddenYatra\tests\test_community.py,test_community.py,.py,1288,J. TESTS,"Automated unit, integration, or regression test",FIXES.md,import unittest; from app import create_app; from models.database import get_db; from models.places import get_submission_status_meta,REVIEW (LOW-RISK),NO,NO
D:\HiddenYatra\tests\test_crafts.py,test_crafts.py,.py,1409,J. TESTS,"Automated unit, integration, or regression test",tests/test_discovery_milestone.py,import unittest; from models.crafts import (,REVIEW (LOW-RISK),NO,NO
D:\HiddenYatra\tests\test_database.py,test_database.py,.py,7512,J. TESTS,"Automated unit, integration, or regression test",POST_BATCH4_REGRESSION_REPORT.md; POST_BATCH5_REGRESSION_REPORT.md; POST_BATCH6_REGRESSION_REPORT.md; POST_BATCH7_REGRESSION_REPORT.md; POST_BATCH8_REGRESSION_REPORT.md,import os; import sys; import unittest; from models import database; from models.database import PLACE_CATEGORIES; from models.database import slugify,REVIEW (LOW-RISK),NO,NO
D:\HiddenYatra\tests\test_discovery_contract.py,test_discovery_contract.py,.py,1399,J. TESTS,"Automated unit, integration, or regression test",JEHANABAD_38_OF_38_REGRESSION_REPORT.md; POST_BATCH2_REGRESSION_REPORT.md; POST_BATCH3_REGRESSION_REPORT.md; POST_BATCH4_REGRESSION_REPORT.md; POST_BATCH5_REGRESSION_REPORT.md,"import unittest; from models.circuits import get_all_circuits, get_circuit_by_slug; from models.festivals import get_all_festivals; from models.crafts import get_all_crafts; from models.eco import get_responsible_travel_code",REVIEW (LOW-RISK),NO,NO
D:\HiddenYatra\tests\test_discovery_milestone.py,test_discovery_milestone.py,.py,1114,J. TESTS,"Automated unit, integration, or regression test",No direct code references found,import unittest; import sys; from tests.test_circuits import TestCircuitsModel; from tests.test_places_audio import TestPlaceAudioGuides; from tests.test_festivals import TestFestivalsModel; from tests.test_crafts import TestCraftsModel,REVIEW (LOW-RISK),NO,NO
D:\HiddenYatra\tests\test_eco.py,test_eco.py,.py,1149,J. TESTS,"Automated unit, integration, or regression test",tests/test_discovery_milestone.py,"import unittest; from models.eco import get_responsible_travel_code, validate_pledge_submission",REVIEW (LOW-RISK),NO,NO
D:\HiddenYatra\tests\test_festivals.py,test_festivals.py,.py,1222,J. TESTS,"Automated unit, integration, or regression test",tests/test_discovery_milestone.py,import unittest; from models.festivals import (,REVIEW (LOW-RISK),NO,NO
D:\HiddenYatra\tests\test_gastronomy.py,test_gastronomy.py,.py,3418,J. TESTS,"Automated unit, integration, or regression test",No direct code references found,import unittest; from flask import Flask; from routes.api import api_bp; from models.gastronomy import (,REVIEW (LOW-RISK),NO,NO
D:\HiddenYatra\tests\test_guides.py,test_guides.py,.py,6493,J. TESTS,"Automated unit, integration, or regression test",No direct code references found,import unittest; from flask import Flask; from routes.api import api_bp; from models.guides import (; from models.guides import get_guide_ethics_standards; from models.guides import verify_guide_license,REVIEW (LOW-RISK),NO,NO
D:\HiddenYatra\tests\test_hosts.py,test_hosts.py,.py,1460,J. TESTS,"Automated unit, integration, or regression test",No direct code references found,"import unittest; from datetime import date, timedelta; from models.hosts import validate_stay_dates, check_listing_capacity, calculate_stay_pricing",REVIEW (LOW-RISK),NO,NO
D:\HiddenYatra\tests\test_hymap_system.py,test_hymap_system.py,.py,36488,J. TESTS,"Automated unit, integration, or regression test",scratch/generate_all_structure_audit_reports.py,import os; import json; import unittest; from app import create_app; import importlib; import config as cfg_mod,REVIEW (LOW-RISK),NO,NO
D:\HiddenYatra\tests\test_hymap_terrain.py,test_hymap_terrain.py,.py,8814,J. TESTS,"Automated unit, integration, or regression test",No direct code references found,import os; import sys; import unittest; from dotenv import load_dotenv; from app import create_app; import importlib,REVIEW (LOW-RISK),NO,NO
D:\HiddenYatra\tests\test_hymap_terrain_loader.py,test_hymap_terrain_loader.py,.py,12189,J. TESTS,"Automated unit, integration, or regression test",No direct code references found,import os; import sys; import json; import math; import unittest; from scripts.preprocess_dem_tiles import (,REVIEW (LOW-RISK),NO,NO
D:\HiddenYatra\tests\test_hymap_terrain_tiles.py,test_hymap_terrain_tiles.py,.py,7058,J. TESTS,"Automated unit, integration, or regression test",No direct code references found,import os; import sys; import math; import json; import struct; import unittest,REVIEW (LOW-RISK),NO,NO
D:\HiddenYatra\tests\test_intellectual_heritage.py,test_intellectual_heritage.py,.py,4759,J. TESTS,"Automated unit, integration, or regression test",No direct code references found,import unittest; from flask import Flask; from routes.api import api_bp; from models.intellectual_heritage import (; from models.intellectual_heritage import get_all_treatises; from models.intellectual_heritage import get_nalanda_library_towers,REVIEW (LOW-RISK),NO,NO
D:\HiddenYatra\tests\test_itinerary.py,test_itinerary.py,.py,4752,J. TESTS,"Automated unit, integration, or regression test",POST_BATCH4_REGRESSION_REPORT.md; POST_BATCH5_REGRESSION_REPORT.md; POST_BATCH6_REGRESSION_REPORT.md; POST_BATCH7_REGRESSION_REPORT.md; POST_BATCH8_REGRESSION_REPORT.md,"import unittest; from routes.itinerary import SCORING_WEIGHTS; import math; import math; from models.itineraries import get_pacing_config, calculate_daily_slots; from models.itineraries import calculate_itinerary_budget",REVIEW (LOW-RISK),NO,NO
D:\HiddenYatra\tests\test_map.py,test_map.py,.py,971,J. TESTS,"Automated unit, integration, or regression test",No direct code references found,"import unittest; from models.places import calculate_haversine_distance, get_bounding_box",REVIEW (LOW-RISK),NO,NO
D:\HiddenYatra\tests\test_map_fixes.py,test_map_fixes.py,.py,12768,J. TESTS,"Automated unit, integration, or regression test",FINAL_PRE_SUBMISSION_AUDIT.md; JEHANABAD_38_OF_38_REGRESSION_REPORT.md; MAP_FIX_CHANGELOG.md; POST_BATCH1_REGRESSION_REPORT.md; POST_BATCH2_REGRESSION_REPORT.md,import os; import sys; import unittest; from dotenv import load_dotenv; from app import create_app; from models.connection import get_db,REVIEW (LOW-RISK),NO,NO
D:\HiddenYatra\tests\test_milestone_138.py,test_milestone_138.py,.py,4801,J. TESTS,"Automated unit, integration, or regression test",scratch/generate_all_structure_audit_reports.py,"import unittest; from flask import Flask; from routes.api import api_bp; from models.search_engine import search_cross_domain_heritage; from models.archaeology import get_all_archaeological_sites, get_all_numismatic_hoards; from models.weather import get_all_district_weather, classify_aqi_level",REVIEW (LOW-RISK),NO,NO
D:\HiddenYatra\tests\test_milestone_34.py,test_milestone_34.py,.py,3892,J. TESTS,"Automated unit, integration, or regression test",No direct code references found,"import unittest; from flask import Flask; from routes.api import api_bp; from models.panoramas import get_all_panoramas, get_panorama_by_slug; from models.gastronomy import get_all_dishes, get_gi_tagged_dishes, get_culinary_trails; from models.wildlife import get_all_sanctuaries, get_ramsar_wetlands",REVIEW (LOW-RISK),NO,NO
D:\HiddenYatra\tests\test_milestone_52.py,test_milestone_52.py,.py,6607,J. TESTS,"Automated unit, integration, or regression test",No direct code references found,"import unittest; from flask import Flask; from routes.api import api_bp; from routes.itinerary import itinerary_bp; from models.circuits import get_all_circuits, get_circuit_by_slug, calculate_circuit_metrics; from models.places import get_place_audio_guide",REVIEW (LOW-RISK),NO,NO
D:\HiddenYatra\tests\test_panoramas.py,test_panoramas.py,.py,3374,J. TESTS,"Automated unit, integration, or regression test",No direct code references found,import unittest; from flask import Flask; from routes.api import api_bp; from models.panoramas import (,REVIEW (LOW-RISK),NO,NO
D:\HiddenYatra\tests\test_performing_arts.py,test_performing_arts.py,.py,5039,J. TESTS,"Automated unit, integration, or regression test",No direct code references found,"import unittest; from flask import Flask; from routes.api import api_bp; from models.performing_arts import (; from models.performing_arts import get_all_folk_guilds, get_guild_by_id; from models.performing_arts import get_performance_seasons",REVIEW (LOW-RISK),NO,NO
D:\HiddenYatra\tests\test_places_audio.py,test_places_audio.py,.py,994,J. TESTS,"Automated unit, integration, or regression test",tests/test_discovery_milestone.py,"import unittest; from models.places import get_place_audio_guide, PLACE_AUDIO_GUIDES_DB",REVIEW (LOW-RISK),NO,NO
D:\HiddenYatra\tests\test_quiz.py,test_quiz.py,.py,4844,J. TESTS,"Automated unit, integration, or regression test",No direct code references found,import unittest; from flask import Flask; from routes.api import api_bp; from models.quiz import (; from models.quiz import generate_quiz_certificate,REVIEW (LOW-RISK),NO,NO
D:\HiddenYatra\tests\test_reviews.py,test_reviews.py,.py,535,J. TESTS,"Automated unit, integration, or regression test",FIXES.md,import unittest; from app import create_app,REVIEW (LOW-RISK),NO,NO
D:\HiddenYatra\tests\test_routes.py,test_routes.py,.py,12644,J. TESTS,"Automated unit, integration, or regression test",POST_BATCH3_REGRESSION_REPORT.md; POST_BATCH4_REGRESSION_REPORT.md; POST_BATCH5_REGRESSION_REPORT.md; POST_BATCH6_REGRESSION_REPORT.md; POST_BATCH7_REGRESSION_REPORT.md,import os; import sys; import unittest; from app import create_app; from models.places import get_places_by_filter,REVIEW (LOW-RISK),NO,NO
D:\HiddenYatra\tests\test_safety.py,test_safety.py,.py,4351,J. TESTS,"Automated unit, integration, or regression test",No direct code references found,import unittest; from flask import Flask; from routes.api import api_bp; from models.safety import (,REVIEW (LOW-RISK),NO,NO
D:\HiddenYatra\tests\test_search_engine.py,test_search_engine.py,.py,13538,J. TESTS,"Automated unit, integration, or regression test",JEHANABAD_38_OF_38_REGRESSION_REPORT.md; MAP_FIX_TEST_REPORT.md; POST_BATCH3_REGRESSION_REPORT.md; POST_BATCH4_REGRESSION_REPORT.md; POST_BATCH5_REGRESSION_REPORT.md,import unittest; import time; import math; from app import create_app; from models.search_engine import (; from models.search_engine import instant_search,REVIEW (LOW-RISK),NO,NO
D:\HiddenYatra\tests\test_security.py,test_security.py,.py,7948,J. TESTS,"Automated unit, integration, or regression test",docs/DeveloperGuide.md; scripts/tools/generate_presentation_files.py,import os; import sys; import unittest; from app import create_app; from config import allowed_file; from config import allowed_file,REVIEW (LOW-RISK),NO,NO
D:\HiddenYatra\tests\test_smart_nearby.py,test_smart_nearby.py,.py,12119,J. TESTS,"Automated unit, integration, or regression test",FIXES.md; JEHANABAD_38_OF_38_REGRESSION_REPORT.md; POST_BATCH3_REGRESSION_REPORT.md; POST_BATCH4_REGRESSION_REPORT.md; POST_BATCH5_REGRESSION_REPORT.md,"import unittest; from app import create_app; from models.database import (; from models.database import get_db, init_db; import os; import os",REVIEW (LOW-RISK),NO,NO
D:\HiddenYatra\tests\test_souvenirs.py,test_souvenirs.py,.py,5020,J. TESTS,"Automated unit, integration, or regression test",No direct code references found,import unittest; from flask import Flask; from routes.api import api_bp; from models.souvenirs import (; from models.souvenirs import get_all_artisan_workshops; from models.souvenirs import get_authenticity_checklist,REVIEW (LOW-RISK),NO,NO
D:\HiddenYatra\tests\test_stay_requests.py,test_stay_requests.py,.py,20891,J. TESTS,"Automated unit, integration, or regression test",No direct code references found,"import unittest; import sys; import os; from datetime import date, timedelta; from dotenv import load_dotenv; from app import create_app",REVIEW (LOW-RISK),NO,NO
D:\HiddenYatra\tests\test_sw.py,test_sw.py,.py,1015,J. TESTS,"Automated unit, integration, or regression test",No direct code references found,import unittest; import json; import os,REVIEW (LOW-RISK),NO,NO
D:\HiddenYatra\tests\test_transport.py,test_transport.py,.py,3464,J. TESTS,"Automated unit, integration, or regression test",No direct code references found,import unittest; from flask import Flask; from routes.api import api_bp; from models.transport import (,REVIEW (LOW-RISK),NO,NO
D:\HiddenYatra\tests\test_treks.py,test_treks.py,.py,4785,J. TESTS,"Automated unit, integration, or regression test",No direct code references found,import unittest; from flask import Flask; from routes.api import api_bp; from models.treks import (; from models.treks import get_all_eco_campsites; from models.treks import get_trek_fitness_levels,REVIEW (LOW-RISK),NO,NO
D:\HiddenYatra\tests\test_user_photos.py,test_user_photos.py,.py,596,J. TESTS,"Automated unit, integration, or regression test",FIXES.md,import unittest; from app import create_app,REVIEW (LOW-RISK),NO,NO
D:\HiddenYatra\tests\test_utils.py,test_utils.py,.py,3079,J. TESTS,"Automated unit, integration, or regression test",FIXES.md,"import os; import unittest; from unittest.mock import MagicMock; from PIL import Image; from utils.image import process_and_save_image; from utils import csrf_required, login_required, get_session_id",REVIEW (LOW-RISK),NO,NO
D:\HiddenYatra\tests\test_volunteer.py,test_volunteer.py,.py,4068,J. TESTS,"Automated unit, integration, or regression test",No direct code references found,import unittest; from flask import Flask; from routes.api import api_bp; from models.volunteer import (,REVIEW (LOW-RISK),NO,NO
D:\HiddenYatra\tests\test_weather.py,test_weather.py,.py,5565,J. TESTS,"Automated unit, integration, or regression test",No direct code references found,"import unittest; from flask import Flask; from routes.api import api_bp; from models.weather import (; from models.weather import get_all_seasonal_phenomena, get_phenomena_by_month; from models.weather import get_all_weather_emergency_alerts",REVIEW (LOW-RISK),NO,NO
D:\HiddenYatra\tests\test_wildlife.py,test_wildlife.py,.py,3108,J. TESTS,"Automated unit, integration, or regression test",No direct code references found,import unittest; from flask import Flask; from routes.api import api_bp; from models.wildlife import (,REVIEW (LOW-RISK),NO,NO
D:\HiddenYatra\tests\test_wishlist.py,test_wishlist.py,.py,2227,J. TESTS,"Automated unit, integration, or regression test",FIXES.md,import unittest; from flask import session; from app import create_app,REVIEW (LOW-RISK),NO,NO
D:\HiddenYatra\tests\__init__.py,__init__.py,.py,0,J. TESTS,"Automated unit, integration, or regression test",.gitignore; scratch/generate_all_structure_audit_reports.py,None,REVIEW (LOW-RISK),NO,NO
D:\HiddenYatra\uiux_audit_evidence\auth_login_signup.png,auth_login_signup.png,.png,945475,G. IMAGES / MEDIA,"Visual media, icon, screenshot, or banner asset",UIUX_AUDIT_REPORT.md,None,YES (SAFE TO MOVE),NO,NO
D:\HiddenYatra\uiux_audit_evidence\community_stays_browse.png,community_stays_browse.png,.png,1094664,G. IMAGES / MEDIA,"Visual media, icon, screenshot, or banner asset",UIUX_AUDIT_REPORT.md,None,YES (SAFE TO MOVE),NO,NO
D:\HiddenYatra\uiux_audit_evidence\culture_food_overview.png,culture_food_overview.png,.png,178416,G. IMAGES / MEDIA,"Visual media, icon, screenshot, or banner asset",UIUX_AUDIT_REPORT.md,None,YES (SAFE TO MOVE),NO,NO
D:\HiddenYatra\uiux_audit_evidence\district_page_layout.png,district_page_layout.png,.png,2097334,G. IMAGES / MEDIA,"Visual media, icon, screenshot, or banner asset",UIUX_AUDIT_REPORT.md,None,YES (SAFE TO MOVE),NO,NO
D:\HiddenYatra\uiux_audit_evidence\error_404_page.png,error_404_page.png,.png,109391,G. IMAGES / MEDIA,"Visual media, icon, screenshot, or banner asset",UIUX_AUDIT_REPORT.md,None,YES (SAFE TO MOVE),NO,NO
D:\HiddenYatra\uiux_audit_evidence\explore_empty_state.png,explore_empty_state.png,.png,759540,G. IMAGES / MEDIA,"Visual media, icon, screenshot, or banner asset",UIUX_AUDIT_REPORT.md,None,YES (SAFE TO MOVE),NO,NO
D:\HiddenYatra\uiux_audit_evidence\homepage_hero_desktop.png,homepage_hero_desktop.png,.png,872728,G. IMAGES / MEDIA,"Visual media, icon, screenshot, or banner asset",UIUX_AUDIT_REPORT.md,None,YES (SAFE TO MOVE),NO,NO
D:\HiddenYatra\uiux_audit_evidence\homepage_mobile_cards.png,homepage_mobile_cards.png,.png,248373,G. IMAGES / MEDIA,"Visual media, icon, screenshot, or banner asset",UIUX_AUDIT_REPORT.md,None,YES (SAFE TO MOVE),NO,NO
D:\HiddenYatra\uiux_audit_evidence\homepage_mobile_hero.png,homepage_mobile_hero.png,.png,683074,G. IMAGES / MEDIA,"Visual media, icon, screenshot, or banner asset",UIUX_AUDIT_REPORT.md,None,YES (SAFE TO MOVE),NO,NO
D:\HiddenYatra\uiux_audit_evidence\homepage_sections_desktop.png,homepage_sections_desktop.png,.png,116397,G. IMAGES / MEDIA,"Visual media, icon, screenshot, or banner asset",UIUX_AUDIT_REPORT.md,None,YES (SAFE TO MOVE),NO,NO
D:\HiddenYatra\uiux_audit_evidence\itinerary_detail_mobile.png,itinerary_detail_mobile.png,.png,409031,G. IMAGES / MEDIA,"Visual media, icon, screenshot, or banner asset",UIUX_AUDIT_REPORT.md,None,YES (SAFE TO MOVE),NO,NO
D:\HiddenYatra\uiux_audit_evidence\itinerary_detail_view.png,itinerary_detail_view.png,.png,775910,G. IMAGES / MEDIA,"Visual media, icon, screenshot, or banner asset",UIUX_AUDIT_REPORT.md,None,YES (SAFE TO MOVE),NO,NO
D:\HiddenYatra\uiux_audit_evidence\itinerary_planner_form.png,itinerary_planner_form.png,.png,109938,G. IMAGES / MEDIA,"Visual media, icon, screenshot, or banner asset",UIUX_AUDIT_REPORT.md,None,YES (SAFE TO MOVE),NO,NO
D:\HiddenYatra\uiux_audit_evidence\map_desktop_overview.png,map_desktop_overview.png,.png,679632,G. IMAGES / MEDIA,"Visual media, icon, screenshot, or banner asset",UIUX_AUDIT_REPORT.md,None,YES (SAFE TO MOVE),NO,NO
D:\HiddenYatra\uiux_audit_evidence\map_layers_drawer.png,map_layers_drawer.png,.png,477181,G. IMAGES / MEDIA,"Visual media, icon, screenshot, or banner asset",UIUX_AUDIT_REPORT.md,None,YES (SAFE TO MOVE),NO,NO
D:\HiddenYatra\uiux_audit_evidence\map_mobile_layout.png,map_mobile_layout.png,.png,358598,G. IMAGES / MEDIA,"Visual media, icon, screenshot, or banner asset",UIUX_AUDIT_REPORT.md,None,YES (SAFE TO MOVE),NO,NO
D:\HiddenYatra\uiux_audit_evidence\map_mobile_popup.png,map_mobile_popup.png,.png,258639,G. IMAGES / MEDIA,"Visual media, icon, screenshot, or banner asset",UIUX_AUDIT_REPORT.md,None,YES (SAFE TO MOVE),NO,NO
D:\HiddenYatra\uiux_audit_evidence\map_popup_ux.png,map_popup_ux.png,.png,511322,G. IMAGES / MEDIA,"Visual media, icon, screenshot, or banner asset",UIUX_AUDIT_REPORT.md,None,YES (SAFE TO MOVE),NO,NO
D:\HiddenYatra\uiux_audit_evidence\map_snapshot_modal.png,map_snapshot_modal.png,.png,345395,G. IMAGES / MEDIA,"Visual media, icon, screenshot, or banner asset",UIUX_AUDIT_REPORT.md,None,YES (SAFE TO MOVE),NO,NO
D:\HiddenYatra\uiux_audit_evidence\place_detail_full_page.png,place_detail_full_page.png,.png,1144214,G. IMAGES / MEDIA,"Visual media, icon, screenshot, or banner asset",UIUX_AUDIT_REPORT.md,None,YES (SAFE TO MOVE),NO,NO
D:\HiddenYatra\uiux_audit_evidence\place_detail_hero_desktop.png,place_detail_hero_desktop.png,.png,1493497,G. IMAGES / MEDIA,"Visual media, icon, screenshot, or banner asset",UIUX_AUDIT_REPORT.md,None,YES (SAFE TO MOVE),NO,NO
D:\HiddenYatra\uiux_audit_evidence\tablet_explore_layout.png,tablet_explore_layout.png,.png,559327,G. IMAGES / MEDIA,"Visual media, icon, screenshot, or banner asset",UIUX_AUDIT_REPORT.md,None,YES (SAFE TO MOVE),NO,NO
D:\HiddenYatra\uiux_fix_evidence\p0_mobile_nav_fixed.png,p0_mobile_nav_fixed.png,.png,261724,G. IMAGES / MEDIA,"Visual media, icon, screenshot, or banner asset",UIUX_FIX_REPORT.md,None,YES (SAFE TO MOVE),NO,NO
D:\HiddenYatra\uiux_fix_evidence\p1_hero_contrast_fixed.png,p1_hero_contrast_fixed.png,.png,1799463,G. IMAGES / MEDIA,"Visual media, icon, screenshot, or banner asset",UIUX_FIX_REPORT.md,None,YES (SAFE TO MOVE),NO,NO
D:\HiddenYatra\uiux_fix_evidence\p1_home_search_fixed.png,p1_home_search_fixed.png,.png,1795054,G. IMAGES / MEDIA,"Visual media, icon, screenshot, or banner asset",UIUX_FIX_REPORT.md,None,YES (SAFE TO MOVE),NO,NO
D:\HiddenYatra\uiux_fix_evidence\p1_mobile_map_fixed.png,p1_mobile_map_fixed.png,.png,225793,G. IMAGES / MEDIA,"Visual media, icon, screenshot, or banner asset",UIUX_FIX_REPORT.md,None,YES (SAFE TO MOVE),NO,NO
D:\HiddenYatra\utils\email_otp.py,email_otp.py,.py,6907,B. BACKEND,Backend utility functions and helpers,routes/auth.py; tests/test_auth.py,import smtplib; import secrets; import os; import logging; from email.mime.text import MIMEText; from email.mime.multipart import MIMEMultipart,REVIEW (HIGH-RISK),NO,NO
D:\HiddenYatra\utils\image.py,image.py,.py,4999,B. BACKEND,Backend utility functions and helpers,FIXES.md; REFACTOR_PLAN.md; routes/admin.py; routes/community.py; routes/host.py,"import os; import uuid; import logging; from PIL import Image, ImageOps",REVIEW (HIGH-RISK),NO,NO
D:\HiddenYatra\utils\rate_limiter.py,rate_limiter.py,.py,6442,B. BACKEND,Backend utility functions and helpers,routes/auth.py; tests/test_security.py,"import time; import logging; from config import REDIS_URL, RATE_LIMIT_BACKEND; import redis; from models.connection import get_cursor; from models.connection import get_cursor",REVIEW (HIGH-RISK),NO,NO
D:\HiddenYatra\utils\__init__.py,__init__.py,.py,1659,B. BACKEND,Backend utility functions and helpers,.gitignore; scratch/generate_all_structure_audit_reports.py,"from functools import wraps; from flask import session, request, jsonify, abort; import uuid; from flask import flash, redirect, url_for",REVIEW (HIGH-RISK),NO,NO
