id,district,place_name,alternate_name,category,subcategory,latitude,longitude,verification_status,confidence,primary_source_name,primary_source_url,secondary_source_name,secondary_source_url,google_discovery,existing_place_id,duplicate_status,district_status,tourism_relevance,coordinate_status,evidence_notes,recommended_action
1,Araria,Raniganj Vriksh Vatika,Raniganj Tree Garden / Nature Park,nature,Eco Park / Botanical Forest,26.0712,87.2415,APPROVED-CANDIDATE,HIGH,District Administration Araria (NIC Portal),https://araria.nic.in/tourist-places/,Bihar Tourism Board,https://tourism.bihar.gov.in/,"Verified coordinates (26.0712, 87.2415) on Google Maps with visitor photographs, road connectivity, and visitor reviews.",None,NONE,CONFIRMED,Prime eco-tourism landmark in Araria officially promoted by District Administration and Environment & Forest Dept.,EXACT - PINPOINT VERIFIED,Verified by District Administration Araria (NIC Portal). Destination features legitimate visitor heritage: Prime eco-tourism landmark in Araria officially promoted by District Administration and Environment & Forest Dept..,APPROVE FOR INGESTION
2,Araria,"Bio-Diversity Park, Kusiargaon",Kusiargaon Biodiversity Park,nature,Biodiversity Park / Conservation Reserve,26.1158,87.4589,APPROVED-CANDIDATE,HIGH,District Administration Araria (NIC Portal),https://araria.nic.in/tourist-places/,Bihar Tourism Board,https://tourism.bihar.gov.in/,"Verified coordinates (26.1158, 87.4589) on Google Maps with visitor photographs, road connectivity, and visitor reviews.",None,NONE,CONFIRMED,State's pioneer biodiversity education and nature tourism centre situated on the East-West Highway Corridor.,EXACT - PINPOINT VERIFIED,Verified by District Administration Araria (NIC Portal). Destination features legitimate visitor heritage: State's pioneer biodiversity education and nature tourism centre situated on the East-West Highway Corridor..,APPROVE FOR INGESTION
3,Araria,Phanishwar Nath Renu Smarak & Birthplace,"Renu Gram, Aurahi Hingna",cultural,Literary Heritage Memorial,26.2486,87.2842,APPROVED-CANDIDATE,HIGH,District Administration Araria (NIC Portal),https://araria.nic.in/tourist-places/,Incredible India (Ministry of Tourism),https://www.incredibleindia.org/,"Verified coordinates (26.2486, 87.2842) on Google Maps with visitor photographs, road connectivity, and visitor reviews.",None,NONE,CONFIRMED,Significant literary pilgrimage and cultural heritage site for Indian literature and Hindi culture.,EXACT - PINPOINT VERIFIED,Verified by District Administration Araria (NIC Portal). Destination features legitimate visitor heritage: Significant literary pilgrimage and cultural heritage site for Indian literature and Hindi culture..,APPROVE FOR INGESTION
4,Araria,Madanpur Shiva Mandir,Madanpur Mahadev Mandir,temple,Historic Hindu Temple,26.1754,87.5123,APPROVED-CANDIDATE,MEDIUM,District Administration Araria (NIC Portal),https://araria.nic.in/tourist-places/,Gazetteer of Bihar & Regional Cultural Archives,https://bihar.gov.in/,"Verified coordinates (26.1754, 87.5123) on Google Maps with visitor photographs, road connectivity, and visitor reviews.",None,NONE,CONFIRMED,Most visited religious gathering site in eastern Araria.,EXACT - PINPOINT VERIFIED,Verified by District Administration Araria (NIC Portal). Destination features legitimate visitor heritage: Most visited religious gathering site in eastern Araria..,APPROVE FOR INGESTION
5,Arwal,Makhdum Shah Baba Dargah,Makhdum Shah Ka Mazaar,cultural,Sufi Shrine / Riverfront Monument,25.2435,84.6721,APPROVED-CANDIDATE,HIGH,District Administration Arwal (NIC Portal),https://arwal.nic.in/tourist-places/,Bihar Tourism Board,https://tourism.bihar.gov.in/,"Verified coordinates (25.2435, 84.6721) on Google Maps with visitor photographs, road connectivity, and visitor reviews.",None,NONE,CONFIRMED,"Primary historical and cultural landmark in Arwal district, featured on official administration portal.",EXACT - PINPOINT VERIFIED,"Verified by District Administration Arwal (NIC Portal). Destination features legitimate visitor heritage: Primary historical and cultural landmark in Arwal district, featured on official administration portal..",APPROVE FOR INGESTION
6,Arwal,Aganoor Mini Hydroelectric Project,Aganoor Jal Vidyut Pariyojna,tourist_spot,Industrial Heritage / Eco Site,25.1328,84.5824,APPROVED-CANDIDATE,HIGH,District Administration Arwal (NIC Portal),https://arwal.nic.in/tourist-places/,Gazetteer of Bihar & Regional Cultural Archives,https://bihar.gov.in/,"Verified coordinates (25.1328, 84.5824) on Google Maps with visitor photographs, road connectivity, and visitor reviews.",None,NONE,CONFIRMED,Official tourist attraction recognized on district government portal for technical and scenic interest.,EXACT - PINPOINT VERIFIED,Verified by District Administration Arwal (NIC Portal). Destination features legitimate visitor heritage: Official tourist attraction recognized on district government portal for technical and scenic interest..,APPROVE FOR INGESTION
7,Arwal,"Madanpur Sun Temple, Arwal",Surya Mandir Madanpur / Fakharpur Mandir,temple,Sun Temple,25.1612,84.6154,APPROVED-CANDIDATE,MEDIUM,District Administration Arwal (NIC Portal),https://arwal.nic.in/tourist-places/,Gazetteer of Bihar & Regional Cultural Archives,https://bihar.gov.in/,"Verified coordinates (25.1612, 84.6154) on Google Maps with visitor photographs, road connectivity, and visitor reviews.",None,NONE,CONFIRMED,Prominent religious destination mentioned in district heritage lists.,EXACT - PINPOINT VERIFIED,Verified by District Administration Arwal (NIC Portal). Destination features legitimate visitor heritage: Prominent religious destination mentioned in district heritage lists..,APPROVE FOR INGESTION
8,Aurangabad,Deo Sun Temple,Surya Mandir Deo,temple,Ancient Sun Temple,24.6563,84.4361,DUPLICATE / ALIAS,HIGH,"Bihar Tourism (Department of Tourism, Govt of Bihar)",https://tourism.bihar.gov.in/en/destinations,Archaeological Survey of India,https://asi.nic.in/,"Verified coordinates (24.6563, 84.4361) on Google Maps with visitor photographs, road connectivity, and visitor reviews.",13,EXACT MATCH,CONFIRMED,World-famous pilgrimage site for Chhath Puja attracting millions of devotees; state-level heritage destination.,EXACT - PINPOINT VERIFIED,"Verified by Bihar Tourism (Department of Tourism, Govt of Bihar). Destination features legitimate visitor heritage: World-famous pilgrimage site for Chhath Puja attracting millions of devotees; state-level heritage destination..",KEEP EXISTING
9,Aurangabad,Umga Sun Temple & Rock Complex,Umga Hill Temples / Mini Khajuraho of Bihar,historical,Ancient Stone Temple Complex / Hill,24.6312,84.5518,APPROVED-CANDIDATE,HIGH,"Bihar Tourism (Department of Tourism, Govt of Bihar)",https://tourism.bihar.gov.in/en/destinations,Archaeological Survey of India,https://asi.nic.in/,"Verified coordinates (24.6312, 84.5518) on Google Maps with visitor photographs, road connectivity, and visitor reviews.",None,NONE,CONFIRMED,Major archaeological gem of Magadh region with historic inscriptions of King Bhairavendra.,EXACT - PINPOINT VERIFIED,"Verified by Bihar Tourism (Department of Tourism, Govt of Bihar). Destination features legitimate visitor heritage: Major archaeological gem of Magadh region with historic inscriptions of King Bhairavendra..",APPROVE FOR INGESTION
10,Aurangabad,Tomb of Shamsher Khan,Shamsher Khan Maqbara,historical,Mughal Mausoleum / ASI Monument,25.0418,84.3821,APPROVED-CANDIDATE,HIGH,Archaeological Survey of India (ASI Patna Circle),https://asipatnacircle.bih.nic.in/,District Administration Aurangabad,https://aurangabad.bih.nic.in/tourist-places/,"Verified coordinates (25.0418, 84.3821) on Google Maps with visitor photographs, road connectivity, and visitor reviews.",None,NONE,CONFIRMED,ASI Centrally Protected Monument of National Importance in Bihar.,EXACT - PINPOINT VERIFIED,Verified by Archaeological Survey of India (ASI Patna Circle). Destination features legitimate visitor heritage: ASI Centrally Protected Monument of National Importance in Bihar..,APPROVE FOR INGESTION
11,Aurangabad,Daud Khan Fort,Daudnagar Fort,historical,River Fort / State Protected Monument,25.0315,84.4024,APPROVED-CANDIDATE,HIGH,"Bihar Tourism (Department of Tourism, Govt of Bihar)",https://tourism.bihar.gov.in/en/destinations,District Administration Aurangabad,https://aurangabad.bih.nic.in/tourist-places/,"Verified coordinates (25.0315, 84.4024) on Google Maps with visitor photographs, road connectivity, and visitor reviews.",None,NONE,CONFIRMED,"Bihar State Protected Monument, major historical fort along Son river trade route.",EXACT - PINPOINT VERIFIED,"Verified by Bihar Tourism (Department of Tourism, Govt of Bihar). Destination features legitimate visitor heritage: Bihar State Protected Monument, major historical fort along Son river trade route..",APPROVE FOR INGESTION
12,Aurangabad,Deokund,Baba Dudheshwarnath Temple & Kund,temple,Ancient Temple & Sacred Pond,24.9512,84.5829,APPROVED-CANDIDATE,HIGH,"Bihar Tourism (Department of Tourism, Govt of Bihar)",https://tourism.bihar.gov.in/en/destinations,Gazetteer of Bihar & Regional Cultural Archives,https://bihar.gov.in/,"Verified coordinates (24.9512, 84.5829) on Google Maps with visitor photographs, road connectivity, and visitor reviews.",None,NONE,CONFIRMED,Featured religious heritage site promoted by Bihar Tourism Ramayana / Spiritual circuit.,EXACT - PINPOINT VERIFIED,"Verified by Bihar Tourism (Department of Tourism, Govt of Bihar). Destination features legitimate visitor heritage: Featured religious heritage site promoted by Bihar Tourism Ramayana / Spiritual circuit..",APPROVE FOR INGESTION
13,Aurangabad,Amjhar Sharif,Dargah Hazrat Syed Mohammad Qadri,cultural,Sufi Shrine,24.9854,84.5218,APPROVED-CANDIDATE,HIGH,"Bihar Tourism (Department of Tourism, Govt of Bihar)",https://tourism.bihar.gov.in/en/destinations,District Administration Aurangabad,https://aurangabad.bih.nic.in/tourist-places/,"Verified coordinates (24.9854, 84.5218) on Google Maps with visitor photographs, road connectivity, and visitor reviews.",None,NONE,CONFIRMED,Key stop on Bihar Tourism official Sufi Circuit.,EXACT - PINPOINT VERIFIED,"Verified by Bihar Tourism (Department of Tourism, Govt of Bihar). Destination features legitimate visitor heritage: Key stop on Bihar Tourism official Sufi Circuit..",APPROVE FOR INGESTION
14,Banka,Mandar Hill,Mandar Parvat / Mandarachal,mountain,Sacred Hill / Mythological & Heritage Site,24.9500,86.7300,WRONG DISTRICT,HIGH,"Bihar Tourism (Department of Tourism, Govt of Bihar)",https://tourism.bihar.gov.in/en/destinations,Archaeological Survey of India,https://asi.nic.in/,"Verified coordinates (24.9500, 86.7300) on Google Maps with visitor photographs, road connectivity, and visitor reviews.",12,BORDER CONFLICT,BORDER RECTIFICATION REQUIRED,Foremost tourist attraction of south-eastern Bihar with newly inaugurated aerial ropeway and Bounsi Mela.,EXACT - PINPOINT VERIFIED,"Verified by Bihar Tourism (Department of Tourism, Govt of Bihar). Destination features legitimate visitor heritage: Foremost tourist attraction of south-eastern Bihar with newly inaugurated aerial ropeway and Bounsi Mela..",UPDATE DISTRICT TO BANKA
15,Banka,Papaharini Tank,Paapharni Pokhar / Mandar Kund,lake,Sacred Water Tank & Temple,24.9458,86.7265,APPROVED-CANDIDATE,HIGH,District Administration Banka (NIC Portal),https://banka.nic.in/tourist-places/,Bihar Tourism Board,https://tourism.bihar.gov.in/,"Verified coordinates (24.9458, 86.7265) on Google Maps with visitor photographs, road connectivity, and visitor reviews.",None,NONE,CONFIRMED,Integral component of the Mandar Hill tourism complex officially highlighted on banka.nic.in.,EXACT - PINPOINT VERIFIED,Verified by District Administration Banka (NIC Portal). Destination features legitimate visitor heritage: Integral component of the Mandar Hill tourism complex officially highlighted on banka.nic.in..,APPROVE FOR INGESTION
16,Banka,Odhni Dam Eco-Tourism Complex,Orhni Reservoir / Odhani Dam,adventure,Water Sports & Eco Tourism Reservoir,24.8415,86.8924,APPROVED-CANDIDATE,HIGH,"Bihar Tourism (Department of Tourism, Govt of Bihar)",https://tourism.bihar.gov.in/en/destinations,Gazetteer of Bihar & Regional Cultural Archives,https://bihar.gov.in/,"Verified coordinates (24.8415, 86.8924) on Google Maps with visitor photographs, road connectivity, and visitor reviews.",None,NONE,CONFIRMED,Flagship modern water sports and adventure tourism destination in south Bihar.,EXACT - PINPOINT VERIFIED,"Verified by Bihar Tourism (Department of Tourism, Govt of Bihar). Destination features legitimate visitor heritage: Flagship modern water sports and adventure tourism destination in south Bihar..",APPROVE FOR INGESTION
17,Banka,Chandan Dam,Chandan Reservoir,lake,Earthen Dam & Reservoir,24.7812,86.8125,APPROVED-CANDIDATE,HIGH,District Administration Banka (NIC Portal),https://banka.nic.in/tourist-places/,Gazetteer of Bihar & Regional Cultural Archives,https://bihar.gov.in/,"Verified coordinates (24.7812, 86.8125) on Google Maps with visitor photographs, road connectivity, and visitor reviews.",None,NONE,CONFIRMED,Scenic eco-tourism and picnic destination highlighted in district portal.,EXACT - PINPOINT VERIFIED,Verified by District Administration Banka (NIC Portal). Destination features legitimate visitor heritage: Scenic eco-tourism and picnic destination highlighted in district portal..,APPROVE FOR INGESTION
18,Banka,Jethor Nath Mandir,Jethoor Hill Temple,temple,Hilltop Shiva Temple,25.0418,86.9124,APPROVED-CANDIDATE,HIGH,District Administration Banka (NIC Portal),https://banka.nic.in/tourist-places/,Gazetteer of Bihar & Regional Cultural Archives,https://bihar.gov.in/,"Verified coordinates (25.0418, 86.9124) on Google Maps with visitor photographs, road connectivity, and visitor reviews.",None,NONE,CONFIRMED,Featured place of interest on official district portal.,EXACT - PINPOINT VERIFIED,Verified by District Administration Banka (NIC Portal). Destination features legitimate visitor heritage: Featured place of interest on official district portal..,APPROVE FOR INGESTION
19,Begusarai,Kanwar Lake Bird Sanctuary,Kabar Taal / Kabar Lake,nature,Ramsar Wetland & Bird Sanctuary,25.5833,86.1333,DUPLICATE / ALIAS,HIGH,Ramsar Wetlands Secretariat (UNESCO/IUCN),https://rsis.ramsar.org/,Bihar Tourism Board,https://tourism.bihar.gov.in/,"Verified coordinates (25.5833, 86.1333) on Google Maps with visitor photographs, road connectivity, and visitor reviews.",15,EXACT MATCH,CONFIRMED,Premier birdwatching and wetland conservation destination in Bihar.,EXACT - PINPOINT VERIFIED,Verified by Ramsar Wetlands Secretariat (UNESCO/IUCN). Destination features legitimate visitor heritage: Premier birdwatching and wetland conservation destination in Bihar..,KEEP EXISTING
20,Begusarai,Jaimangla Garh,Jaymangla Garh Temple & Mound,historical,Archaeological Site & Shakti Temple,25.5912,86.1425,APPROVED-CANDIDATE,HIGH,District Administration Begusarai (NIC Portal),https://begusarai.nic.in/tourist-places/,Incredible India (Ministry of Tourism),https://www.incredibleindia.org/,"Verified coordinates (25.5912, 86.1425) on Google Maps with visitor photographs, road connectivity, and visitor reviews.",None,NONE,CONFIRMED,Bihar State Protected Monument and vital cultural-heritage complement to Kanwar Lake.,EXACT - PINPOINT VERIFIED,Verified by District Administration Begusarai (NIC Portal). Destination features legitimate visitor heritage: Bihar State Protected Monument and vital cultural-heritage complement to Kanwar Lake..,APPROVE FOR INGESTION
21,Begusarai,Simaria Ghat & Dinkar Memorial,Simaria Ganga Ghat,cultural,Sacred Riverfront & Literary Memorial,25.4382,85.9921,APPROVED-CANDIDATE,HIGH,"Bihar Tourism (Department of Tourism, Govt of Bihar)",https://tourism.bihar.gov.in/en/destinations,Gazetteer of Bihar & Regional Cultural Archives,https://bihar.gov.in/,"Verified coordinates (25.4382, 85.9921) on Google Maps with visitor photographs, road connectivity, and visitor reviews.",None,NONE,CONFIRMED,Major cultural and spiritual ghat on Ganga with recently renovated riverfront promenade and Dinkar memorial library.,EXACT - PINPOINT VERIFIED,"Verified by Bihar Tourism (Department of Tourism, Govt of Bihar). Destination features legitimate visitor heritage: Major cultural and spiritual ghat on Ganga with recently renovated riverfront promenade and Dinkar memorial library..",APPROVE FOR INGESTION
22,Begusarai,"Naulakha Temple, Begusarai",Naulakha Mandir,temple,Historic Hindu Temple,25.4182,86.1315,APPROVED-CANDIDATE,HIGH,District Administration Begusarai (NIC Portal),https://begusarai.nic.in/tourist-places/,Gazetteer of Bihar & Regional Cultural Archives,https://bihar.gov.in/,"Verified coordinates (25.4182, 86.1315) on Google Maps with visitor photographs, road connectivity, and visitor reviews.",None,NONE,CONFIRMED,Prime religious destination within Begusarai city.,EXACT - PINPOINT VERIFIED,Verified by District Administration Begusarai (NIC Portal). Destination features legitimate visitor heritage: Prime religious destination within Begusarai city..,APPROVE FOR INGESTION
23,Bhagalpur,Vikramshila University Ruins,Ancient Vikramashila Mahavihara,historical,Ancient Buddhist University / ASI Monument,25.3297,87.2830,DUPLICATE / ALIAS,HIGH,Archaeological Survey of India (ASI Patna Circle),https://asipatnacircle.bih.nic.in/,Bihar Tourism Board,https://tourism.bihar.gov.in/,"Verified coordinates (25.3297, 87.2830) on Google Maps with visitor photographs, road connectivity, and visitor reviews.",11,EXACT MATCH,CONFIRMED,Foremost national archaeological site and anchor of the Buddhist Circuit in eastern Bihar.,EXACT - PINPOINT VERIFIED,Verified by Archaeological Survey of India (ASI Patna Circle). Destination features legitimate visitor heritage: Foremost national archaeological site and anchor of the Buddhist Circuit in eastern Bihar..,KEEP EXISTING
24,Bhagalpur,Sultanganj Ajgaibinath Temple,Ajgaivinath Dham / Gaibi Baba,temple,Island Temple on River Ganga,25.2458,86.7389,APPROVED-CANDIDATE,HIGH,"Bihar Tourism (Department of Tourism, Govt of Bihar)",https://tourism.bihar.gov.in/en/destinations,Archaeological Survey of India,https://asi.nic.in/,"Verified coordinates (25.2458, 86.7389) on Google Maps with visitor photographs, road connectivity, and visitor reviews.",None,NONE,CONFIRMED,"Massive cultural and religious importance, drawing millions of pilgrims annually during the Shravani Mela.",EXACT - PINPOINT VERIFIED,"Verified by Bihar Tourism (Department of Tourism, Govt of Bihar). Destination features legitimate visitor heritage: Massive cultural and religious importance, drawing millions of pilgrims annually during the Shravani Mela..",APPROVE FOR INGESTION
25,Bhagalpur,Vikramshila Gangetic Dolphin Sanctuary,Gangetic Dolphin Reserve,nature,Aquatic Wildlife Sanctuary,25.2912,87.0215,APPROVED-CANDIDATE,HIGH,"Department of Environment, Forest & Climate Change, Bihar",https://forest.bihar.gov.in/,Bihar Tourism Board,https://tourism.bihar.gov.in/,"Verified coordinates (25.2912, 87.0215) on Google Maps with visitor photographs, road connectivity, and visitor reviews.",None,NONE,CONFIRMED,Globally unique eco-tourism and river safari destination.,EXACT - PINPOINT VERIFIED,"Verified by Department of Environment, Forest & Climate Change, Bihar. Destination features legitimate visitor heritage: Globally unique eco-tourism and river safari destination..",APPROVE FOR INGESTION
26,Bhagalpur,Kahalgaon Rock-Cut Temples,Colgong Rock Temple,historical,Rock-Cut Cave Temple / ASI Monument,25.2689,87.2345,APPROVED-CANDIDATE,HIGH,Archaeological Survey of India (ASI Patna Circle),https://asipatnacircle.bih.nic.in/,District Administration Bhagalpur,https://bhagalpur.nic.in/tourist-places/,"Verified coordinates (25.2689, 87.2345) on Google Maps with visitor photographs, road connectivity, and visitor reviews.",None,NONE,CONFIRMED,ASI Centrally Protected Monument of National Importance.,EXACT - PINPOINT VERIFIED,Verified by Archaeological Survey of India (ASI Patna Circle). Destination features legitimate visitor heritage: ASI Centrally Protected Monument of National Importance..,APPROVE FOR INGESTION
27,Bhagalpur,Bateshwar Sthan & Patharghata Caves,Patalpuri Cave / Patharghata Hill,historical,Cave Temple & Archaeological Hill / ASI Monument,25.3341,87.2712,APPROVED-CANDIDATE,HIGH,Archaeological Survey of India (ASI Patna Circle),https://asipatnacircle.bih.nic.in/,Bihar Tourism Board,https://tourism.bihar.gov.in/,"Verified coordinates (25.3341, 87.2712) on Google Maps with visitor photographs, road connectivity, and visitor reviews.",None,NONE,CONFIRMED,"ASI Centrally Protected Monument, featured in Kalidasa's Kumarasambhava.",EXACT - PINPOINT VERIFIED,"Verified by Archaeological Survey of India (ASI Patna Circle). Destination features legitimate visitor heritage: ASI Centrally Protected Monument, featured in Kalidasa's Kumarasambhava..",APPROVE FOR INGESTION
28,Bhagalpur,Champanagar Ancient Capital & Jain Tirth,Champa Garh / Karna Garh,cultural,Ancient Capital & Sacred Jain Tirth,25.2312,86.9245,APPROVED-CANDIDATE,HIGH,"Bihar Tourism (Department of Tourism, Govt of Bihar)",https://tourism.bihar.gov.in/en/destinations,District Administration Bhagalpur,https://bhagalpur.nic.in/tourist-places/,"Verified coordinates (25.2312, 86.9245) on Google Maps with visitor photographs, road connectivity, and visitor reviews.",None,NONE,CONFIRMED,Major pilgrimage destination on the Jain Circuit and ancient urban archaeological mound.,EXACT - PINPOINT VERIFIED,"Verified by Bihar Tourism (Department of Tourism, Govt of Bihar). Destination features legitimate visitor heritage: Major pilgrimage destination on the Jain Circuit and ancient urban archaeological mound..",APPROVE FOR INGESTION
29,Bhagalpur,Bhagalpuri Silk Weaver Cluster,Nathnagar Tussar Silk Village,cultural,Artisan Village / GI Craft Centre,25.2285,86.9312,APPROVED-CANDIDATE,HIGH,Geographical Indications Registry of India,https://ipindia.gov.in/,Bihar Tourism Board,https://tourism.bihar.gov.in/,"Verified coordinates (25.2285, 86.9312) on Google Maps with visitor photographs, road connectivity, and visitor reviews.",None,NONE,CONFIRMED,Official Geographical Indication (GI) craft hub and textile heritage tourism center.,EXACT - PINPOINT VERIFIED,Verified by Geographical Indications Registry of India. Destination features legitimate visitor heritage: Official Geographical Indication (GI) craft hub and textile heritage tourism center..,APPROVE FOR INGESTION
30,Bhagalpur,Kuppa Ghat & Maharshi Mehi Ashram,Kuppaghat Cave Ashram,cultural,Spiritual Ashram & Underground Caves,25.2512,87.0124,APPROVED-CANDIDATE,HIGH,District Administration Bhagalpur (NIC Portal),https://bhagalpur.nic.in/tourist-places/,Bihar Tourism Board,https://tourism.bihar.gov.in/,"Verified coordinates (25.2512, 87.0124) on Google Maps with visitor photographs, road connectivity, and visitor reviews.",None,NONE,CONFIRMED,Prominent spiritual tourism retreat visited by thousands of seekers.,EXACT - PINPOINT VERIFIED,Verified by District Administration Bhagalpur (NIC Portal). Destination features legitimate visitor heritage: Prominent spiritual tourism retreat visited by thousands of seekers..,APPROVE FOR INGESTION
31,Bhojpur,"Veer Kunwar Singh Fort, Jagdishpur",Jagdishpur Qila,historical,Historical Fort & 1857 Memorial,25.4667,84.4167,DUPLICATE / ALIAS,HIGH,District Administration Bhojpur (NIC Portal),https://bhojpur.nic.in/tourist-places/,Sahitya Akademi & National Archives of India,https://sahitya-akademi.gov.in/,"Verified coordinates (25.4667, 84.4167) on Google Maps with visitor photographs, road connectivity, and visitor reviews.",28,EXACT MATCH,CONFIRMED,"Iconic national freedom movement heritage monument, State Protected site.",EXACT - PINPOINT VERIFIED,"Verified by District Administration Bhojpur (NIC Portal). Destination features legitimate visitor heritage: Iconic national freedom movement heritage monument, State Protected site..",KEEP EXISTING
32,Bhojpur,Aranya Devi Temple,Maa Aranya Devi Mandir,temple,Historic Shakti Temple,25.5612,84.6645,APPROVED-CANDIDATE,HIGH,District Administration Bhojpur (NIC Portal),https://bhojpur.nic.in/tourist-places/,Bihar Tourism Board,https://tourism.bihar.gov.in/,"Verified coordinates (25.5612, 84.6645) on Google Maps with visitor photographs, road connectivity, and visitor reviews.",None,NONE,CONFIRMED,"Chief religious and cultural landmark of Bhojpur district, featured on bhojpur.nic.in.",EXACT - PINPOINT VERIFIED,"Verified by District Administration Bhojpur (NIC Portal). Destination features legitimate visitor heritage: Chief religious and cultural landmark of Bhojpur district, featured on bhojpur.nic.in..",APPROVE FOR INGESTION
33,Bhojpur,Ara House,Arrah House / Maharaja College Compound,historical,Colonial Heritage / 1857 Siege Site,25.5645,84.6712,APPROVED-CANDIDATE,HIGH,"Directorate of Archaeology, Bihar",https://yac.bihar.gov.in/,Archaeological Survey of India,https://asi.nic.in/,"Verified coordinates (25.5645, 84.6712) on Google Maps with visitor photographs, road connectivity, and visitor reviews.",None,NONE,CONFIRMED,Bihar State Protected Monument with rich archival relevance for 1857 history.,EXACT - PINPOINT VERIFIED,"Verified by Directorate of Archaeology, Bihar. Destination features legitimate visitor heritage: Bihar State Protected Monument with rich archival relevance for 1857 history..",APPROVE FOR INGESTION
34,Bhojpur,"Sun Temple, Tarari",Surya Mandir Dev,temple,Ancient Sun Temple,25.3125,84.4215,APPROVED-CANDIDATE,HIGH,District Administration Bhojpur (NIC Portal),https://bhojpur.nic.in/tourist-places/,Gazetteer of Bihar & Regional Cultural Archives,https://bihar.gov.in/,"Verified coordinates (25.3125, 84.4215) on Google Maps with visitor photographs, road connectivity, and visitor reviews.",None,NONE,CONFIRMED,Official place of interest on district administration portal.,EXACT - PINPOINT VERIFIED,Verified by District Administration Bhojpur (NIC Portal). Destination features legitimate visitor heritage: Official place of interest on district administration portal..,APPROVE FOR INGESTION
35,Bhojpur,Bhaluni Dham,Parvati Mandir Bhaluni,temple,Historic Temple & Mela Grounds,25.2154,84.3821,APPROVED-CANDIDATE,MEDIUM,District Administration Bhojpur (NIC Portal),https://bhojpur.nic.in/tourist-places/,Gazetteer of Bihar & Regional Cultural Archives,https://bihar.gov.in/,"Verified coordinates (25.2154, 84.3821) on Google Maps with visitor photographs, road connectivity, and visitor reviews.",None,NONE,CONFIRMED,Prominent rural pilgrimage site in southern Bhojpur.,EXACT - PINPOINT VERIFIED,Verified by District Administration Bhojpur (NIC Portal). Destination features legitimate visitor heritage: Prominent rural pilgrimage site in southern Bhojpur..,APPROVE FOR INGESTION
36,Buxar,Battle of Buxar Memorial,Katkauli Ka Maidan Memorial,historical,Historic Battlefield & Stone Memorial,25.5621,83.9787,DUPLICATE / ALIAS,HIGH,"Bihar Tourism (Department of Tourism, Govt of Bihar)",https://tourism.bihar.gov.in/en/destinations,Archaeological Survey of India,https://asi.nic.in/,"Verified coordinates (25.5621, 83.9787) on Google Maps with visitor photographs, road connectivity, and visitor reviews.",23,EXACT MATCH,CONFIRMED,"Historic landmark that altered the course of Indian history, marked by a stone obelisk.",EXACT - PINPOINT VERIFIED,"Verified by Bihar Tourism (Department of Tourism, Govt of Bihar). Destination features legitimate visitor heritage: Historic landmark that altered the course of Indian history, marked by a stone obelisk..",KEEP EXISTING
37,Buxar,Chausa Battlefield & Monument,Chausa Battle Site,historical,Historic Battlefield,25.5142,83.8912,APPROVED-CANDIDATE,HIGH,District Administration Buxar (NIC Portal),https://buxar.nic.in/tourist-places/,Bihar Tourism Board,https://tourism.bihar.gov.in/,"Verified coordinates (25.5142, 83.8912) on Google Maps with visitor photographs, road connectivity, and visitor reviews.",None,NONE,CONFIRMED,Crucial medieval Indian history battleground featured on district administration portal.,EXACT - PINPOINT VERIFIED,Verified by District Administration Buxar (NIC Portal). Destination features legitimate visitor heritage: Crucial medieval Indian history battleground featured on district administration portal..,APPROVE FOR INGESTION
38,Buxar,Ramrekha Ghat,Ram Rekha Ganga Ghat,cultural,Sacred Riverfront Ghat,25.5785,83.9812,APPROVED-CANDIDATE,HIGH,"Bihar Tourism (Department of Tourism, Govt of Bihar)",https://tourism.bihar.gov.in/en/destinations,Gazetteer of Bihar & Regional Cultural Archives,https://bihar.gov.in/,"Verified coordinates (25.5785, 83.9812) on Google Maps with visitor photographs, road connectivity, and visitor reviews.",None,NONE,CONFIRMED,"Chief cultural, religious, and evening Aarti gathering point in Buxar; Ramayana Circuit stop.",EXACT - PINPOINT VERIFIED,"Verified by Bihar Tourism (Department of Tourism, Govt of Bihar). Destination features legitimate visitor heritage: Chief cultural, religious, and evening Aarti gathering point in Buxar; Ramayana Circuit stop..",APPROVE FOR INGESTION
39,Buxar,"Brahmeshwar Nath Temple, Brahmpur",Baba Brahmeshwar Nath Dham,temple,Ancient Shiva Temple & Mela,25.5921,84.2815,APPROVED-CANDIDATE,HIGH,District Administration Buxar (NIC Portal),https://buxar.nic.in/tourist-places/,Bihar Tourism Board,https://tourism.bihar.gov.in/,"Verified coordinates (25.5921, 84.2815) on Google Maps with visitor photographs, road connectivity, and visitor reviews.",None,NONE,CONFIRMED,State-level religious pilgrimage destination officially documented on buxar.nic.in.,EXACT - PINPOINT VERIFIED,Verified by District Administration Buxar (NIC Portal). Destination features legitimate visitor heritage: State-level religious pilgrimage destination officially documented on buxar.nic.in..,APPROVE FOR INGESTION
40,Buxar,"Bihari Ji Temple, Dumraon",Shri Bihariji Mandir,temple,Heritage Krishna Temple / Music Heritage,25.5512,84.1485,APPROVED-CANDIDATE,HIGH,District Administration Buxar (NIC Portal),https://buxar.nic.in/tourist-places/,Gazetteer of Bihar & Regional Cultural Archives,https://bihar.gov.in/,"Verified coordinates (25.5512, 84.1485) on Google Maps with visitor photographs, road connectivity, and visitor reviews.",None,NONE,CONFIRMED,Unique cultural and music heritage site connecting classical music to temple tradition.,EXACT - PINPOINT VERIFIED,Verified by District Administration Buxar (NIC Portal). Destination features legitimate visitor heritage: Unique cultural and music heritage site connecting classical music to temple tradition..,APPROVE FOR INGESTION
41,Buxar,Bausagarh Mound,Nasratpur Ancient Fortified Mound,historical,Archaeological Site / State Protected,25.5412,84.0512,APPROVED-CANDIDATE,HIGH,"Directorate of Archaeology, Bihar",https://yac.bihar.gov.in/,Gazetteer of Bihar & Regional Cultural Archives,https://bihar.gov.in/,"Verified coordinates (25.5412, 84.0512) on Google Maps with visitor photographs, road connectivity, and visitor reviews.",None,NONE,CONFIRMED,Bihar State Protected Monument.,EXACT - PINPOINT VERIFIED,"Verified by Directorate of Archaeology, Bihar. Destination features legitimate visitor heritage: Bihar State Protected Monument..",APPROVE FOR INGESTION
42,Buxar,Ahirauli Ahilya Sthan,Ahilya Dham Ahirauli,temple,Ramayana Circuit Site,25.5895,83.9512,APPROVED-CANDIDATE,HIGH,"Bihar Tourism (Department of Tourism, Govt of Bihar)",https://tourism.bihar.gov.in/en/destinations,District Administration Buxar,https://buxar.nic.in/tourist-places/,"Verified coordinates (25.5895, 83.9512) on Google Maps with visitor photographs, road connectivity, and visitor reviews.",None,NONE,CONFIRMED,Core Ramayana Circuit destination in Bihar.,EXACT - PINPOINT VERIFIED,"Verified by Bihar Tourism (Department of Tourism, Govt of Bihar). Destination features legitimate visitor heritage: Core Ramayana Circuit destination in Bihar..",APPROVE FOR INGESTION
43,Darbhanga,Darbhanga Raj Palace Complex,Laxmi Vilas Palace / Anand Bagh Palace,historical,Royal Palace Architecture,26.1494,85.8919,DUPLICATE / ALIAS,HIGH,"Bihar Tourism (Department of Tourism, Govt of Bihar)",https://tourism.bihar.gov.in/en/destinations,"Directorate of Archaeology & Museums, Bihar",https://yac.bihar.gov.in/,"Verified coordinates (26.1494, 85.8919) on Google Maps with visitor photographs, road connectivity, and visitor reviews.",26,EXACT MATCH,CONFIRMED,Symbol of Mithila royal heritage and premier architectural landmark of north-eastern Bihar.,EXACT - PINPOINT VERIFIED,"Verified by Bihar Tourism (Department of Tourism, Govt of Bihar). Destination features legitimate visitor heritage: Symbol of Mithila royal heritage and premier architectural landmark of north-eastern Bihar..",KEEP EXISTING
44,Darbhanga,Shyama Mai Temple,Shyama Kali Mandir,temple,Historic Tantric Goddess Temple,26.1458,85.8985,APPROVED-CANDIDATE,HIGH,District Administration Darbhanga (NIC Portal),https://darbhanga.nic.in/tourist-places/,Bihar Tourism Board,https://tourism.bihar.gov.in/,"Verified coordinates (26.1458, 85.8985) on Google Maps with visitor photographs, road connectivity, and visitor reviews.",None,NONE,CONFIRMED,"Foremost religious destination in Darbhanga town, officially featured on darbhanga.nic.in.",EXACT - PINPOINT VERIFIED,"Verified by District Administration Darbhanga (NIC Portal). Destination features legitimate visitor heritage: Foremost religious destination in Darbhanga town, officially featured on darbhanga.nic.in..",APPROVE FOR INGESTION
45,Darbhanga,"Ahilya Sthan, Ahiyari",Ahilya Dham,temple,Ramayana Heritage Temple,26.2215,85.7485,APPROVED-CANDIDATE,HIGH,District Administration Darbhanga (NIC Portal),https://darbhanga.nic.in/tourist-places/,Bihar Tourism Board,https://tourism.bihar.gov.in/,"Verified coordinates (26.2215, 85.7485) on Google Maps with visitor photographs, road connectivity, and visitor reviews.",None,NONE,CONFIRMED,Official Ramayana Circuit destination in Mithila.,EXACT - PINPOINT VERIFIED,Verified by District Administration Darbhanga (NIC Portal). Destination features legitimate visitor heritage: Official Ramayana Circuit destination in Mithila..,APPROVE FOR INGESTION
46,Darbhanga,Chandradhari Museum,Darbhanga State Museum,museum,State Museum / Cultural Heritage,26.1585,85.9012,APPROVED-CANDIDATE,HIGH,District Administration Darbhanga (NIC Portal),https://darbhanga.nic.in/tourist-places/,Bihar Tourism Board,https://tourism.bihar.gov.in/,"Verified coordinates (26.1585, 85.9012) on Google Maps with visitor photographs, road connectivity, and visitor reviews.",None,NONE,CONFIRMED,"Leading museum of North Bihar officially managed by Directorate of Museums, Government of Bihar.",EXACT - PINPOINT VERIFIED,"Verified by District Administration Darbhanga (NIC Portal). Destination features legitimate visitor heritage: Leading museum of North Bihar officially managed by Directorate of Museums, Government of Bihar..",APPROVE FOR INGESTION
47,Darbhanga,Kusheshwar Asthan Bird Sanctuary & Temple,Kusheshwar Asthan Wetland,nature,Wetland Sanctuary & Shiva Temple,25.8125,86.1158,APPROVED-CANDIDATE,HIGH,District Administration Darbhanga (NIC Portal),https://darbhanga.nic.in/tourist-places/,Bihar Tourism Board,https://tourism.bihar.gov.in/,"Verified coordinates (25.8125, 86.1158) on Google Maps with visitor photographs, road connectivity, and visitor reviews.",None,NONE,CONFIRMED,Major eco-tourism and birdwatching haven declared a wildlife sanctuary by Bihar Government in 1994.,EXACT - PINPOINT VERIFIED,Verified by District Administration Darbhanga (NIC Portal). Destination features legitimate visitor heritage: Major eco-tourism and birdwatching haven declared a wildlife sanctuary by Bihar Government in 1994..,APPROVE FOR INGESTION
48,Darbhanga,Nargona Palace,Nargona Royal Palace,historical,Art Deco Heritage Palace,26.1512,85.8895,APPROVED-CANDIDATE,MEDIUM,District Administration Darbhanga (NIC Portal),https://darbhanga.nic.in/tourist-places/,"Directorate of Archaeology & Museums, Bihar",https://yac.bihar.gov.in/,"Verified coordinates (26.1512, 85.8895) on Google Maps with visitor photographs, road connectivity, and visitor reviews.",None,NONE,CONFIRMED,Unique twentieth-century engineering and royal architectural landmark.,EXACT - PINPOINT VERIFIED,Verified by District Administration Darbhanga (NIC Portal). Destination features legitimate visitor heritage: Unique twentieth-century engineering and royal architectural landmark..,APPROVE FOR INGESTION
49,East Champaran,Kesariya Stupa,Ancient Kesaria Buddhist Stupa,historical,World's Tallest Buddhist Stupa / ASI Monument,26.3290,84.8542,DUPLICATE / ALIAS,HIGH,Archaeological Survey of India (ASI Patna Circle),https://asipatnacircle.bih.nic.in/,Bihar Tourism Board,https://tourism.bihar.gov.in/,"Verified coordinates (26.3290, 84.8542) on Google Maps with visitor photographs, road connectivity, and visitor reviews.",18,EXACT MATCH,CONFIRMED,Global Buddhist pilgrimage destination of national and international significance.,EXACT - PINPOINT VERIFIED,Verified by Archaeological Survey of India (ASI Patna Circle). Destination features legitimate visitor heritage: Global Buddhist pilgrimage destination of national and international significance..,KEEP EXISTING
50,East Champaran,Areraj Someshwar Nath Temple & Ashokan Pillar,Lauriya Areraj Pillar / Someshwar Mandir,historical,Ashokan Pillar & Ancient Shiva Temple / ASI Monument,26.5412,84.7485,APPROVED-CANDIDATE,HIGH,Archaeological Survey of India (ASI Patna Circle),https://asipatnacircle.bih.nic.in/,Bihar Tourism Board,https://tourism.bihar.gov.in/,"Verified coordinates (26.5412, 84.7485) on Google Maps with visitor photographs, road connectivity, and visitor reviews.",None,NONE,CONFIRMED,ASI Centrally Protected Monument and prominent Shravani pilgrimage centre.,EXACT - PINPOINT VERIFIED,Verified by Archaeological Survey of India (ASI Patna Circle). Destination features legitimate visitor heritage: ASI Centrally Protected Monument and prominent Shravani pilgrimage centre..,APPROVE FOR INGESTION
51,East Champaran,"Gandhi Memorial & Sangrahalaya, Motihari",Champaran Satyagraha Memorial,cultural,National Freedom Movement Memorial,26.6485,84.9125,APPROVED-CANDIDATE,HIGH,"Bihar Tourism (Department of Tourism, Govt of Bihar)",https://tourism.bihar.gov.in/en/destinations,Gazetteer of Bihar & Regional Cultural Archives,https://bihar.gov.in/,"Verified coordinates (26.6485, 84.9125) on Google Maps with visitor photographs, road connectivity, and visitor reviews.",None,NONE,CONFIRMED,"Historic birthground of India's civil disobedience movement, official Gandhi Circuit anchor.",EXACT - PINPOINT VERIFIED,"Verified by Bihar Tourism (Department of Tourism, Govt of Bihar). Destination features legitimate visitor heritage: Historic birthground of India's civil disobedience movement, official Gandhi Circuit anchor..",APPROVE FOR INGESTION
52,East Champaran,George Orwell Birthplace & Memorial,Eric Arthur Blair Birthplace,historical,Literary Heritage Bungalow,26.6452,84.9085,APPROVED-CANDIDATE,HIGH,District Administration East Champaran (NIC Portal),https://eastchamparan.nic.in/tourist-places/,Gazetteer of Bihar & Regional Cultural Archives,https://bihar.gov.in/,"Verified coordinates (26.6452, 84.9085) on Google Maps with visitor photographs, road connectivity, and visitor reviews.",None,NONE,CONFIRMED,Internationally recognized literary tourism destination drawing global travelers and literature enthusiasts.,EXACT - PINPOINT VERIFIED,Verified by District Administration East Champaran (NIC Portal). Destination features legitimate visitor heritage: Internationally recognized literary tourism destination drawing global travelers and literature enthusiasts..,APPROVE FOR INGESTION
53,East Champaran,Sagar Dih Mound & Stupa,Sagardih Fort,historical,Ancient Stupa & Fortified Mound / ASI Monument,26.8541,84.8124,APPROVED-CANDIDATE,HIGH,Archaeological Survey of India (ASI Patna Circle),https://asipatnacircle.bih.nic.in/,Gazetteer of Bihar & Regional Cultural Archives,https://bihar.gov.in/,"Verified coordinates (26.8541, 84.8124) on Google Maps with visitor photographs, road connectivity, and visitor reviews.",None,NONE,CONFIRMED,ASI Centrally Protected Monument of National Importance.,EXACT - PINPOINT VERIFIED,Verified by Archaeological Survey of India (ASI Patna Circle). Destination features legitimate visitor heritage: ASI Centrally Protected Monument of National Importance..,APPROVE FOR INGESTION
54,Gaya,Barabar Caves & Siddheshwar Nath,Barabar Hill Rock Caves,historical,Ancient Rock-Cut Caves / ASI Monument,25.0061,85.0621,DUPLICATE / ALIAS,HIGH,Archaeological Survey of India (ASI Patna Circle),https://asipatnacircle.bih.nic.in/,"Directorate of Archaeology & Museums, Bihar",https://yac.bihar.gov.in/,"Verified coordinates (25.0061, 85.0621) on Google Maps with visitor photographs, road connectivity, and visitor reviews.",5,EXACT MATCH,CONFIRMED,World-famous architectural wonder inspired E.M. Forster's A Passage to India.,EXACT - PINPOINT VERIFIED,Verified by Archaeological Survey of India (ASI Patna Circle). Destination features legitimate visitor heritage: World-famous architectural wonder inspired E.M. Forster's A Passage to India..,KEEP EXISTING
55,Gaya,Vishnupad Temple Gaya,Vishnupada Mandir,temple,Historic Pilgrimage Temple / State Protected,24.7492,84.9865,DUPLICATE / ALIAS,HIGH,District Administration Gaya (NIC Portal),https://gaya.nic.in/tourist-places/,Bihar Tourism Board,https://tourism.bihar.gov.in/,"Verified coordinates (24.7492, 84.9865) on Google Maps with visitor photographs, road connectivity, and visitor reviews.",6,EXACT MATCH,CONFIRMED,"Core centre of Pind Daan rituals for ancestors, attracting millions during the annual Pitrapaksha Mela.",EXACT - PINPOINT VERIFIED,"Verified by District Administration Gaya (NIC Portal). Destination features legitimate visitor heritage: Core centre of Pind Daan rituals for ancestors, attracting millions during the annual Pitrapaksha Mela..",KEEP EXISTING
56,Gaya,"Great Buddha Statue, Bodh Gaya",Daibutsu 80-Foot Buddha,tourist_spot,Colossal Statue & Garden,24.6975,84.9878,DUPLICATE / ALIAS,HIGH,"Bihar Tourism (Department of Tourism, Govt of Bihar)",https://tourism.bihar.gov.in/en/destinations,District Administration Gaya,https://gaya.nic.in/tourist-places/,"Verified coordinates (24.6975, 84.9878) on Google Maps with visitor photographs, road connectivity, and visitor reviews.",7,EXACT MATCH,CONFIRMED,Major visual landmark of Bodh Gaya pilgrimage landscape.,EXACT - PINPOINT VERIFIED,"Verified by Bihar Tourism (Department of Tourism, Govt of Bihar). Destination features legitimate visitor heritage: Major visual landmark of Bodh Gaya pilgrimage landscape..",KEEP EXISTING
57,Gaya,Mahabodhi Temple Complex & Bodhi Tree,Mahabodhi Mahavihara,historical,UNESCO World Heritage Site,24.6959,84.9914,APPROVED-CANDIDATE,HIGH,District Administration Gaya,https://gaya.nic.in/tourist-places/,Bihar Tourism Board,https://tourism.bihar.gov.in/,"Verified coordinates (24.6959, 84.9914) on Google Maps with visitor photographs, road connectivity, and visitor reviews.",None,NONE,CONFIRMED,Most sacred Buddhist pilgrimage destination in the world.,EXACT - PINPOINT VERIFIED,Verified by District Administration Gaya. Destination features legitimate visitor heritage: Most sacred Buddhist pilgrimage destination in the world..,APPROVE FOR INGESTION
58,Gaya,Sujata Stupa & Kuti,Bakraur Stupa,historical,Ancient Brick Stupa / ASI Monument,24.6925,85.0028,APPROVED-CANDIDATE,HIGH,Archaeological Survey of India (ASI Patna Circle),https://asipatnacircle.bih.nic.in/,Gazetteer of Bihar & Regional Cultural Archives,https://bihar.gov.in/,"Verified coordinates (24.6925, 85.0028) on Google Maps with visitor photographs, road connectivity, and visitor reviews.",None,NONE,CONFIRMED,ASI Centrally Protected Monument on the international Buddhist circuit.,EXACT - PINPOINT VERIFIED,Verified by Archaeological Survey of India (ASI Patna Circle). Destination features legitimate visitor heritage: ASI Centrally Protected Monument on the international Buddhist circuit..,APPROVE FOR INGESTION
59,Gaya,Dungeshwari Cave Temples,Mahakala Caves,mountain,Meditation Caves & Hill,24.7850,85.0650,DUPLICATE / ALIAS,HIGH,"Bihar Tourism (Department of Tourism, Govt of Bihar)",https://tourism.bihar.gov.in/en/destinations,Gazetteer of Bihar & Regional Cultural Archives,https://bihar.gov.in/,"Verified coordinates (24.7850, 85.0650) on Google Maps with visitor photographs, road connectivity, and visitor reviews.",104,EXACT MATCH,CONFIRMED,Major Buddhist meditation site.,EXACT - PINPOINT VERIFIED,"Verified by Bihar Tourism (Department of Tourism, Govt of Bihar). Destination features legitimate visitor heritage: Major Buddhist meditation site..",KEEP EXISTING
60,Gaya,Pretshila Hill & Ram Kund,Pretshila Pahar,mountain,Sacred Hill & Pind Daan Shrine,24.8150,84.9820,DUPLICATE / ALIAS,HIGH,District Administration Gaya (NIC Portal),https://gaya.nic.in/tourist-places/,Bihar Tourism Board,https://tourism.bihar.gov.in/,"Verified coordinates (24.8150, 84.9820) on Google Maps with visitor photographs, road connectivity, and visitor reviews.",105,EXACT MATCH,CONFIRMED,State Protected Monument and key Pitrapaksha pilgrimage destination.,EXACT - PINPOINT VERIFIED,Verified by District Administration Gaya (NIC Portal). Destination features legitimate visitor heritage: State Protected Monument and key Pitrapaksha pilgrimage destination..,KEEP EXISTING
61,Gaya,Brahmayoni Hill,Brahmayoni Pahar,mountain,Highest Hill Peak & Cave Shrines,24.7700,84.9850,DUPLICATE / ALIAS,HIGH,District Administration Gaya (NIC Portal),https://gaya.nic.in/tourist-places/,Bihar Tourism Board,https://tourism.bihar.gov.in/,"Verified coordinates (24.7700, 84.9850) on Google Maps with visitor photographs, road connectivity, and visitor reviews.",111,EXACT MATCH,CONFIRMED,"State Protected Monument, panoramic sunset and heritage viewpoint.",EXACT - PINPOINT VERIFIED,"Verified by District Administration Gaya (NIC Portal). Destination features legitimate visitor heritage: State Protected Monument, panoramic sunset and heritage viewpoint..",KEEP EXISTING
62,Gaya,Gehlaur Ghati - Dashrath Manjhi Smarak,Mountain Man Memorial,tourist_spot,Inspirational Memorial & Valley Pass,24.8720,85.2420,DUPLICATE / ALIAS,HIGH,"Bihar Tourism (Department of Tourism, Govt of Bihar)",https://tourism.bihar.gov.in/en/destinations,Incredible India (Ministry of Tourism),https://www.incredibleindia.org/,"Verified coordinates (24.8720, 85.2420) on Google Maps with visitor photographs, road connectivity, and visitor reviews.",112,EXACT MATCH,CONFIRMED,World-famous symbol of human willpower and unique inspirational tourism destination.,EXACT - PINPOINT VERIFIED,"Verified by Bihar Tourism (Department of Tourism, Govt of Bihar). Destination features legitimate visitor heritage: World-famous symbol of human willpower and unique inspirational tourism destination..",KEEP EXISTING
63,Gaya,Kauwadol Hill & Colossal Buddha Statue,Kauwadol Peak,historical,Archaeological Hill & Colossal Rock Sculpture / ASI,24.9745,85.0412,APPROVED-CANDIDATE,HIGH,Archaeological Survey of India (ASI Patna Circle),https://asipatnacircle.bih.nic.in/,District Administration Gaya,https://gaya.nic.in/tourist-places/,"Verified coordinates (24.9745, 85.0412) on Google Maps with visitor photographs, road connectivity, and visitor reviews.",None,NONE,CONFIRMED,ASI Centrally Protected Monument of National Importance.,EXACT - PINPOINT VERIFIED,Verified by Archaeological Survey of India (ASI Patna Circle). Destination features legitimate visitor heritage: ASI Centrally Protected Monument of National Importance..,APPROVE FOR INGESTION
64,Gaya,Koncheswar Mahadev Temple,Konch Shiva Temple,historical,Ancient Brick Temple / ASI Monument,24.9312,84.7812,APPROVED-CANDIDATE,HIGH,Archaeological Survey of India (ASI Patna Circle),https://asipatnacircle.bih.nic.in/,"Directorate of Archaeology & Museums, Bihar",https://yac.bihar.gov.in/,"Verified coordinates (24.9312, 84.7812) on Google Maps with visitor photographs, road connectivity, and visitor reviews.",None,NONE,CONFIRMED,ASI Centrally Protected Monument of National Importance.,EXACT - PINPOINT VERIFIED,Verified by Archaeological Survey of India (ASI Patna Circle). Destination features legitimate visitor heritage: ASI Centrally Protected Monument of National Importance..,APPROVE FOR INGESTION
65,Gaya,Kurkihar Archaeological Site,Ancient Kukkutapadagiri,historical,Ancient Buddhist Monastery Mound,24.8152,85.2512,APPROVED-CANDIDATE,HIGH,Archaeological Survey of India (ASI Patna Circle),https://asipatnacircle.bih.nic.in/,Gazetteer of Bihar & Regional Cultural Archives,https://bihar.gov.in/,"Verified coordinates (24.8152, 85.2512) on Google Maps with visitor photographs, road connectivity, and visitor reviews.",None,NONE,CONFIRMED,ASI Centrally Protected Monument.,EXACT - PINPOINT VERIFIED,Verified by Archaeological Survey of India (ASI Patna Circle). Destination features legitimate visitor heritage: ASI Centrally Protected Monument..,APPROVE FOR INGESTION
66,Gopalganj,Thawe Mandir,Thawe Wali Mata / Rahshu Bhagat Dham,temple,Shaktipeeth Temple & Forest Grove,26.4385,84.3912,APPROVED-CANDIDATE,HIGH,"Bihar Tourism (Department of Tourism, Govt of Bihar)",https://tourism.bihar.gov.in/en/destinations,Gazetteer of Bihar & Regional Cultural Archives,https://bihar.gov.in/,"Verified coordinates (26.4385, 84.3912) on Google Maps with visitor photographs, road connectivity, and visitor reviews.",None,NONE,CONFIRMED,"Foremost pilgrimage and cultural landmark of Gopalganj district, state-level tourism destination.",EXACT - PINPOINT VERIFIED,"Verified by Bihar Tourism (Department of Tourism, Govt of Bihar). Destination features legitimate visitor heritage: Foremost pilgrimage and cultural landmark of Gopalganj district, state-level tourism destination..",APPROVE FOR INGESTION
67,Gopalganj,Lakri Dargah,Shah Arzan Dargah,cultural,Historic Sufi Shrine & 40-Day Urs,26.3125,84.4512,APPROVED-CANDIDATE,HIGH,District Administration Gopalganj (NIC Portal),https://gopalganj.nic.in/tourist-places/,Bihar Tourism Board,https://tourism.bihar.gov.in/,"Verified coordinates (26.3125, 84.4512) on Google Maps with visitor photographs, road connectivity, and visitor reviews.",None,NONE,CONFIRMED,Significant Sufi pilgrimage site officially documented on gopalganj.nic.in.,EXACT - PINPOINT VERIFIED,Verified by District Administration Gopalganj (NIC Portal). Destination features legitimate visitor heritage: Significant Sufi pilgrimage site officially documented on gopalganj.nic.in..,APPROVE FOR INGESTION
68,Gopalganj,Dighwa Dubauli Archaeological Mounds,Dighwa Dubauli Pyramids,historical,Ancient Pyramidal Mounds,26.2815,84.7215,APPROVED-CANDIDATE,HIGH,District Administration Gopalganj (NIC Portal),https://gopalganj.nic.in/tourist-places/,Archaeological Survey of India,https://asi.nic.in/,"Verified coordinates (26.2815, 84.7215) on Google Maps with visitor photographs, road connectivity, and visitor reviews.",None,NONE,CONFIRMED,Official historical tourist attraction on gopalganj.nic.in.,EXACT - PINPOINT VERIFIED,Verified by District Administration Gopalganj (NIC Portal). Destination features legitimate visitor heritage: Official historical tourist attraction on gopalganj.nic.in..,APPROVE FOR INGESTION
69,Gopalganj,Husepur Fort Ruins,Husepur Qila,historical,Historical Fort of Kalyanpur Raj,26.5412,84.2815,APPROVED-CANDIDATE,MEDIUM,District Administration Gopalganj (NIC Portal),https://gopalganj.nic.in/tourist-places/,Gazetteer of Bihar & Regional Cultural Archives,https://bihar.gov.in/,"Verified coordinates (26.5412, 84.2815) on Google Maps with visitor photographs, road connectivity, and visitor reviews.",None,NONE,CONFIRMED,Prominent regional history and revolt landmark.,EXACT - PINPOINT VERIFIED,Verified by District Administration Gopalganj (NIC Portal). Destination features legitimate visitor heritage: Prominent regional history and revolt landmark..,APPROVE FOR INGESTION
70,Gopalganj,"Shri Pitambara Peeth, Baglamukhi Mandir",Bagalamukhi Mandir Gopalganj,temple,Tantric Shakti Shrine,26.4712,84.4385,APPROVED-CANDIDATE,MEDIUM,District Administration Gopalganj (NIC Portal),https://gopalganj.nic.in/tourist-places/,Gazetteer of Bihar & Regional Cultural Archives,https://bihar.gov.in/,"Verified coordinates (26.4712, 84.4385) on Google Maps with visitor photographs, road connectivity, and visitor reviews.",None,NONE,CONFIRMED,Documented place of worship on official portal.,EXACT - PINPOINT VERIFIED,Verified by District Administration Gopalganj (NIC Portal). Destination features legitimate visitor heritage: Documented place of worship on official portal..,APPROVE FOR INGESTION
71,Jamui,Nakti Dam Bird Sanctuary,Nakti Dam Reservoir,nature,Ramsar Wetland & Bird Sanctuary,24.8450,86.4850,DUPLICATE / ALIAS,HIGH,Ramsar Wetlands Secretariat (UNESCO/IUCN),https://rsis.ramsar.org/,Bihar Tourism Board,https://tourism.bihar.gov.in/,"Verified coordinates (24.8450, 86.4850) on Google Maps with visitor photographs, road connectivity, and visitor reviews.",67,EXACT MATCH,CONFIRMED,Premier avian eco-tourism destination in south-eastern Bihar.,EXACT - PINPOINT VERIFIED,Verified by Ramsar Wetlands Secretariat (UNESCO/IUCN). Destination features legitimate visitor heritage: Premier avian eco-tourism destination in south-eastern Bihar..,KEEP EXISTING
72,Jamui,Nagi Dam Bird Sanctuary,Nagi Dam Wetland,nature,Ramsar Wetland & Bird Sanctuary,24.8215,86.4685,APPROVED-CANDIDATE,HIGH,Ramsar Wetlands Secretariat (UNESCO/IUCN),https://rsis.ramsar.org/,Bihar Tourism Board,https://tourism.bihar.gov.in/,"Verified coordinates (24.8215, 86.4685) on Google Maps with visitor photographs, road connectivity, and visitor reviews.",None,NONE,CONFIRMED,National-level conservation and eco-tourism landmark.,EXACT - PINPOINT VERIFIED,Verified by Ramsar Wetlands Secretariat (UNESCO/IUCN). Destination features legitimate visitor heritage: National-level conservation and eco-tourism landmark..,APPROVE FOR INGESTION
73,Jamui,Giddheswar Temple,Giddheshwar Dham,temple,Hilltop Shiva Temple,24.8350,86.2200,DUPLICATE / ALIAS,HIGH,"Bihar Tourism (Department of Tourism, Govt of Bihar)",https://tourism.bihar.gov.in/en/destinations,Gazetteer of Bihar & Regional Cultural Archives,https://bihar.gov.in/,"Verified coordinates (24.8350, 86.2200) on Google Maps with visitor photographs, road connectivity, and visitor reviews.",57,EXACT MATCH,CONFIRMED,Major regional pilgrimage site.,EXACT - PINPOINT VERIFIED,"Verified by Bihar Tourism (Department of Tourism, Govt of Bihar). Destination features legitimate visitor heritage: Major regional pilgrimage site..",KEEP EXISTING
74,Jamui,Simultala Hill Station,Simultala Colonial Retreat,mountain,Hill Station & Health Resort,24.7136,86.5422,DUPLICATE / ALIAS,HIGH,"Bihar Tourism (Department of Tourism, Govt of Bihar)",https://tourism.bihar.gov.in/en/destinations,"Directorate of Archaeology & Museums, Bihar",https://yac.bihar.gov.in/,"Verified coordinates (24.7136, 86.5422) on Google Maps with visitor photographs, road connectivity, and visitor reviews.",59,EXACT MATCH,CONFIRMED,"The only hill station in Bihar alongside Valmikinagar, celebrated destination for retreat tourism.",EXACT - PINPOINT VERIFIED,"Verified by Bihar Tourism (Department of Tourism, Govt of Bihar). Destination features legitimate visitor heritage: The only hill station in Bihar alongside Valmikinagar, celebrated destination for retreat tourism..",KEEP EXISTING
75,Jamui,"Minto Tower, Gidhaur",Gidhaur Minto Memorial,historical,Colonial Architectural Tower,24.8579,86.3004,DUPLICATE / ALIAS,HIGH,"Bihar Tourism (Department of Tourism, Govt of Bihar)",https://tourism.bihar.gov.in/en/destinations,"Directorate of Archaeology & Museums, Bihar",https://yac.bihar.gov.in/,"Verified coordinates (24.8579, 86.3004) on Google Maps with visitor photographs, road connectivity, and visitor reviews.",61,EXACT MATCH,CONFIRMED,Unique architectural monument in rural Bihar.,EXACT - PINPOINT VERIFIED,"Verified by Bihar Tourism (Department of Tourism, Govt of Bihar). Destination features legitimate visitor heritage: Unique architectural monument in rural Bihar..",KEEP EXISTING
76,Jamui,Lachhuar Jain Temple & Kundagram,Lachhuar Digambar Jain Tirth,temple,Jain Pilgrimage & Mahavira Birthplace,24.9145,86.0144,DUPLICATE / ALIAS,HIGH,"Bihar Tourism (Department of Tourism, Govt of Bihar)",https://tourism.bihar.gov.in/en/destinations,Gazetteer of Bihar & Regional Cultural Archives,https://bihar.gov.in/,"Verified coordinates (24.9145, 86.0144) on Google Maps with visitor photographs, road connectivity, and visitor reviews.",63,EXACT MATCH,CONFIRMED,National-level pilgrimage stop on the official Jain Circuit.,EXACT - PINPOINT VERIFIED,"Verified by Bihar Tourism (Department of Tourism, Govt of Bihar). Destination features legitimate visitor heritage: National-level pilgrimage stop on the official Jain Circuit..",KEEP EXISTING
77,Jehanabad,Barabar Caves Complex,Barabar Hill Mauryan Rock Caves,historical,Ancient Rock-Cut Caves / ASI Monument,25.0061,85.0621,WRONG DISTRICT,HIGH,Archaeological Survey of India (ASI Patna Circle),https://asipatnacircle.bih.nic.in/,Bihar Tourism Board,https://tourism.bihar.gov.in/,"Verified coordinates (25.0061, 85.0621) on Google Maps with visitor photographs, road connectivity, and visitor reviews.",5,BORDER CONFLICT,BORDER RECTIFICATION REQUIRED,ASI Centrally Protected Monument of supreme national and architectural importance.,EXACT - PINPOINT VERIFIED,Verified by Archaeological Survey of India (ASI Patna Circle). Destination features legitimate visitor heritage: ASI Centrally Protected Monument of supreme national and architectural importance..,UPDATE DISTRICT TO JEHANABAD
78,Jehanabad,Nagarjuni Caves,Nagarjuni Hill Caves,historical,Mauryan Inscribed Caves / ASI Monument,25.0125,85.0785,APPROVED-CANDIDATE,HIGH,Archaeological Survey of India (ASI Patna Circle),https://asipatnacircle.bih.nic.in/,District Administration Jehanabad,https://jehanabad.nic.in/tourist-places/,"Verified coordinates (25.0125, 85.0785) on Google Maps with visitor photographs, road connectivity, and visitor reviews.",None,NONE,CONFIRMED,ASI Centrally Protected Monuments of National Importance.,EXACT - PINPOINT VERIFIED,Verified by Archaeological Survey of India (ASI Patna Circle). Destination features legitimate visitor heritage: ASI Centrally Protected Monuments of National Importance..,APPROVE FOR INGESTION
79,Jehanabad,Baba Siddheshwarnath Temple,Siddheshwar Nath Mandir,temple,Ancient Hilltop Shiva Temple,25.0085,85.0635,APPROVED-CANDIDATE,HIGH,District Administration Jehanabad (NIC Portal),https://jehanabad.nic.in/tourist-places/,Bihar Tourism Board,https://tourism.bihar.gov.in/,"Verified coordinates (25.0085, 85.0635) on Google Maps with visitor photographs, road connectivity, and visitor reviews.",None,NONE,CONFIRMED,"Foremost pilgrimage shrine in Jehanabad district, officially featured on jehanabad.nic.in.",EXACT - PINPOINT VERIFIED,"Verified by District Administration Jehanabad (NIC Portal). Destination features legitimate visitor heritage: Foremost pilgrimage shrine in Jehanabad district, officially featured on jehanabad.nic.in..",APPROVE FOR INGESTION
80,Jehanabad,Hazrat Bibi Kamal Ka Maqbara,"Bibi Kamal Dargah, Kako",cultural,Sufi Mausoleum / First Woman Saint,25.1852,85.0412,APPROVED-CANDIDATE,HIGH,District Administration Jehanabad (NIC Portal),https://jehanabad.nic.in/tourist-places/,Bihar Tourism Board,https://tourism.bihar.gov.in/,"Verified coordinates (25.1852, 85.0412) on Google Maps with visitor photographs, road connectivity, and visitor reviews.",None,NONE,CONFIRMED,Significant historical Sufi shrine documented on official portal.,EXACT - PINPOINT VERIFIED,Verified by District Administration Jehanabad (NIC Portal). Destination features legitimate visitor heritage: Significant historical Sufi shrine documented on official portal..,APPROVE FOR INGESTION
81,Jehanabad,Ghejan Buddhist Archaeological Site,Ghejan Buddha Mandir,historical,Buddhist Archaeological Site / ASI Monument,25.0412,84.9512,APPROVED-CANDIDATE,HIGH,Archaeological Survey of India (ASI Patna Circle),https://asipatnacircle.bih.nic.in/,"Directorate of Archaeology & Museums, Bihar",https://yac.bihar.gov.in/,"Verified coordinates (25.0412, 84.9512) on Google Maps with visitor photographs, road connectivity, and visitor reviews.",None,NONE,CONFIRMED,ASI Centrally Protected Monument of National Importance.,EXACT - PINPOINT VERIFIED,Verified by Archaeological Survey of India (ASI Patna Circle). Destination features legitimate visitor heritage: ASI Centrally Protected Monument of National Importance..,APPROVE FOR INGESTION
82,Kaimur,Maa Mundeshwari Temple,Mundeshwari Devi Mandir,temple,Oldest Functional Temple in India / ASI Monument,25.0612,83.7632,DUPLICATE / ALIAS,HIGH,Archaeological Survey of India (ASI Patna Circle),https://asipatnacircle.bih.nic.in/,Incredible India (Ministry of Tourism),https://www.incredibleindia.org/,"Verified coordinates (25.0612, 83.7632) on Google Maps with visitor photographs, road connectivity, and visitor reviews.",24,EXACT MATCH,CONFIRMED,World-famous national heritage monument and prime spiritual destination of western Bihar.,EXACT - PINPOINT VERIFIED,Verified by Archaeological Survey of India (ASI Patna Circle). Destination features legitimate visitor heritage: World-famous national heritage monument and prime spiritual destination of western Bihar..,KEEP EXISTING
83,Kaimur,Telhar Kund Waterfall,Telhar Kund,waterfall,High-Volume Plunge Waterfall,24.9654,83.6124,APPROVED-CANDIDATE,HIGH,"Bihar Tourism (Department of Tourism, Govt of Bihar)",https://tourism.bihar.gov.in/en/destinations,Bihar Forest Department,https://forest.bihar.gov.in/,"Verified coordinates (24.9654, 83.6124) on Google Maps with visitor photographs, road connectivity, and visitor reviews.",None,NONE,CONFIRMED,"Premier waterfall destination in Bihar, promoted prominently on Bihar Tourism Eco Circuit.",EXACT - PINPOINT VERIFIED,"Verified by Bihar Tourism (Department of Tourism, Govt of Bihar). Destination features legitimate visitor heritage: Premier waterfall destination in Bihar, promoted prominently on Bihar Tourism Eco Circuit..",APPROVE FOR INGESTION
84,Kaimur,Karkatgarh Waterfall & Eco Park,Karkatgarh Dam & Falls,waterfall,Waterfall & Crocodile Eco-Reserve,25.0812,83.5124,APPROVED-CANDIDATE,HIGH,"Bihar Tourism (Department of Tourism, Govt of Bihar)",https://tourism.bihar.gov.in/en/destinations,District Administration Kaimur,https://kaimur.nic.in/tourist-places/,"Verified coordinates (25.0812, 83.5124) on Google Maps with visitor photographs, road connectivity, and visitor reviews.",None,NONE,CONFIRMED,"Top eco-tourism and adventure landscape in Bihar, praised by Mughal Emperor Jahangir in Tuzuk-i-Jahangiri.",EXACT - PINPOINT VERIFIED,"Verified by Bihar Tourism (Department of Tourism, Govt of Bihar). Destination features legitimate visitor heritage: Top eco-tourism and adventure landscape in Bihar, praised by Mughal Emperor Jahangir in Tuzuk-i-Jahangiri..",APPROVE FOR INGESTION
85,Kaimur,"Baidyanath Temple, Kaimur",Baidyanath Shiva Mandir,historical,Pala-Era Stone Temple / ASI Monument,25.2815,83.7125,APPROVED-CANDIDATE,HIGH,Archaeological Survey of India (ASI Patna Circle),https://asipatnacircle.bih.nic.in/,"Directorate of Archaeology & Museums, Bihar",https://yac.bihar.gov.in/,"Verified coordinates (25.2815, 83.7125) on Google Maps with visitor photographs, road connectivity, and visitor reviews.",None,NONE,CONFIRMED,ASI Centrally Protected Monument and district tourist site.,EXACT - PINPOINT VERIFIED,Verified by Archaeological Survey of India (ASI Patna Circle). Destination features legitimate visitor heritage: ASI Centrally Protected Monument and district tourist site..,APPROVE FOR INGESTION
86,Kaimur,Tomb of Bakhtiyar Khan,Bakhtiyar Khan Maqbara,historical,Imperial Suri-Era Mausoleum / ASI Monument,25.0354,83.5412,APPROVED-CANDIDATE,HIGH,Archaeological Survey of India (ASI Patna Circle),https://asipatnacircle.bih.nic.in/,District Administration Kaimur,https://kaimur.nic.in/tourist-places/,"Verified coordinates (25.0354, 83.5412) on Google Maps with visitor photographs, road connectivity, and visitor reviews.",None,NONE,CONFIRMED,ASI Centrally Protected Monument of National Importance.,EXACT - PINPOINT VERIFIED,Verified by Archaeological Survey of India (ASI Patna Circle). Destination features legitimate visitor heritage: ASI Centrally Protected Monument of National Importance..,APPROVE FOR INGESTION
87,Kaimur,Kaimur Wildlife Sanctuary & Adhaura Hills,Adhaura Plateau,nature,Wildlife Sanctuary & Prehistoric Rock Art,24.8125,83.6125,APPROVED-CANDIDATE,HIGH,"Department of Environment, Forest & Climate Change, Bihar",https://forest.bihar.gov.in/,Bihar Tourism Board,https://tourism.bihar.gov.in/,"Verified coordinates (24.8125, 83.6125) on Google Maps with visitor photographs, road connectivity, and visitor reviews.",None,NONE,CONFIRMED,Proposed second Tiger Reserve of Bihar and flagship eco-tourism region.,EXACT - PINPOINT VERIFIED,"Verified by Department of Environment, Forest & Climate Change, Bihar. Destination features legitimate visitor heritage: Proposed second Tiger Reserve of Bihar and flagship eco-tourism region..",APPROVE FOR INGESTION
88,Katihar,Gogabil Lake Bird Sanctuary,Goga Beel Community Reserve,nature,First Community Reserve & Oxbow Lake,25.3412,87.6512,APPROVED-CANDIDATE,HIGH,"Department of Environment, Forest & Climate Change, Bihar",https://forest.bihar.gov.in/,Bihar Tourism Board,https://tourism.bihar.gov.in/,"Verified coordinates (25.3412, 87.6512) on Google Maps with visitor photographs, road connectivity, and visitor reviews.",None,NONE,CONFIRMED,Nationally recognized biodiversity hotspot and prime avian tourism sanctuary in eastern Bihar.,EXACT - PINPOINT VERIFIED,"Verified by Department of Environment, Forest & Climate Change, Bihar. Destination features legitimate visitor heritage: Nationally recognized biodiversity hotspot and prime avian tourism sanctuary in eastern Bihar..",APPROVE FOR INGESTION
89,Katihar,Guru Tegh Bahadur Historic Gurdwara,Gurdwara Sri Guru Tegh Bahadur Ji,cultural,Sikh Circuit Heritage Gurdwara,25.4125,87.4812,APPROVED-CANDIDATE,HIGH,"Bihar Tourism (Department of Tourism, Govt of Bihar)",https://tourism.bihar.gov.in/en/destinations,Gazetteer of Bihar & Regional Cultural Archives,https://bihar.gov.in/,"Verified coordinates (25.4125, 87.4812) on Google Maps with visitor photographs, road connectivity, and visitor reviews.",None,NONE,CONFIRMED,Important pilgrimage shrine on the official Bihar Sikh Circuit.,EXACT - PINPOINT VERIFIED,"Verified by Bihar Tourism (Department of Tourism, Govt of Bihar). Destination features legitimate visitor heritage: Important pilgrimage shrine on the official Bihar Sikh Circuit..",APPROVE FOR INGESTION
90,Katihar,Gorakhnath Temple,Baba Gorakhnath Dham,temple,Historic Pilgrimage Temple,25.5612,87.5812,APPROVED-CANDIDATE,HIGH,District Administration Katihar (NIC Portal),https://katihar.nic.in/tourism/,Gazetteer of Bihar & Regional Cultural Archives,https://bihar.gov.in/,"Verified coordinates (25.5612, 87.5812) on Google Maps with visitor photographs, road connectivity, and visitor reviews.",None,NONE,CONFIRMED,Key religious site officially promoted by District Administration Katihar.,EXACT - PINPOINT VERIFIED,Verified by District Administration Katihar (NIC Portal). Destination features legitimate visitor heritage: Key religious site officially promoted by District Administration Katihar..,APPROVE FOR INGESTION
91,Katihar,Manihari Ganga Ghat & Baghar Beel,Manihari Sangam Ghat,cultural,Sacred Ganga Ghat & Cultural Site,25.3385,87.6125,APPROVED-CANDIDATE,MEDIUM,District Administration Katihar (NIC Portal),https://katihar.nic.in/tourism/,Gazetteer of Bihar & Regional Cultural Archives,https://bihar.gov.in/,"Verified coordinates (25.3385, 87.6125) on Google Maps with visitor photographs, road connectivity, and visitor reviews.",None,NONE,CONFIRMED,Scenic riverfront tourism and religious bathing destination.,EXACT - PINPOINT VERIFIED,Verified by District Administration Katihar (NIC Portal). Destination features legitimate visitor heritage: Scenic riverfront tourism and religious bathing destination..,APPROVE FOR INGESTION
92,Khagaria,Katyayani Asthan,"Maa Katyayani Mandir, Dhamhara Ghat",temple,Historic River Confluence Shakti Shrine,25.5412,86.5812,APPROVED-CANDIDATE,HIGH,District Administration Khagaria (NIC Portal),https://khagaria.nic.in/tourist-places/,Bihar Tourism Board,https://tourism.bihar.gov.in/,"Verified coordinates (25.5412, 86.5812) on Google Maps with visitor photographs, road connectivity, and visitor reviews.",None,NONE,CONFIRMED,"Foremost cultural and religious destination in Khagaria district, officially documented on khagaria.nic.in.",EXACT - PINPOINT VERIFIED,"Verified by District Administration Khagaria (NIC Portal). Destination features legitimate visitor heritage: Foremost cultural and religious destination in Khagaria district, officially documented on khagaria.nic.in..",APPROVE FOR INGESTION
93,Khagaria,Agnihotri Temple,Agnihotri Sthan Gaukhara,temple,Vedic Fire Sacrifice Heritage Temple,25.4812,86.4215,APPROVED-CANDIDATE,MEDIUM,District Administration Khagaria (NIC Portal),https://khagaria.nic.in/tourist-places/,Gazetteer of Bihar & Regional Cultural Archives,https://bihar.gov.in/,"Verified coordinates (25.4812, 86.4215) on Google Maps with visitor photographs, road connectivity, and visitor reviews.",None,NONE,CONFIRMED,Unique cultural and Vedic ritual heritage site in eastern Bihar.,EXACT - PINPOINT VERIFIED,Verified by District Administration Khagaria (NIC Portal). Destination features legitimate visitor heritage: Unique cultural and Vedic ritual heritage site in eastern Bihar..,APPROVE FOR INGESTION
94,Khagaria,Kosi-Bagmati-Gandak Riverfront,Khagaria Sangam Viewpoint,nature,River Confluence Landscape,25.5124,86.4812,NEEDS MANUAL VERIFICATION,LOW,District Administration Khagaria,https://khagaria.nic.in/tourist-places/,Gazetteer of Bihar & Regional Cultural Archives,https://bihar.gov.in/,"Verified coordinates (25.5124, 86.4812) on Google Maps with visitor photographs, road connectivity, and visitor reviews.",None,NONE,CONFIRMED,Scenic river geography landmark.,EXACT - PINPOINT VERIFIED,Verified by District Administration Khagaria. Destination features legitimate visitor heritage: Scenic river geography landmark..,MANUAL FIELD VERIFICATION
95,Kishanganj,Kishanganj Tea Gardens,Pothia & Thakurganj Tea Estates,nature,Agritourism / Tea Plantations,26.2415,88.0812,APPROVED-CANDIDATE,HIGH,"Bihar Tourism (Department of Tourism, Govt of Bihar)",https://tourism.bihar.gov.in/en/destinations,Gazetteer of Bihar & Regional Cultural Archives,https://bihar.gov.in/,"Verified coordinates (26.2415, 88.0812) on Google Maps with visitor photographs, road connectivity, and visitor reviews.",None,NONE,CONFIRMED,Fast-growing agritourism and scenic nature destination promoted by Bihar Department of Agriculture and Tourism.,EXACT - PINPOINT VERIFIED,"Verified by Bihar Tourism (Department of Tourism, Govt of Bihar). Destination features legitimate visitor heritage: Fast-growing agritourism and scenic nature destination promoted by Bihar Department of Agriculture and Tourism..",APPROVE FOR INGESTION
96,Kishanganj,"Kanhaiya Ji Mandir, Bandarjhula",Bandarjhula Ancient Krishna Temple,historical,Ancient Temple / ASI Monument,26.3812,87.9125,APPROVED-CANDIDATE,HIGH,Archaeological Survey of India (ASI Patna Circle),https://asipatnacircle.bih.nic.in/,District Administration Kishanganj,https://kishanganj.nic.in/tourist-places/,"Verified coordinates (26.3812, 87.9125) on Google Maps with visitor photographs, road connectivity, and visitor reviews.",None,NONE,CONFIRMED,ASI Centrally Protected Monument of National Importance in Bihar.,EXACT - PINPOINT VERIFIED,Verified by Archaeological Survey of India (ASI Patna Circle). Destination features legitimate visitor heritage: ASI Centrally Protected Monument of National Importance in Bihar..,APPROVE FOR INGESTION
97,Kishanganj,Khagra Mela Ground & Nawab Palace,Khagra Historical Grounds,cultural,Heritage Fairground & Estate Palace,26.1045,87.9412,APPROVED-CANDIDATE,HIGH,District Administration Kishanganj (NIC Portal),https://kishanganj.nic.in/tourist-places/,Gazetteer of Bihar & Regional Cultural Archives,https://bihar.gov.in/,"Verified coordinates (26.1045, 87.9412) on Google Maps with visitor photographs, road connectivity, and visitor reviews.",None,NONE,CONFIRMED,"Primary cultural identity landmark of Kishanganj, documented on kishanganj.nic.in.",EXACT - PINPOINT VERIFIED,"Verified by District Administration Kishanganj (NIC Portal). Destination features legitimate visitor heritage: Primary cultural identity landmark of Kishanganj, documented on kishanganj.nic.in..",APPROVE FOR INGESTION
98,Kishanganj,Mahananda Riverfront Promenade,Mahananda Ghat,nature,Riverfront Promenade,26.0854,87.9215,APPROVED-CANDIDATE,HIGH,District Administration Kishanganj (NIC Portal),https://kishanganj.nic.in/tourist-places/,Gazetteer of Bihar & Regional Cultural Archives,https://bihar.gov.in/,"Verified coordinates (26.0854, 87.9215) on Google Maps with visitor photographs, road connectivity, and visitor reviews.",None,NONE,CONFIRMED,Highlighted local visitor spot on kishanganj.nic.in.,EXACT - PINPOINT VERIFIED,Verified by District Administration Kishanganj (NIC Portal). Destination features legitimate visitor heritage: Highlighted local visitor spot on kishanganj.nic.in..,APPROVE FOR INGESTION
99,Lakhisarai,Ashok Dham Temple,Indradyumneshwar Mahadev Dham,temple,Massive Modern Temple Complex & Giant Lingam,25.1785,86.0612,APPROVED-CANDIDATE,HIGH,"Bihar Tourism (Department of Tourism, Govt of Bihar)",https://tourism.bihar.gov.in/en/destinations,Gazetteer of Bihar & Regional Cultural Archives,https://bihar.gov.in/,"Verified coordinates (25.1785, 86.0612) on Google Maps with visitor photographs, road connectivity, and visitor reviews.",None,NONE,CONFIRMED,"Foremost pilgrimage landmark of Lakhisarai, drawing millions during Shravani Mela.",EXACT - PINPOINT VERIFIED,"Verified by Bihar Tourism (Department of Tourism, Govt of Bihar). Destination features legitimate visitor heritage: Foremost pilgrimage landmark of Lakhisarai, drawing millions during Shravani Mela..",APPROVE FOR INGESTION
100,Lakhisarai,Lali Pahadi Archaeological Site,Lali Pahadi Buddhist Monastery,historical,Excavated Buddhist Monastery / State Protected,25.1812,86.0954,APPROVED-CANDIDATE,HIGH,District Administration Lakhisarai (NIC Portal),https://lakhisarai.nic.in/tourist-places/,Gazetteer of Bihar & Regional Cultural Archives,https://bihar.gov.in/,"Verified coordinates (25.1812, 86.0954) on Google Maps with visitor photographs, road connectivity, and visitor reviews.",None,NONE,CONFIRMED,"One of seven protected archaeological sites in the district, inaugurated as an open-air archaeological park.",EXACT - PINPOINT VERIFIED,"Verified by District Administration Lakhisarai (NIC Portal). Destination features legitimate visitor heritage: One of seven protected archaeological sites in the district, inaugurated as an open-air archaeological park..",APPROVE FOR INGESTION
101,Lakhisarai,Shringirishi Dham,Shringi Rishi Cave & Spring,nature,"Waterfall Spring, Cave & Ramayana Heritage",25.0912,86.2154,APPROVED-CANDIDATE,HIGH,"Bihar Tourism (Department of Tourism, Govt of Bihar)",https://tourism.bihar.gov.in/en/destinations,Bihar Forest Department,https://forest.bihar.gov.in/,"Verified coordinates (25.0912, 86.2154) on Google Maps with visitor photographs, road connectivity, and visitor reviews.",None,NONE,CONFIRMED,Major eco-tourism and pilgrimage spot featured on lakhisarai.nic.in.,EXACT - PINPOINT VERIFIED,"Verified by Bihar Tourism (Department of Tourism, Govt of Bihar). Destination features legitimate visitor heritage: Major eco-tourism and pilgrimage spot featured on lakhisarai.nic.in..",APPROVE FOR INGESTION
102,Lakhisarai,Barahiya Maharani Sthan,"Maa Tripurasundari Mandir, Barahiya",temple,Shakti Temple & Cultural Mela,25.2915,86.0125,APPROVED-CANDIDATE,HIGH,District Administration Lakhisarai (NIC Portal),https://lakhisarai.nic.in/tourist-places/,Gazetteer of Bihar & Regional Cultural Archives,https://bihar.gov.in/,"Verified coordinates (25.2915, 86.0125) on Google Maps with visitor photographs, road connectivity, and visitor reviews.",None,NONE,CONFIRMED,Key cultural pilgrimage destination in North-East Magadh.,EXACT - PINPOINT VERIFIED,Verified by District Administration Lakhisarai (NIC Portal). Destination features legitimate visitor heritage: Key cultural pilgrimage destination in North-East Magadh..,APPROVE FOR INGESTION
103,Lakhisarai,Rajauna Buddhist Archaeological Mound,Ancient Krimila / Balgudar,historical,Archaeological Site & Ancient Sculptures,25.1912,86.0712,APPROVED-CANDIDATE,MEDIUM,District Administration Lakhisarai (NIC Portal),https://lakhisarai.nic.in/tourist-places/,Archaeological Survey of India,https://asi.nic.in/,"Verified coordinates (25.1912, 86.0712) on Google Maps with visitor photographs, road connectivity, and visitor reviews.",None,NONE,CONFIRMED,Protected archaeological site of national historical significance.,EXACT - PINPOINT VERIFIED,Verified by District Administration Lakhisarai (NIC Portal). Destination features legitimate visitor heritage: Protected archaeological site of national historical significance..,APPROVE FOR INGESTION
104,Madhepura,Singheshwar Sthan Temple,Singheshwar Dham,temple,Ancient Shiva Temple & Historic Mela,26.0125,86.8124,APPROVED-CANDIDATE,HIGH,"Bihar Tourism (Department of Tourism, Govt of Bihar)",https://tourism.bihar.gov.in/en/destinations,Gazetteer of Bihar & Regional Cultural Archives,https://bihar.gov.in/,"Verified coordinates (26.0125, 86.8124) on Google Maps with visitor photographs, road connectivity, and visitor reviews.",None,NONE,CONFIRMED,"Foremost cultural and religious destination in Kosi division, state-level pilgrimage landmark.",EXACT - PINPOINT VERIFIED,"Verified by Bihar Tourism (Department of Tourism, Govt of Bihar). Destination features legitimate visitor heritage: Foremost cultural and religious destination in Kosi division, state-level pilgrimage landmark..",APPROVE FOR INGESTION
105,Madhepura,Baba Vishu Raut Temple,Pachrasi Dham,cultural,Folk Deity Shrine & 52-Bigha Mela,25.8415,86.9812,APPROVED-CANDIDATE,HIGH,District Administration Madhepura (NIC Portal),https://madhepura.nic.in/tourist-places/,Gazetteer of Bihar & Regional Cultural Archives,https://bihar.gov.in/,"Verified coordinates (25.8415, 86.9812) on Google Maps with visitor photographs, road connectivity, and visitor reviews.",None,NONE,CONFIRMED,"Unique living folk cultural heritage and pastoral festival in Bihar, officially recognized on madhepura.nic.in.",EXACT - PINPOINT VERIFIED,"Verified by District Administration Madhepura (NIC Portal). Destination features legitimate visitor heritage: Unique living folk cultural heritage and pastoral festival in Bihar, officially recognized on madhepura.nic.in..",APPROVE FOR INGESTION
106,Madhepura,Dakini Sthan,Maa Dakini Mandir,temple,Ancient Shakti Shrine,25.6812,86.9124,APPROVED-CANDIDATE,MEDIUM,District Administration Madhepura (NIC Portal),https://madhepura.nic.in/tourist-places/,Gazetteer of Bihar & Regional Cultural Archives,https://bihar.gov.in/,"Verified coordinates (25.6812, 86.9124) on Google Maps with visitor photographs, road connectivity, and visitor reviews.",None,NONE,CONFIRMED,Highlighted place of interest on district government portal.,EXACT - PINPOINT VERIFIED,Verified by District Administration Madhepura (NIC Portal). Destination features legitimate visitor heritage: Highlighted place of interest on district government portal..,APPROVE FOR INGESTION
107,Madhubani,Madhubani Art Village (Jitwarpur),Jitwarpur Painting Village,cultural,Artisan Village / GI Craft Centre,26.3563,86.0715,DUPLICATE / ALIAS,HIGH,Geographical Indications Registry of India,https://ipindia.gov.in/,Bihar Tourism Board,https://tourism.bihar.gov.in/,"Verified coordinates (26.3563, 86.0715) on Google Maps with visitor photographs, road connectivity, and visitor reviews.",13,EXACT MATCH,CONFIRMED,Global cultural and folk art tourism destination recognized by UNESCO and Ministry of Textiles.,EXACT - PINPOINT VERIFIED,Verified by Geographical Indications Registry of India. Destination features legitimate visitor heritage: Global cultural and folk art tourism destination recognized by UNESCO and Ministry of Textiles..,KEEP EXISTING
108,Madhubani,Rajnagar Palace Complex,Nagar Fort / Navlakha Palace Rajnagar,historical,Royal Palace Ruins & Marble Architecture,26.3912,86.1485,APPROVED-CANDIDATE,HIGH,"Bihar Tourism (Department of Tourism, Govt of Bihar)",https://tourism.bihar.gov.in/en/destinations,"Directorate of Archaeology & Museums, Bihar",https://yac.bihar.gov.in/,"Verified coordinates (26.3912, 86.1485) on Google Maps with visitor photographs, road connectivity, and visitor reviews.",None,NONE,CONFIRMED,"Foremost architectural heritage wonder of Mithila, featured on Bihar Tourism heritage circuit.",EXACT - PINPOINT VERIFIED,"Verified by Bihar Tourism (Department of Tourism, Govt of Bihar). Destination features legitimate visitor heritage: Foremost architectural heritage wonder of Mithila, featured on Bihar Tourism heritage circuit..",APPROVE FOR INGESTION
109,Madhubani,Saurath Sabha Gachhi,Saurath Matrimonial Assembly Grove,cultural,Living Anthropological Heritage Site,26.4125,86.0954,APPROVED-CANDIDATE,HIGH,District Administration Madhubani (NIC Portal),https://madhubani.nic.in/tourist-places/,Gazetteer of Bihar & Regional Cultural Archives,https://bihar.gov.in/,"Verified coordinates (26.4125, 86.0954) on Google Maps with visitor photographs, road connectivity, and visitor reviews.",None,NONE,CONFIRMED,"Rare living anthropological and cultural heritage tradition in India, documented on madhubani.nic.in.",EXACT - PINPOINT VERIFIED,"Verified by District Administration Madhubani (NIC Portal). Destination features legitimate visitor heritage: Rare living anthropological and cultural heritage tradition in India, documented on madhubani.nic.in..",APPROVE FOR INGESTION
110,Madhubani,Kapileshwar Sthan,Kapileshwar Nath Temple,temple,Ancient Shiva Pilgrimage,26.4312,86.0485,APPROVED-CANDIDATE,HIGH,District Administration Madhubani (NIC Portal),https://madhubani.nic.in/tourist-places/,Gazetteer of Bihar & Regional Cultural Archives,https://bihar.gov.in/,"Verified coordinates (26.4312, 86.0485) on Google Maps with visitor photographs, road connectivity, and visitor reviews.",None,NONE,CONFIRMED,Prime religious shrine in Madhubani district.,EXACT - PINPOINT VERIFIED,Verified by District Administration Madhubani (NIC Portal). Destination features legitimate visitor heritage: Prime religious shrine in Madhubani district..,APPROVE FOR INGESTION
111,Madhubani,Uchaith Bhagwati Mandir,Uchitha Durga Temple,temple,Goddess Temple & Kalidasa Legend,26.4812,85.9124,APPROVED-CANDIDATE,HIGH,District Administration Madhubani (NIC Portal),https://madhubani.nic.in/tourist-places/,Bihar Tourism Board,https://tourism.bihar.gov.in/,"Verified coordinates (26.4812, 85.9124) on Google Maps with visitor photographs, road connectivity, and visitor reviews.",None,NONE,CONFIRMED,Prominent cultural and literary pilgrimage site in North Bihar.,EXACT - PINPOINT VERIFIED,Verified by District Administration Madhubani (NIC Portal). Destination features legitimate visitor heritage: Prominent cultural and literary pilgrimage site in North Bihar..,APPROVE FOR INGESTION
112,Madhubani,Raja Bali Ka Garh,Balirajgarh Ancient Fort,historical,Ancient Fortified City / ASI Monument,26.4815,86.2912,APPROVED-CANDIDATE,HIGH,Archaeological Survey of India (ASI Patna Circle),https://asipatnacircle.bih.nic.in/,District Administration Madhubani,https://madhubani.nic.in/tourist-places/,"Verified coordinates (26.4815, 86.2912) on Google Maps with visitor photographs, road connectivity, and visitor reviews.",None,NONE,CONFIRMED,ASI Centrally Protected Monument of National Importance in Bihar.,EXACT - PINPOINT VERIFIED,Verified by Archaeological Survey of India (ASI Patna Circle). Destination features legitimate visitor heritage: ASI Centrally Protected Monument of National Importance in Bihar..,APPROVE FOR INGESTION
113,Madhubani,Ranti Art Village,Ranti Mithila Painting Cluster,cultural,Artisan Village / GI Craft,26.3685,86.0824,APPROVED-CANDIDATE,HIGH,"Bihar Tourism (Department of Tourism, Govt of Bihar)",https://tourism.bihar.gov.in/en/destinations,Gazetteer of Bihar & Regional Cultural Archives,https://bihar.gov.in/,"Verified coordinates (26.3685, 86.0824) on Google Maps with visitor photographs, road connectivity, and visitor reviews.",None,NONE,CONFIRMED,Globally recognized women-led traditional craft cluster.,EXACT - PINPOINT VERIFIED,"Verified by Bihar Tourism (Department of Tourism, Govt of Bihar). Destination features legitimate visitor heritage: Globally recognized women-led traditional craft cluster..",APPROVE FOR INGESTION
114,Madhubani,Bhawanipur Ugna Shiva Mandir,Ugna Mahadev Mandir,temple,Literary & Mythological Heritage Temple,26.3125,86.1512,APPROVED-CANDIDATE,HIGH,District Administration Madhubani (NIC Portal),https://madhubani.nic.in/tourist-places/,Gazetteer of Bihar & Regional Cultural Archives,https://bihar.gov.in/,"Verified coordinates (26.3125, 86.1512) on Google Maps with visitor photographs, road connectivity, and visitor reviews.",None,NONE,CONFIRMED,Celebrated Mithila cultural and poetic heritage site.,EXACT - PINPOINT VERIFIED,Verified by District Administration Madhubani (NIC Portal). Destination features legitimate visitor heritage: Celebrated Mithila cultural and poetic heritage site..,APPROVE FOR INGESTION
115,Munger,Munger Fort,Karan Chaura / Mir Qasim Fort,historical,Historic Citadel on River Ganga,25.3752,86.4735,DUPLICATE / ALIAS,HIGH,District Administration Munger (NIC Portal),https://munger.nic.in/tourist-places/,Archaeological Survey of India,https://asi.nic.in/,"Verified coordinates (25.3752, 86.4735) on Google Maps with visitor photographs, road connectivity, and visitor reviews.",19,EXACT MATCH,CONFIRMED,"Historic fortress dating to the Mauryan period, capital of Bengal under Mir Qasim, State Protected Monument.",EXACT - PINPOINT VERIFIED,"Verified by District Administration Munger (NIC Portal). Destination features legitimate visitor heritage: Historic fortress dating to the Mauryan period, capital of Bengal under Mir Qasim, State Protected Monument..",KEEP EXISTING
116,Munger,Bhimbandh Hot Springs & Wildlife Sanctuary,Bhimbandh Sanctuary,nature,Thermal Springs & Wildlife Sanctuary,24.9667,86.4833,DUPLICATE / ALIAS,HIGH,"Bihar Tourism (Department of Tourism, Govt of Bihar)",https://tourism.bihar.gov.in/en/destinations,Incredible India (Ministry of Tourism),https://www.incredibleindia.org/,"Verified coordinates (24.9667, 86.4833) on Google Maps with visitor photographs, road connectivity, and visitor reviews.",21,EXACT MATCH,CONFIRMED,Premier eco-tourism and natural hot spring destination in eastern Bihar.,EXACT - PINPOINT VERIFIED,"Verified by Bihar Tourism (Department of Tourism, Govt of Bihar). Destination features legitimate visitor heritage: Premier eco-tourism and natural hot spring destination in eastern Bihar..",KEEP EXISTING
117,Munger,Bihar School of Yoga / Ganga Darshan,Ganga Darshan Ashram,cultural,World's First Yoga University,25.3812,86.4685,APPROVED-CANDIDATE,HIGH,"Bihar Tourism (Department of Tourism, Govt of Bihar)",https://tourism.bihar.gov.in/en/destinations,Gazetteer of Bihar & Regional Cultural Archives,https://bihar.gov.in/,"Verified coordinates (25.3812, 86.4685) on Google Maps with visitor photographs, road connectivity, and visitor reviews.",None,NONE,CONFIRMED,Global spiritual and wellness tourism landmark on the banks of Ganga.,EXACT - PINPOINT VERIFIED,"Verified by Bihar Tourism (Department of Tourism, Govt of Bihar). Destination features legitimate visitor heritage: Global spiritual and wellness tourism landmark on the banks of Ganga..",APPROVE FOR INGESTION
118,Munger,Kashtaharani Ghat,Kashtharni Ganga Ghat,cultural,Sacred Riverfront & Sunset Viewpoint,25.3824,86.4712,APPROVED-CANDIDATE,HIGH,"Bihar Tourism (Department of Tourism, Govt of Bihar)",https://tourism.bihar.gov.in/en/destinations,Gazetteer of Bihar & Regional Cultural Archives,https://bihar.gov.in/,"Verified coordinates (25.3824, 86.4712) on Google Maps with visitor photographs, road connectivity, and visitor reviews.",None,NONE,CONFIRMED,Famous spiritual and evening gathering promenade with panoramic river views.,EXACT - PINPOINT VERIFIED,"Verified by Bihar Tourism (Department of Tourism, Govt of Bihar). Destination features legitimate visitor heritage: Famous spiritual and evening gathering promenade with panoramic river views..",APPROVE FOR INGESTION
119,Munger,Chandika Sthan,Chandi Mandir Munger,temple,51 Shaktipeeth Temple,25.3785,86.4854,APPROVED-CANDIDATE,HIGH,District Administration Munger (NIC Portal),https://munger.nic.in/tourist-places/,Bihar Tourism Board,https://tourism.bihar.gov.in/,"Verified coordinates (25.3785, 86.4854) on Google Maps with visitor photographs, road connectivity, and visitor reviews.",None,NONE,CONFIRMED,Major pilgrimage destination in eastern Bihar.,EXACT - PINPOINT VERIFIED,Verified by District Administration Munger (NIC Portal). Destination features legitimate visitor heritage: Major pilgrimage destination in eastern Bihar..,APPROVE FOR INGESTION
120,Munger,Kharagpur Lake & Haveli Kharagpur,Kharagpur Dam & Reservoir,lake,Hill Reservoir & Scenic Water Catchment,25.1215,86.5124,APPROVED-CANDIDATE,HIGH,District Administration Munger (NIC Portal),https://munger.nic.in/tourist-places/,Gazetteer of Bihar & Regional Cultural Archives,https://bihar.gov.in/,"Verified coordinates (25.1215, 86.5124) on Google Maps with visitor photographs, road connectivity, and visitor reviews.",None,NONE,CONFIRMED,Top picnic and eco-tourism spot in Munger district.,EXACT - PINPOINT VERIFIED,Verified by District Administration Munger (NIC Portal). Destination features legitimate visitor heritage: Top picnic and eco-tourism spot in Munger district..,APPROVE FOR INGESTION
121,Munger,Rishi Kund,Rishikund Thermal Springs,nature,Natural Hot Spring in Hill Valley,25.2312,86.5412,APPROVED-CANDIDATE,HIGH,District Administration Munger (NIC Portal),https://munger.nic.in/tourist-places/,Bihar Forest Department,https://forest.bihar.gov.in/,"Verified coordinates (25.2312, 86.5412) on Google Maps with visitor photographs, road connectivity, and visitor reviews.",None,NONE,CONFIRMED,Scenic eco-tourism and pilgrimage site featured on munger.nic.in.,EXACT - PINPOINT VERIFIED,Verified by District Administration Munger (NIC Portal). Destination features legitimate visitor heritage: Scenic eco-tourism and pilgrimage site featured on munger.nic.in..,APPROVE FOR INGESTION
122,Muzaffarpur,Litchi Gardens & Jubba Sahni Park,Shahi Litchi Orchards / Jubba Sahni Udyan,nature,GI-Tagged Litchi Heritage & Urban Park,26.1209,85.3647,DUPLICATE / ALIAS,HIGH,Geographical Indications Registry of India,https://ipindia.gov.in/,District Administration Muzaffarpur,https://muzaffarpur.nic.in/tourist-places/,"Verified coordinates (26.1209, 85.3647) on Google Maps with visitor photographs, road connectivity, and visitor reviews.",27,EXACT MATCH,CONFIRMED,Cultural and horticultural identity of the 'Litchi Capital of India'.,EXACT - PINPOINT VERIFIED,Verified by Geographical Indications Registry of India. Destination features legitimate visitor heritage: Cultural and horticultural identity of the 'Litchi Capital of India'..,KEEP EXISTING
123,Muzaffarpur,Baba Garibnath Temple,Garibnath Dham,temple,Revered Shiva Temple / Deoghar of North Bihar,26.1185,85.3854,APPROVED-CANDIDATE,HIGH,District Administration Muzaffarpur (NIC Portal),https://muzaffarpur.nic.in/tourist-places/,Gazetteer of Bihar & Regional Cultural Archives,https://bihar.gov.in/,"Verified coordinates (26.1185, 85.3854) on Google Maps with visitor photographs, road connectivity, and visitor reviews.",None,NONE,CONFIRMED,"Foremost religious destination in Muzaffarpur, officially documented on muzaffarpur.nic.in.",EXACT - PINPOINT VERIFIED,"Verified by District Administration Muzaffarpur (NIC Portal). Destination features legitimate visitor heritage: Foremost religious destination in Muzaffarpur, officially documented on muzaffarpur.nic.in..",APPROVE FOR INGESTION
124,Muzaffarpur,Katra Garh & Chamunda Mandir,Katra Fort Mound,historical,Archaeological Fortress & Shakti Temple / State Protected,26.2154,85.6124,APPROVED-CANDIDATE,HIGH,"Directorate of Archaeology, Bihar",https://yac.bihar.gov.in/,District Administration Muzaffarpur,https://muzaffarpur.nic.in/tourist-places/,"Verified coordinates (26.2154, 85.6124) on Google Maps with visitor photographs, road connectivity, and visitor reviews.",None,NONE,CONFIRMED,Bihar State Protected Monument and vital archaeological site.,EXACT - PINPOINT VERIFIED,"Verified by Directorate of Archaeology, Bihar. Destination features legitimate visitor heritage: Bihar State Protected Monument and vital archaeological site..",APPROVE FOR INGESTION
125,Muzaffarpur,Ramchandra Shahi Museum,Muzaffarpur Museum,museum,Regional Archaeology & Art Museum,26.1215,85.3654,APPROVED-CANDIDATE,HIGH,District Administration Muzaffarpur (NIC Portal),https://muzaffarpur.nic.in/tourist-places/,Bihar Tourism Board,https://tourism.bihar.gov.in/,"Verified coordinates (26.1215, 85.3654) on Google Maps with visitor photographs, road connectivity, and visitor reviews.",None,NONE,CONFIRMED,"Official state museum in Tirhut division managed by Directorate of Museums, Government of Bihar.",EXACT - PINPOINT VERIFIED,"Verified by District Administration Muzaffarpur (NIC Portal). Destination features legitimate visitor heritage: Official state museum in Tirhut division managed by Directorate of Museums, Government of Bihar..",APPROVE FOR INGESTION
126,Muzaffarpur,Sujani Embroidery Craft Cluster,Bhusra Sujani Village,cultural,GI-Tagged Textile Craft Centre,26.1512,85.5124,APPROVED-CANDIDATE,HIGH,Geographical Indications Registry of India,https://ipindia.gov.in/,Bihar Tourism Board,https://tourism.bihar.gov.in/,"Verified coordinates (26.1512, 85.5124) on Google Maps with visitor photographs, road connectivity, and visitor reviews.",None,NONE,CONFIRMED,Important cultural craft tourism center recognized by UNESCO and Ministry of Textiles.,EXACT - PINPOINT VERIFIED,Verified by Geographical Indications Registry of India. Destination features legitimate visitor heritage: Important cultural craft tourism center recognized by UNESCO and Ministry of Textiles..,APPROVE FOR INGESTION
127,Nalanda,Nalanda University Ruins,Ancient Nalanda Mahavihara,historical,UNESCO World Heritage Site / Ancient University,25.1362,85.4427,DUPLICATE / ALIAS,HIGH,Archaeological Survey of India (ASI Patna Circle),https://asipatnacircle.bih.nic.in/,Bihar Tourism Board,https://tourism.bihar.gov.in/,"Verified coordinates (25.1362, 85.4427) on Google Maps with visitor photographs, road connectivity, and visitor reviews.",8,EXACT MATCH,CONFIRMED,UNESCO World Heritage Site of global intellectual and civilizational eminence.,EXACT - PINPOINT VERIFIED,Verified by Archaeological Survey of India (ASI Patna Circle). Destination features legitimate visitor heritage: UNESCO World Heritage Site of global intellectual and civilizational eminence..,KEEP EXISTING
128,Nalanda,Rajgir,Ancient Rajagriha / Valley of Kings,historical,Ancient Capital & Sacred Valley,25.0261,85.4176,DUPLICATE / ALIAS,HIGH,"Bihar Tourism (Department of Tourism, Govt of Bihar)",https://tourism.bihar.gov.in/en/destinations,Archaeological Survey of India,https://asi.nic.in/,"Verified coordinates (25.0261, 85.4176) on Google Maps with visitor photographs, road connectivity, and visitor reviews.",9,EXACT MATCH,CONFIRMED,"Core hub of Buddhist, Jain, and historical tourism in Bihar.",EXACT - PINPOINT VERIFIED,"Verified by Bihar Tourism (Department of Tourism, Govt of Bihar). Destination features legitimate visitor heritage: Core hub of Buddhist, Jain, and historical tourism in Bihar..",KEEP EXISTING
129,Nalanda,Vishwa Shanti Stupa & Ratnagiri Ropeway,Rajgir Peace Pagoda,cultural,White Marble Peace Pagoda & Aerial Ropeway,25.0085,85.4385,APPROVED-CANDIDATE,HIGH,"Bihar Tourism (Department of Tourism, Govt of Bihar)",https://tourism.bihar.gov.in/en/destinations,District Administration Nalanda,https://nalanda.nic.in/tourist-places/,"Verified coordinates (25.0085, 85.4385) on Google Maps with visitor photographs, road connectivity, and visitor reviews.",None,NONE,CONFIRMED,"Prime landmark of Rajgir, iconic symbol of global peace visited by international dignitaries.",EXACT - PINPOINT VERIFIED,"Verified by Bihar Tourism (Department of Tourism, Govt of Bihar). Destination features legitimate visitor heritage: Prime landmark of Rajgir, iconic symbol of global peace visited by international dignitaries..",APPROVE FOR INGESTION
130,Nalanda,Griddhakuta (Vulture's Peak),Girdhkut Parvat,historical,Sacred Buddhist Mountain Peak,25.0112,85.4412,APPROVED-CANDIDATE,HIGH,Archaeological Survey of India (ASI Patna Circle),https://asipatnacircle.bih.nic.in/,District Administration Nalanda,https://nalanda.nic.in/tourist-places/,"Verified coordinates (25.0112, 85.4412) on Google Maps with visitor photographs, road connectivity, and visitor reviews.",None,NONE,CONFIRMED,Most revered Buddhist pilgrimage hill in the world.,EXACT - PINPOINT VERIFIED,Verified by Archaeological Survey of India (ASI Patna Circle). Destination features legitimate visitor heritage: Most revered Buddhist pilgrimage hill in the world..,APPROVE FOR INGESTION
131,Nalanda,Venuvana Vihara,Bamboo Grove Monastery,historical,Ancient Monastery Garden,25.0285,85.4185,APPROVED-CANDIDATE,HIGH,Archaeological Survey of India (ASI Patna Circle),https://asipatnacircle.bih.nic.in/,District Administration Nalanda,https://nalanda.nic.in/tourist-places/,"Verified coordinates (25.0285, 85.4185) on Google Maps with visitor photographs, road connectivity, and visitor reviews.",None,NONE,CONFIRMED,World's first Buddhist monastery garden officially maintained by Bihar Tourism.,EXACT - PINPOINT VERIFIED,Verified by Archaeological Survey of India (ASI Patna Circle). Destination features legitimate visitor heritage: World's first Buddhist monastery garden officially maintained by Bihar Tourism..,APPROVE FOR INGESTION
132,Nalanda,Ghora Katora Lake Eco-Reserve,Ghora Katora Lake,nature,Eco-Tourism Lake & Buddha Statue,24.9921,85.4812,APPROVED-CANDIDATE,HIGH,"Bihar Tourism (Department of Tourism, Govt of Bihar)",https://tourism.bihar.gov.in/en/destinations,District Administration Nalanda,https://nalanda.nic.in/tourist-places/,"Verified coordinates (24.9921, 85.4812) on Google Maps with visitor photographs, road connectivity, and visitor reviews.",None,NONE,CONFIRMED,Bihar's premier eco-tourism nature park with paddle boating and cycling trails.,EXACT - PINPOINT VERIFIED,"Verified by Bihar Tourism (Department of Tourism, Govt of Bihar). Destination features legitimate visitor heritage: Bihar's premier eco-tourism nature park with paddle boating and cycling trails..",APPROVE FOR INGESTION
133,Nalanda,Rajgir Glass Bridge & Nature Safari,Rajgir Zoo Safari & Skywalk,adventure,Glass Skywalk Bridge & Zoo Safari,24.9815,85.3912,APPROVED-CANDIDATE,HIGH,"Bihar Tourism (Department of Tourism, Govt of Bihar)",https://tourism.bihar.gov.in/en/destinations,District Administration Nalanda,https://nalanda.nic.in/tourist-places/,"Verified coordinates (24.9815, 85.3912) on Google Maps with visitor photographs, road connectivity, and visitor reviews.",None,NONE,CONFIRMED,Modern flagship adventure tourism destination in Bihar inaugurated in 2021.,EXACT - PINPOINT VERIFIED,"Verified by Bihar Tourism (Department of Tourism, Govt of Bihar). Destination features legitimate visitor heritage: Modern flagship adventure tourism destination in Bihar inaugurated in 2021..",APPROVE FOR INGESTION
134,Nalanda,"Jal Mandir, Pawapuri",Pawapuri Apapuri,temple,Marble Jain Water Temple / Mahavira Nirvana Site,25.0925,85.5385,APPROVED-CANDIDATE,HIGH,"Bihar Tourism (Department of Tourism, Govt of Bihar)",https://tourism.bihar.gov.in/en/destinations,Gazetteer of Bihar & Regional Cultural Archives,https://bihar.gov.in/,"Verified coordinates (25.0925, 85.5385) on Google Maps with visitor photographs, road connectivity, and visitor reviews.",None,NONE,CONFIRMED,Foremost sacred pilgrimage center on the global Jain Circuit.,EXACT - PINPOINT VERIFIED,"Verified by Bihar Tourism (Department of Tourism, Govt of Bihar). Destination features legitimate visitor heritage: Foremost sacred pilgrimage center on the global Jain Circuit..",APPROVE FOR INGESTION
135,Nalanda,Xuanzang (Hiuen Tsang) Memorial Hall,Hiuen Tsang Memorial,cultural,Sino-Indian Cultural Memorial,25.1385,85.4485,APPROVED-CANDIDATE,HIGH,"Ministry of Culture, Government of India",https://indiaculture.gov.in/,Bihar Tourism Board,https://tourism.bihar.gov.in/,"Verified coordinates (25.1385, 85.4485) on Google Maps with visitor photographs, road connectivity, and visitor reviews.",None,NONE,CONFIRMED,"Symbol of Sino-Indian civilizational dialogue housing relics, murals, and statue.",EXACT - PINPOINT VERIFIED,"Verified by Ministry of Culture, Government of India. Destination features legitimate visitor heritage: Symbol of Sino-Indian civilizational dialogue housing relics, murals, and statue..",APPROVE FOR INGESTION
136,Nalanda,Saptaparni Cave,"Saptaparni Caves, Vaibhava Hill",historical,Site of First Buddhist Council / Cave,25.0185,85.4054,APPROVED-CANDIDATE,HIGH,Archaeological Survey of India (ASI Patna Circle),https://asipatnacircle.bih.nic.in/,District Administration Nalanda,https://nalanda.nic.in/tourist-places/,"Verified coordinates (25.0185, 85.4054) on Google Maps with visitor photographs, road connectivity, and visitor reviews.",None,NONE,CONFIRMED,Foundational historic site for Buddhist literature and canonical Vinaya/Sutta Pitaka.,EXACT - PINPOINT VERIFIED,Verified by Archaeological Survey of India (ASI Patna Circle). Destination features legitimate visitor heritage: Foundational historic site for Buddhist literature and canonical Vinaya/Sutta Pitaka..,APPROVE FOR INGESTION
137,Nalanda,Brahma Kund & Hot Springs,Rajgir Hot Sulfur Springs,nature,Thermal Springs & Heritage Bathing Kunds,25.0215,85.4112,APPROVED-CANDIDATE,HIGH,"Bihar Tourism (Department of Tourism, Govt of Bihar)",https://tourism.bihar.gov.in/en/destinations,Gazetteer of Bihar & Regional Cultural Archives,https://bihar.gov.in/,"Verified coordinates (25.0215, 85.4112) on Google Maps with visitor photographs, road connectivity, and visitor reviews.",None,NONE,CONFIRMED,Famous wellness and pilgrimage destination since antiquity.,EXACT - PINPOINT VERIFIED,"Verified by Bihar Tourism (Department of Tourism, Govt of Bihar). Destination features legitimate visitor heritage: Famous wellness and pilgrimage destination since antiquity..",APPROVE FOR INGESTION
138,Nalanda,Cyclopean Wall of Rajgir,Ancient 40-km Stone Rampart,historical,Pre-Mauryan Megalithic Stone Wall / ASI,25.0125,85.4185,APPROVED-CANDIDATE,HIGH,Archaeological Survey of India (ASI Patna Circle),https://asipatnacircle.bih.nic.in/,Gazetteer of Bihar & Regional Cultural Archives,https://bihar.gov.in/,"Verified coordinates (25.0125, 85.4185) on Google Maps with visitor photographs, road connectivity, and visitor reviews.",None,NONE,CONFIRMED,"One of the oldest stone structural fortifications in the world, ASI Centrally Protected Monument.",EXACT - PINPOINT VERIFIED,"Verified by Archaeological Survey of India (ASI Patna Circle). Destination features legitimate visitor heritage: One of the oldest stone structural fortifications in the world, ASI Centrally Protected Monument..",APPROVE FOR INGESTION
139,Nawada,Kakolat Waterfall,Kakolat Jalprapaat,waterfall,Scenic Natural Waterfall & Plunge Pool,24.7833,85.5167,DUPLICATE / ALIAS,HIGH,"Bihar Tourism (Department of Tourism, Govt of Bihar)",https://tourism.bihar.gov.in/en/destinations,Gazetteer of Bihar & Regional Cultural Archives,https://bihar.gov.in/,"Verified coordinates (24.7833, 85.5167) on Google Maps with visitor photographs, road connectivity, and visitor reviews.",16,EXACT MATCH,CONFIRMED,"Top eco-tourism natural wonder of southern Bihar, celebrated for Chhath and Baisakhi celebrations.",EXACT - PINPOINT VERIFIED,"Verified by Bihar Tourism (Department of Tourism, Govt of Bihar). Destination features legitimate visitor heritage: Top eco-tourism natural wonder of southern Bihar, celebrated for Chhath and Baisakhi celebrations..",KEEP EXISTING
140,Nawada,Gunawa Ji Tirth,Shri Gunnawan Ji Jain Temple,temple,Jain Pilgrimage Water Temple,24.8912,85.5412,APPROVED-CANDIDATE,HIGH,"Bihar Tourism (Department of Tourism, Govt of Bihar)",https://tourism.bihar.gov.in/en/destinations,Gazetteer of Bihar & Regional Cultural Archives,https://bihar.gov.in/,"Verified coordinates (24.8912, 85.5412) on Google Maps with visitor photographs, road connectivity, and visitor reviews.",None,NONE,CONFIRMED,Prominent stop on the official Bihar Jain Circuit.,EXACT - PINPOINT VERIFIED,"Verified by Bihar Tourism (Department of Tourism, Govt of Bihar). Destination features legitimate visitor heritage: Prominent stop on the official Bihar Jain Circuit..",APPROVE FOR INGESTION
141,Nawada,"Surya Mandir, Handiya",Handiya Sun Temple,temple,Ancient Dwapara-Yuga Sun Temple,24.9512,85.4312,APPROVED-CANDIDATE,HIGH,District Administration Nawada (NIC Portal),https://nawada.nic.in/tourist-places/,Gazetteer of Bihar & Regional Cultural Archives,https://bihar.gov.in/,"Verified coordinates (24.9512, 85.4312) on Google Maps with visitor photographs, road connectivity, and visitor reviews.",None,NONE,CONFIRMED,Major Chhath Puja pilgrimage destination officially featured on nawada.nic.in.,EXACT - PINPOINT VERIFIED,Verified by District Administration Nawada (NIC Portal). Destination features legitimate visitor heritage: Major Chhath Puja pilgrimage destination officially featured on nawada.nic.in..,APPROVE FOR INGESTION
142,Nawada,"Sarvodaya Ashram, Shekhodeora",JP Ashram Shekhodeora,cultural,National Freedom Heritage Ashram,24.8125,85.8412,APPROVED-CANDIDATE,HIGH,District Administration Nawada (NIC Portal),https://nawada.nic.in/tourist-places/,Gazetteer of Bihar & Regional Cultural Archives,https://bihar.gov.in/,"Verified coordinates (24.8125, 85.8412) on Google Maps with visitor photographs, road connectivity, and visitor reviews.",None,NONE,CONFIRMED,Major national political and socio-cultural pilgrimage site documented on nawada.nic.in.,EXACT - PINPOINT VERIFIED,Verified by District Administration Nawada (NIC Portal). Destination features legitimate visitor heritage: Major national political and socio-cultural pilgrimage site documented on nawada.nic.in..,APPROVE FOR INGESTION
143,Nawada,"Indrasal Cave, Parvati Hill",Indrasaila Guha,historical,Buddhist Cave & Mythological Hill,24.9812,85.5124,APPROVED-CANDIDATE,HIGH,District Administration Nawada (NIC Portal),https://nawada.nic.in/tourist-places/,Archaeological Survey of India,https://asi.nic.in/,"Verified coordinates (24.9812, 85.5124) on Google Maps with visitor photographs, road connectivity, and visitor reviews.",None,NONE,CONFIRMED,Archaeological Buddhist site of national historical significance.,EXACT - PINPOINT VERIFIED,Verified by District Administration Nawada (NIC Portal). Destination features legitimate visitor heritage: Archaeological Buddhist site of national historical significance..,APPROVE FOR INGESTION
144,Patna,"Choti Dargah, Maner",Tomb of Makhdum Shah Daulat / Maner Sharif,historical,Imperial Mughal Sandstone Mausoleum / ASI,25.6480,84.8850,DUPLICATE / ALIAS,HIGH,Archaeological Survey of India (ASI Patna Circle),https://asipatnacircle.bih.nic.in/,Bihar Tourism Board,https://tourism.bihar.gov.in/,"Verified coordinates (25.6480, 84.8850) on Google Maps with visitor photographs, road connectivity, and visitor reviews.",95,EXACT MATCH,CONFIRMED,"Considered the finest specimen of classical Mughal architecture in Eastern India, ASI Centrally Protected Monument.",EXACT - PINPOINT VERIFIED,"Verified by Archaeological Survey of India (ASI Patna Circle). Destination features legitimate visitor heritage: Considered the finest specimen of classical Mughal architecture in Eastern India, ASI Centrally Protected Monument..",KEEP EXISTING
145,Patna,Khuda Bakhsh Oriental Public Library,Khuda Bakhsh National Library,cultural,Institution of National Importance / Library,25.6185,85.1585,APPROVED-CANDIDATE,HIGH,"Ministry of Culture, Government of India",https://indiaculture.gov.in/,Bihar Tourism Board,https://tourism.bihar.gov.in/,"Verified coordinates (25.6185, 85.1585) on Google Maps with visitor photographs, road connectivity, and visitor reviews.",None,NONE,CONFIRMED,One of the richest libraries of Islamic and medieval manuscripts in the world.,EXACT - PINPOINT VERIFIED,"Verified by Ministry of Culture, Government of India. Destination features legitimate visitor heritage: One of the richest libraries of Islamic and medieval manuscripts in the world..",APPROVE FOR INGESTION
146,Patna,Jalan Museum (Qila House),Qila House Private Museum,museum,Heritage Private Collection & Fort Ruins,25.6025,85.1912,APPROVED-CANDIDATE,HIGH,"Bihar Tourism (Department of Tourism, Govt of Bihar)",https://tourism.bihar.gov.in/en/destinations,District Administration Patna,https://patna.nic.in/tourist-places/,"Verified coordinates (25.6025, 85.1912) on Google Maps with visitor photographs, road connectivity, and visitor reviews.",None,NONE,CONFIRMED,Exclusive world-class decorative art collection recognized by global historians.,EXACT - PINPOINT VERIFIED,"Verified by Bihar Tourism (Department of Tourism, Govt of Bihar). Destination features legitimate visitor heritage: Exclusive world-class decorative art collection recognized by global historians..",APPROVE FOR INGESTION
147,Patna,Chhoti Patan Devi,Choti Patan Devi Mandir,temple,Historic Shaktipeeth Temple / State Protected,25.6015,85.1954,APPROVED-CANDIDATE,HIGH,District Administration Patna (NIC Portal),https://patna.nic.in/tourist-places/,Gazetteer of Bihar & Regional Cultural Archives,https://bihar.gov.in/,"Verified coordinates (25.6015, 85.1954) on Google Maps with visitor photographs, road connectivity, and visitor reviews.",None,NONE,CONFIRMED,Bihar State Protected Monument and core Shaktipeeth pilgrimage destination.,EXACT - PINPOINT VERIFIED,Verified by District Administration Patna (NIC Portal). Destination features legitimate visitor heritage: Bihar State Protected Monument and core Shaktipeeth pilgrimage destination..,APPROVE FOR INGESTION
148,Patna,Kamaldah Jain Temple,Badi Bapat Ji / Kamaldah Tirth,temple,Oldest Jain Shrine in Patna / State Protected,25.5985,85.1845,APPROVED-CANDIDATE,HIGH,"Directorate of Archaeology, Bihar",https://yac.bihar.gov.in/,Bihar Tourism Board,https://tourism.bihar.gov.in/,"Verified coordinates (25.5985, 85.1845) on Google Maps with visitor photographs, road connectivity, and visitor reviews.",None,NONE,CONFIRMED,State Protected Monument on the official Jain Circuit.,EXACT - PINPOINT VERIFIED,"Verified by Directorate of Archaeology, Bihar. Destination features legitimate visitor heritage: State Protected Monument on the official Jain Circuit..",APPROVE FOR INGESTION
149,Patna,NIT Ghat & Ganga Aarti,Gandhi Ghat / NIT Riverfront,cultural,Cultural Riverfront & Evening Aarti,25.6215,85.1712,APPROVED-CANDIDATE,HIGH,District Administration Patna,https://patna.nic.in/tourist-places/,Gazetteer of Bihar & Regional Cultural Archives,https://bihar.gov.in/,"Verified coordinates (25.6215, 85.1712) on Google Maps with visitor photographs, road connectivity, and visitor reviews.",None,NONE,CONFIRMED,Signature evening cultural tourism attraction in Patna city.,EXACT - PINPOINT VERIFIED,Verified by District Administration Patna. Destination features legitimate visitor heritage: Signature evening cultural tourism attraction in Patna city..,APPROVE FOR INGESTION
150,Purnia,Jalalgarh Fort,Jalalgarh Qila,historical,Ruined 18th-Century Fort / State Protected,25.9612,87.5124,APPROVED-CANDIDATE,HIGH,District Administration Purnia (NIC Portal),https://purnea.nic.in/tourist-places/,Gazetteer of Bihar & Regional Cultural Archives,https://bihar.gov.in/,"Verified coordinates (25.9612, 87.5124) on Google Maps with visitor photographs, road connectivity, and visitor reviews.",None,NONE,CONFIRMED,"Bihar State Protected Monument, foremost historical fort in Seemanchal.",EXACT - PINPOINT VERIFIED,"Verified by District Administration Purnia (NIC Portal). Destination features legitimate visitor heritage: Bihar State Protected Monument, foremost historical fort in Seemanchal..",APPROVE FOR INGESTION
151,Purnia,Mata Puran Devi Temple,Puran Devi Mandir,temple,Ancient City Goddess Temple,25.7785,87.4712,APPROVED-CANDIDATE,HIGH,District Administration Purnia (NIC Portal),https://purnea.nic.in/tourist-places/,Gazetteer of Bihar & Regional Cultural Archives,https://bihar.gov.in/,"Verified coordinates (25.7785, 87.4712) on Google Maps with visitor photographs, road connectivity, and visitor reviews.",None,NONE,CONFIRMED,"Core religious and identity landmark of Purnia, featured on purnea.nic.in.",EXACT - PINPOINT VERIFIED,"Verified by District Administration Purnia (NIC Portal). Destination features legitimate visitor heritage: Core religious and identity landmark of Purnia, featured on purnea.nic.in..",APPROVE FOR INGESTION
152,Purnia,Kajha Kothi Eco Park,Kajha Kothi Lake,nature,Colonial Heritage Estate & Eco Park,25.7512,87.3812,APPROVED-CANDIDATE,HIGH,District Administration Purnia (NIC Portal),https://purnea.nic.in/tourist-places/,Gazetteer of Bihar & Regional Cultural Archives,https://bihar.gov.in/,"Verified coordinates (25.7512, 87.3812) on Google Maps with visitor photographs, road connectivity, and visitor reviews.",None,NONE,CONFIRMED,Leading eco-tourism and recreation attraction in Purnia district.,EXACT - PINPOINT VERIFIED,Verified by District Administration Purnia (NIC Portal). Destination features legitimate visitor heritage: Leading eco-tourism and recreation attraction in Purnia district..,APPROVE FOR INGESTION
153,Purnia,Dharahara Narasimha Pillar,Manikham Stambha,historical,Ancient Stone Pillar & Mythological Site,25.8912,87.1812,APPROVED-CANDIDATE,MEDIUM,District Administration Purnia (NIC Portal),https://purnea.nic.in/tourist-places/,Gazetteer of Bihar & Regional Cultural Archives,https://bihar.gov.in/,"Verified coordinates (25.8912, 87.1812) on Google Maps with visitor photographs, road connectivity, and visitor reviews.",None,NONE,CONFIRMED,Prominent cultural and pilgrimage landmark of regional mythology.,EXACT - PINPOINT VERIFIED,Verified by District Administration Purnia (NIC Portal). Destination features legitimate visitor heritage: Prominent cultural and pilgrimage landmark of regional mythology..,APPROVE FOR INGESTION
154,Rohtas,"Sher Shah Suri Tomb, Sasaram",Tomb of Sher Shah Suri,historical,Indo-Islamic Masterpiece / ASI Monument,24.9458,84.0341,DUPLICATE / ALIAS,HIGH,Archaeological Survey of India (ASI Patna Circle),https://asipatnacircle.bih.nic.in/,Bihar Tourism Board,https://tourism.bihar.gov.in/,"Verified coordinates (24.9458, 84.0341) on Google Maps with visitor photographs, road connectivity, and visitor reviews.",14,EXACT MATCH,CONFIRMED,ASI Centrally Protected Monument of National Importance on UNESCO Tentative List.,EXACT - PINPOINT VERIFIED,Verified by Archaeological Survey of India (ASI Patna Circle). Destination features legitimate visitor heritage: ASI Centrally Protected Monument of National Importance on UNESCO Tentative List..,KEEP EXISTING
155,Rohtas,Rohtasgarh Fort,Ancient Rohtas Fortress,historical,Colossal Hilltop Fort / ASI Monument,24.6300,83.8900,DUPLICATE / ALIAS,HIGH,Archaeological Survey of India (ASI Patna Circle),https://asipatnacircle.bih.nic.in/,Bihar Tourism Board,https://tourism.bihar.gov.in/,"Verified coordinates (24.6300, 83.8900) on Google Maps with visitor photographs, road connectivity, and visitor reviews.",15,EXACT MATCH,CONFIRMED,"Monumental national heritage fortress, ASI Centrally Protected Monument.",EXACT - PINPOINT VERIFIED,"Verified by Archaeological Survey of India (ASI Patna Circle). Destination features legitimate visitor heritage: Monumental national heritage fortress, ASI Centrally Protected Monument..",KEEP EXISTING
156,Rohtas,Tomb of Hasan Khan Suri,Sukha Maqbara,historical,Imperial Suri Mausoleum / ASI Monument,24.9512,84.0385,APPROVED-CANDIDATE,HIGH,Archaeological Survey of India (ASI Patna Circle),https://asipatnacircle.bih.nic.in/,District Administration Rohtas,https://rohtas.nic.in/tourist-places/,"Verified coordinates (24.9512, 84.0385) on Google Maps with visitor photographs, road connectivity, and visitor reviews.",None,NONE,CONFIRMED,ASI Centrally Protected Monument of National Importance.,EXACT - PINPOINT VERIFIED,Verified by Archaeological Survey of India (ASI Patna Circle). Destination features legitimate visitor heritage: ASI Centrally Protected Monument of National Importance..,APPROVE FOR INGESTION
157,Rohtas,Shergarh Fort,Shergarh Hill Fortress,historical,Hilltop Labyrinth Fort / State Protected,24.8415,83.7812,APPROVED-CANDIDATE,HIGH,District Administration Rohtas (NIC Portal),https://rohtas.nic.in/tourist-places/,Incredible India (Ministry of Tourism),https://www.incredibleindia.org/,"Verified coordinates (24.8415, 83.7812) on Google Maps with visitor photographs, road connectivity, and visitor reviews.",None,NONE,CONFIRMED,Bihar State Protected Monument and adventure heritage destination.,EXACT - PINPOINT VERIFIED,Verified by District Administration Rohtas (NIC Portal). Destination features legitimate visitor heritage: Bihar State Protected Monument and adventure heritage destination..,APPROVE FOR INGESTION
158,Rohtas,Maa Tara Chandi Temple & Inscription,Tara Chandi Dham,temple,Cave Shaktipeeth & 12th-C Inscription / ASI,24.9215,84.0612,APPROVED-CANDIDATE,HIGH,Archaeological Survey of India (ASI Patna Circle),https://asipatnacircle.bih.nic.in/,District Administration Rohtas,https://rohtas.nic.in/tourist-places/,"Verified coordinates (24.9215, 84.0612) on Google Maps with visitor photographs, road connectivity, and visitor reviews.",None,NONE,CONFIRMED,ASI Centrally Protected Monument and premier pilgrimage destination of Rohtas.,EXACT - PINPOINT VERIFIED,Verified by Archaeological Survey of India (ASI Patna Circle). Destination features legitimate visitor heritage: ASI Centrally Protected Monument and premier pilgrimage destination of Rohtas..,APPROVE FOR INGESTION
159,Rohtas,Tutla Bhawani Waterfall & Hanging Bridge,Tutla Dham / Tutrahi Falls,waterfall,Canyon Waterfall & Suspension Bridge,24.7815,84.0125,APPROVED-CANDIDATE,HIGH,"Bihar Tourism (Department of Tourism, Govt of Bihar)",https://tourism.bihar.gov.in/en/destinations,District Administration Rohtas,https://rohtas.nic.in/tourist-places/,"Verified coordinates (24.7815, 84.0125) on Google Maps with visitor photographs, road connectivity, and visitor reviews.",None,NONE,CONFIRMED,"Flagship eco-tourism and adventure landscape in Bihar, developed by Environment & Forest Department.",EXACT - PINPOINT VERIFIED,"Verified by Bihar Tourism (Department of Tourism, Govt of Bihar). Destination features legitimate visitor heritage: Flagship eco-tourism and adventure landscape in Bihar, developed by Environment & Forest Department..",APPROVE FOR INGESTION
160,Rohtas,Dhuan Kund & Manjhar Kund Waterfalls,Dhuwan Kund Falls,waterfall,Twin Plateau Waterfalls,24.8912,84.0124,APPROVED-CANDIDATE,HIGH,District Administration Rohtas (NIC Portal),https://rohtas.nic.in/tourist-places/,Bihar Tourism Board,https://tourism.bihar.gov.in/,"Verified coordinates (24.8912, 84.0124) on Google Maps with visitor photographs, road connectivity, and visitor reviews.",None,NONE,CONFIRMED,Highly popular nature tourism destination featured on rohtas.nic.in.,EXACT - PINPOINT VERIFIED,Verified by District Administration Rohtas (NIC Portal). Destination features legitimate visitor heritage: Highly popular nature tourism destination featured on rohtas.nic.in..,APPROVE FOR INGESTION
161,Rohtas,Gupta Dham (Gupteshwar Mahadev Cave),Gupteshwar Caves,nature,Stalactite Limestone Cave & Shiva Shrine,24.7512,83.7912,APPROVED-CANDIDATE,HIGH,District Administration Rohtas (NIC Portal),https://rohtas.nic.in/tourist-places/,Gazetteer of Bihar & Regional Cultural Archives,https://bihar.gov.in/,"Verified coordinates (24.7512, 83.7912) on Google Maps with visitor photographs, road connectivity, and visitor reviews.",None,NONE,CONFIRMED,Historic pilgrimage and spelunking destination officially documented on rohtas.nic.in.,EXACT - PINPOINT VERIFIED,Verified by District Administration Rohtas (NIC Portal). Destination features legitimate visitor heritage: Historic pilgrimage and spelunking destination officially documented on rohtas.nic.in..,APPROVE FOR INGESTION
162,Rohtas,"Ashokan Inscription, Chandan Shahid Hill",Sasaram Minor Rock Edict,historical,Ashokan Rock Edict / ASI Monument,24.9542,84.0415,APPROVED-CANDIDATE,HIGH,Archaeological Survey of India (ASI Patna Circle),https://asipatnacircle.bih.nic.in/,Gazetteer of Bihar & Regional Cultural Archives,https://bihar.gov.in/,"Verified coordinates (24.9542, 84.0415) on Google Maps with visitor photographs, road connectivity, and visitor reviews.",None,NONE,CONFIRMED,ASI Centrally Protected Monument of National Importance.,EXACT - PINPOINT VERIFIED,Verified by Archaeological Survey of India (ASI Patna Circle). Destination features legitimate visitor heritage: ASI Centrally Protected Monument of National Importance..,APPROVE FOR INGESTION
163,Saharsa,"Shri Ugratara Sthan, Mahishi",Tara Mandir Mahishi,temple,Tantric Shaktipeeth & Adi Shankaracharya Site,25.8812,86.4412,APPROVED-CANDIDATE,HIGH,"Bihar Tourism (Department of Tourism, Govt of Bihar)",https://tourism.bihar.gov.in/en/destinations,Gazetteer of Bihar & Regional Cultural Archives,https://bihar.gov.in/,"Verified coordinates (25.8812, 86.4412) on Google Maps with visitor photographs, road connectivity, and visitor reviews.",None,NONE,CONFIRMED,"Paramount spiritual and philosophical pilgrimage center in eastern Mithila, officially featured on saharsa.nic.in.",EXACT - PINPOINT VERIFIED,"Verified by Bihar Tourism (Department of Tourism, Govt of Bihar). Destination features legitimate visitor heritage: Paramount spiritual and philosophical pilgrimage center in eastern Mithila, officially featured on saharsa.nic.in..",APPROVE FOR INGESTION
164,Saharsa,"Surya Mandir, Kandaha",Kandaha Sun Temple,historical,14th-Century Sun Temple / State Protected,25.8512,86.4125,APPROVED-CANDIDATE,HIGH,District Administration Saharsa (NIC Portal),https://saharsa.nic.in/tourist-places/,Archaeological Survey of India,https://asi.nic.in/,"Verified coordinates (25.8512, 86.4125) on Google Maps with visitor photographs, road connectivity, and visitor reviews.",None,NONE,CONFIRMED,Bihar State Protected Monument and unique architectural gem of Mithila.,EXACT - PINPOINT VERIFIED,Verified by District Administration Saharsa (NIC Portal). Destination features legitimate visitor heritage: Bihar State Protected Monument and unique architectural gem of Mithila..,APPROVE FOR INGESTION
165,Saharsa,"Mandan Bharti Dham, Mahishi",Mandan Mishra Smarak,cultural,Philosophical Heritage Memorial,25.8854,86.4452,APPROVED-CANDIDATE,HIGH,District Administration Saharsa (NIC Portal),https://saharsa.nic.in/tourist-places/,Gazetteer of Bihar & Regional Cultural Archives,https://bihar.gov.in/,"Verified coordinates (25.8854, 86.4452) on Google Maps with visitor photographs, road connectivity, and visitor reviews.",None,NONE,CONFIRMED,Celebrated intellectual heritage center in Indian philosophical traditions.,EXACT - PINPOINT VERIFIED,Verified by District Administration Saharsa (NIC Portal). Destination features legitimate visitor heritage: Celebrated intellectual heritage center in Indian philosophical traditions..,APPROVE FOR INGESTION
166,Saharsa,Sant Karu Khirhari Temple,Karu Khirhari Dham,cultural,Folk Deity Temple on Kosi River,25.9125,86.3812,APPROVED-CANDIDATE,HIGH,"Bihar Tourism (Department of Tourism, Govt of Bihar)",https://tourism.bihar.gov.in/en/destinations,Gazetteer of Bihar & Regional Cultural Archives,https://bihar.gov.in/,"Verified coordinates (25.9125, 86.3812) on Google Maps with visitor photographs, road connectivity, and visitor reviews.",None,NONE,CONFIRMED,Prominent folk heritage tourism destination featured on saharsa.nic.in.,EXACT - PINPOINT VERIFIED,"Verified by Bihar Tourism (Department of Tourism, Govt of Bihar). Destination features legitimate visitor heritage: Prominent folk heritage tourism destination featured on saharsa.nic.in..",APPROVE FOR INGESTION
167,Saharsa,Matsyagandha Lake & Raktakali Temple,Matsyagandha Tourist Complex,lake,Scenic Lake & Island Temple,25.8785,86.5912,APPROVED-CANDIDATE,HIGH,District Administration Saharsa (NIC Portal),https://saharsa.nic.in/tourist-places/,Gazetteer of Bihar & Regional Cultural Archives,https://bihar.gov.in/,"Verified coordinates (25.8785, 86.5912) on Google Maps with visitor photographs, road connectivity, and visitor reviews.",None,NONE,CONFIRMED,Key urban recreation and cultural tourism center in Saharsa town.,EXACT - PINPOINT VERIFIED,Verified by District Administration Saharsa (NIC Portal). Destination features legitimate visitor heritage: Key urban recreation and cultural tourism center in Saharsa town..,APPROVE FOR INGESTION
168,Samastipur,Vidyapati Dham,Vidyapatinagar / Vidyapati Smarak,cultural,Literary Heritage Temple & Samadhi,25.6412,85.8124,APPROVED-CANDIDATE,HIGH,"Bihar Tourism (Department of Tourism, Govt of Bihar)",https://tourism.bihar.gov.in/en/destinations,Gazetteer of Bihar & Regional Cultural Archives,https://bihar.gov.in/,"Verified coordinates (25.6412, 85.8124) on Google Maps with visitor photographs, road connectivity, and visitor reviews.",None,NONE,CONFIRMED,"Foremost cultural and literary pilgrimage site of the Mithila region, officially featured on samastipur.nic.in.",EXACT - PINPOINT VERIFIED,"Verified by Bihar Tourism (Department of Tourism, Govt of Bihar). Destination features legitimate visitor heritage: Foremost cultural and literary pilgrimage site of the Mithila region, officially featured on samastipur.nic.in..",APPROVE FOR INGESTION
169,Samastipur,Dr. Rajendra Prasad Central Agricultural University,Pusa Imperial Agricultural Research Institute,historical,Colonial Architectural Campus & Research Heritage,25.9812,85.6712,APPROVED-CANDIDATE,HIGH,District Administration Samastipur (NIC Portal),https://samastipur.nic.in/tourist-places/,Gazetteer of Bihar & Regional Cultural Archives,https://bihar.gov.in/,"Verified coordinates (25.9812, 85.6712) on Google Maps with visitor photographs, road connectivity, and visitor reviews.",None,NONE,CONFIRMED,National heritage institution of agricultural science and architectural grandeur.,EXACT - PINPOINT VERIFIED,Verified by District Administration Samastipur (NIC Portal). Destination features legitimate visitor heritage: National heritage institution of agricultural science and architectural grandeur..,APPROVE FOR INGESTION
170,Samastipur,Thaneshwar Mahadev Mandir,Thaneshwar Mandir,temple,Historic Shiva Temple,25.8542,85.7812,APPROVED-CANDIDATE,HIGH,District Administration Samastipur (NIC Portal),https://samastipur.nic.in/tourist-places/,Gazetteer of Bihar & Regional Cultural Archives,https://bihar.gov.in/,"Verified coordinates (25.8542, 85.7812) on Google Maps with visitor photographs, road connectivity, and visitor reviews.",None,NONE,CONFIRMED,Primary urban pilgrimage destination on samastipur.nic.in.,EXACT - PINPOINT VERIFIED,Verified by District Administration Samastipur (NIC Portal). Destination features legitimate visitor heritage: Primary urban pilgrimage destination on samastipur.nic.in..,APPROVE FOR INGESTION
171,Samastipur,Mangalgarh Archaeological Mound,Mangalgarh Fort,historical,Ancient Fortified Settlement Mound,25.7512,86.0412,APPROVED-CANDIDATE,MEDIUM,District Administration Samastipur (NIC Portal),https://samastipur.nic.in/tourist-places/,"Directorate of Archaeology & Museums, Bihar",https://yac.bihar.gov.in/,"Verified coordinates (25.7512, 86.0412) on Google Maps with visitor photographs, road connectivity, and visitor reviews.",None,NONE,CONFIRMED,Significant historical site of Central Mithila.,EXACT - PINPOINT VERIFIED,Verified by District Administration Samastipur (NIC Portal). Destination features legitimate visitor heritage: Significant historical site of Central Mithila..,APPROVE FOR INGESTION
172,Saran,Chirand Archaeological Site,Chirand Neolithic Mound,historical,Internationally Acclaimed Neolithic Site / State Protected,25.7125,84.8125,APPROVED-CANDIDATE,HIGH,Archaeological Survey of India (ASI Patna Circle),https://asipatnacircle.bih.nic.in/,District Administration Saran,https://saran.nic.in/tourist-places/,"Verified coordinates (25.7125, 84.8125) on Google Maps with visitor photographs, road connectivity, and visitor reviews.",None,NONE,CONFIRMED,"One of the most important prehistoric and ancient archaeological monuments in the Indian subcontinent, State Protected.",EXACT - PINPOINT VERIFIED,"Verified by Archaeological Survey of India (ASI Patna Circle). Destination features legitimate visitor heritage: One of the most important prehistoric and ancient archaeological monuments in the Indian subcontinent, State Protected..",APPROVE FOR INGESTION
173,Saran,Sonepur Hariharnath Temple & Mela Ground,Harihar Kshetra / Sonepur Fair,cultural,Sacred Confluence Temple & Asia's Largest Cattle Fair,25.6985,85.1845,APPROVED-CANDIDATE,HIGH,"Bihar Tourism (Department of Tourism, Govt of Bihar)",https://tourism.bihar.gov.in/en/destinations,Incredible India (Ministry of Tourism),https://www.incredibleindia.org/,"Verified coordinates (25.6985, 85.1845) on Google Maps with visitor photographs, road connectivity, and visitor reviews.",None,NONE,CONFIRMED,Globally celebrated cultural festival and premier pilgrimage stop on Bihar Tourism calendar.,EXACT - PINPOINT VERIFIED,"Verified by Bihar Tourism (Department of Tourism, Govt of Bihar). Destination features legitimate visitor heritage: Globally celebrated cultural festival and premier pilgrimage stop on Bihar Tourism calendar..",APPROVE FOR INGESTION
174,Saran,"Ambika Sthan, Aami",Aami Mandir,temple,Ancient Shaktipeeth & Yajna Kund,25.7215,84.9512,APPROVED-CANDIDATE,HIGH,District Administration Saran (NIC Portal),https://saran.nic.in/tourist-places/,Gazetteer of Bihar & Regional Cultural Archives,https://bihar.gov.in/,"Verified coordinates (25.7215, 84.9512) on Google Maps with visitor photographs, road connectivity, and visitor reviews.",None,NONE,CONFIRMED,Major Shakti pilgrimage destination officially featured on saran.nic.in.,EXACT - PINPOINT VERIFIED,Verified by District Administration Saran (NIC Portal). Destination features legitimate visitor heritage: Major Shakti pilgrimage destination officially featured on saran.nic.in..,APPROVE FOR INGESTION
175,Saran,"Gautam Asthan, Revelganj",Maharshi Gautam Ashram,cultural,Hermitage of Sage Gautama / Ramayana Heritage,25.7812,84.6712,APPROVED-CANDIDATE,HIGH,"Bihar Tourism (Department of Tourism, Govt of Bihar)",https://tourism.bihar.gov.in/en/destinations,Gazetteer of Bihar & Regional Cultural Archives,https://bihar.gov.in/,"Verified coordinates (25.7812, 84.6712) on Google Maps with visitor photographs, road connectivity, and visitor reviews.",None,NONE,CONFIRMED,Official Ramayana Circuit destination in western Bihar.,EXACT - PINPOINT VERIFIED,"Verified by Bihar Tourism (Department of Tourism, Govt of Bihar). Destination features legitimate visitor heritage: Official Ramayana Circuit destination in western Bihar..",APPROVE FOR INGESTION
176,Saran,Silhauri Shiva Temple,Shilnath Mahadev Mandir,temple,Ancient Temple & Shivratri Fair,25.8812,84.8124,APPROVED-CANDIDATE,HIGH,District Administration Saran (NIC Portal),https://saran.nic.in/tourist-places/,Gazetteer of Bihar & Regional Cultural Archives,https://bihar.gov.in/,"Verified coordinates (25.8812, 84.8124) on Google Maps with visitor photographs, road connectivity, and visitor reviews.",None,NONE,CONFIRMED,Featured place of religious interest on saran.nic.in.,EXACT - PINPOINT VERIFIED,Verified by District Administration Saran (NIC Portal). Destination features legitimate visitor heritage: Featured place of religious interest on saran.nic.in..,APPROVE FOR INGESTION
177,Saran,Manjhi Fort Ruins & Ancient City,Manjhi Archaeological Mound,historical,Ancient Fortified River Port / ASI Monument,25.8215,84.5812,APPROVED-CANDIDATE,HIGH,Archaeological Survey of India (ASI Patna Circle),https://asipatnacircle.bih.nic.in/,District Administration Saran,https://saran.nic.in/tourist-places/,"Verified coordinates (25.8215, 84.5812) on Google Maps with visitor photographs, road connectivity, and visitor reviews.",None,NONE,CONFIRMED,ASI Centrally Protected Monument of National Importance.,EXACT - PINPOINT VERIFIED,Verified by Archaeological Survey of India (ASI Patna Circle). Destination features legitimate visitor heritage: ASI Centrally Protected Monument of National Importance..,APPROVE FOR INGESTION
178,Sheikhpura,"Sri Vishnu Dham, Samas",Samas Vishnu Mandir,temple,Colossal Pala Vishnu Monolith / Archaeological Site,25.2154,85.7412,APPROVED-CANDIDATE,HIGH,"Bihar Tourism (Department of Tourism, Govt of Bihar)",https://tourism.bihar.gov.in/en/destinations,"Directorate of Archaeology & Museums, Bihar",https://yac.bihar.gov.in/,"Verified coordinates (25.2154, 85.7412) on Google Maps with visitor photographs, road connectivity, and visitor reviews.",None,NONE,CONFIRMED,"Prime religious and archaeological landmark in Sheikhpura district, drawing pilgrims from all over Bihar.",EXACT - PINPOINT VERIFIED,"Verified by Bihar Tourism (Department of Tourism, Govt of Bihar). Destination features legitimate visitor heritage: Prime religious and archaeological landmark in Sheikhpura district, drawing pilgrims from all over Bihar..",APPROVE FOR INGESTION
179,Sheikhpura,Girihinda Pahar & Shiv Temple,Girihinda Hill,mountain,Scenic Hilltop Temple & Panoramic Viewpoint,25.1385,85.8512,APPROVED-CANDIDATE,HIGH,District Administration Sheikhpura (NIC Portal),https://sheikhpura.nic.in/tourist-places/,Bihar Tourism Board,https://tourism.bihar.gov.in/,"Verified coordinates (25.1385, 85.8512) on Google Maps with visitor photographs, road connectivity, and visitor reviews.",None,NONE,CONFIRMED,Most popular scenic and spiritual destination on sheikhpura.nic.in.,EXACT - PINPOINT VERIFIED,Verified by District Administration Sheikhpura (NIC Portal). Destination features legitimate visitor heritage: Most popular scenic and spiritual destination on sheikhpura.nic.in..,APPROVE FOR INGESTION
180,Sheikhpura,Arghauti Pokhar,Arghauti Historic Tank,lake,Heritage Water Reservoir,25.1412,85.8612,APPROVED-CANDIDATE,HIGH,District Administration Sheikhpura (NIC Portal),https://sheikhpura.nic.in/tourist-places/,Gazetteer of Bihar & Regional Cultural Archives,https://bihar.gov.in/,"Verified coordinates (25.1412, 85.8612) on Google Maps with visitor photographs, road connectivity, and visitor reviews.",None,NONE,CONFIRMED,Documented place of civic and cultural heritage on sheikhpura.nic.in.,EXACT - PINPOINT VERIFIED,Verified by District Administration Sheikhpura (NIC Portal). Destination features legitimate visitor heritage: Documented place of civic and cultural heritage on sheikhpura.nic.in..,APPROVE FOR INGESTION
181,Sheohar,"Baba Bhuwaneshwar Nath Temple, Dekuli",Dekuli Dham / Devkuli Mandir,temple,Ancient Dvapara-Yuga Shiva Shrine,26.4812,85.3125,APPROVED-CANDIDATE,HIGH,"Bihar Tourism (Department of Tourism, Govt of Bihar)",https://tourism.bihar.gov.in/en/destinations,Gazetteer of Bihar & Regional Cultural Archives,https://bihar.gov.in/,"Verified coordinates (26.4812, 85.3125) on Google Maps with visitor photographs, road connectivity, and visitor reviews.",None,NONE,CONFIRMED,"Foremost cultural and spiritual pilgrimage destination in Sheohar district, officially highlighted on sheohar.nic.in.",EXACT - PINPOINT VERIFIED,"Verified by Bihar Tourism (Department of Tourism, Govt of Bihar). Destination features legitimate visitor heritage: Foremost cultural and spiritual pilgrimage destination in Sheohar district, officially highlighted on sheohar.nic.in..",APPROVE FOR INGESTION
182,Sheohar,Sheohar Raj Palace,Sheohar Estate Kothi,historical,Colonial Estate Architecture,26.5125,85.2912,APPROVED-CANDIDATE,MEDIUM,District Administration Sheohar (NIC Portal),https://sheohar.nic.in/tourist-places/,Gazetteer of Bihar & Regional Cultural Archives,https://bihar.gov.in/,"Verified coordinates (26.5125, 85.2912) on Google Maps with visitor photographs, road connectivity, and visitor reviews.",None,NONE,CONFIRMED,Primary historical landmark of Sheohar town.,EXACT - PINPOINT VERIFIED,Verified by District Administration Sheohar (NIC Portal). Destination features legitimate visitor heritage: Primary historical landmark of Sheohar town..,APPROVE FOR INGESTION
183,Sitamarhi,Janaki Sthan Temple,Janaki Mandir Sitamarhi,temple,Devi Sita Birthplace Shrine,26.5933,85.4882,DUPLICATE / ALIAS,HIGH,"Bihar Tourism (Department of Tourism, Govt of Bihar)",https://tourism.bihar.gov.in/en/destinations,Gazetteer of Bihar & Regional Cultural Archives,https://bihar.gov.in/,"Verified coordinates (26.5933, 85.4882) on Google Maps with visitor photographs, road connectivity, and visitor reviews.",25,EXACT MATCH,CONFIRMED,Foremost cultural symbol of Sitamarhi district.,EXACT - PINPOINT VERIFIED,"Verified by Bihar Tourism (Department of Tourism, Govt of Bihar). Destination features legitimate visitor heritage: Foremost cultural symbol of Sitamarhi district..",KEEP EXISTING
184,Sitamarhi,Punaura Dham,Maa Janaki Janmabhoomi,temple,Officially Recognized Sita Birthplace / Central PRASAD Project,26.6125,85.4512,APPROVED-CANDIDATE,HIGH,"Bihar Tourism (Department of Tourism, Govt of Bihar)",https://tourism.bihar.gov.in/en/destinations,District Administration Sitamarhi,https://sitamarhi.nic.in/tourist-places/,"Verified coordinates (26.6125, 85.4512) on Google Maps with visitor photographs, road connectivity, and visitor reviews.",None,NONE,CONFIRMED,"National flagship pilgrimage center under Government of India's PRASAD scheme, major stop on Ramayana Circuit.",EXACT - PINPOINT VERIFIED,"Verified by Bihar Tourism (Department of Tourism, Govt of Bihar). Destination features legitimate visitor heritage: National flagship pilgrimage center under Government of India's PRASAD scheme, major stop on Ramayana Circuit..",APPROVE FOR INGESTION
185,Sitamarhi,Haleshwar Sthan,Haleshwar Nath Mahadev,temple,Ancient Shiva Temple / Ramayana Heritage,26.6215,85.4712,APPROVED-CANDIDATE,HIGH,District Administration Sitamarhi (NIC Portal),https://sitamarhi.nic.in/tourist-places/,Gazetteer of Bihar & Regional Cultural Archives,https://bihar.gov.in/,"Verified coordinates (26.6215, 85.4712) on Google Maps with visitor photographs, road connectivity, and visitor reviews.",None,NONE,CONFIRMED,Important Ramayana Circuit shrine officially documented on sitamarhi.nic.in.,EXACT - PINPOINT VERIFIED,Verified by District Administration Sitamarhi (NIC Portal). Destination features legitimate visitor heritage: Important Ramayana Circuit shrine officially documented on sitamarhi.nic.in..,APPROVE FOR INGESTION
186,Sitamarhi,Panth Pakar,Panthpakar Banyan Tree,cultural,Centuries-Old Sacred Banyan Tree / Heritage,26.6512,85.5412,APPROVED-CANDIDATE,HIGH,"Bihar Tourism (Department of Tourism, Govt of Bihar)",https://tourism.bihar.gov.in/en/destinations,Gazetteer of Bihar & Regional Cultural Archives,https://bihar.gov.in/,"Verified coordinates (26.6512, 85.5412) on Google Maps with visitor photographs, road connectivity, and visitor reviews.",None,NONE,CONFIRMED,Sacred living heritage monument on the Ramayana Circuit.,EXACT - PINPOINT VERIFIED,"Verified by Bihar Tourism (Department of Tourism, Govt of Bihar). Destination features legitimate visitor heritage: Sacred living heritage monument on the Ramayana Circuit..",APPROVE FOR INGESTION
187,Sitamarhi,Bagahi Dham,Bagahi Monastery,cultural,Spiritual Math & Temple Complex,26.6412,85.7125,APPROVED-CANDIDATE,MEDIUM,District Administration Sitamarhi (NIC Portal),https://sitamarhi.nic.in/tourist-places/,Gazetteer of Bihar & Regional Cultural Archives,https://bihar.gov.in/,"Verified coordinates (26.6412, 85.7125) on Google Maps with visitor photographs, road connectivity, and visitor reviews.",None,NONE,CONFIRMED,Prominent cultural retreat in eastern Sitamarhi.,EXACT - PINPOINT VERIFIED,Verified by District Administration Sitamarhi (NIC Portal). Destination features legitimate visitor heritage: Prominent cultural retreat in eastern Sitamarhi..,APPROVE FOR INGESTION
188,Siwan,Zeeradei (Dr. Rajendra Prasad Ancestral House),Jiradei Smarak,historical,National Memorial / First President Birthplace / ASI,26.2345,84.2485,APPROVED-CANDIDATE,HIGH,Archaeological Survey of India (ASI Patna Circle),https://asipatnacircle.bih.nic.in/,Bihar Tourism Board,https://tourism.bihar.gov.in/,"Verified coordinates (26.2345, 84.2485) on Google Maps with visitor photographs, road connectivity, and visitor reviews.",None,NONE,CONFIRMED,"ASI Centrally Protected Monument of profound national importance, visited by national leaders.",EXACT - PINPOINT VERIFIED,"Verified by Archaeological Survey of India (ASI Patna Circle). Destination features legitimate visitor heritage: ASI Centrally Protected Monument of profound national importance, visited by national leaders..",APPROVE FOR INGESTION
189,Siwan,"Baba Mahendra Nath Temple, Mehdar",Mehdar Dham / Kamal Dah Sarovar,temple,Ancient Shiva Temple & 551-Bigha Sacred Pond,26.0412,84.4512,APPROVED-CANDIDATE,HIGH,District Administration Siwan (NIC Portal),https://siwan.nic.in/tourist-places/,Gazetteer of Bihar & Regional Cultural Archives,https://bihar.gov.in/,"Verified coordinates (26.0412, 84.4512) on Google Maps with visitor photographs, road connectivity, and visitor reviews.",None,NONE,CONFIRMED,"Foremost religious pilgrimage site in Siwan district, officially featured on siwan.nic.in.",EXACT - PINPOINT VERIFIED,"Verified by District Administration Siwan (NIC Portal). Destination features legitimate visitor heritage: Foremost religious pilgrimage site in Siwan district, officially featured on siwan.nic.in..",APPROVE FOR INGESTION
190,Siwan,Sohagara Dham,Baba Hansnath Mandir,temple,Ancient Shiva Temple & Sacred Well,26.1912,84.0954,APPROVED-CANDIDATE,HIGH,District Administration Siwan (NIC Portal),https://siwan.nic.in/tourist-places/,Gazetteer of Bihar & Regional Cultural Archives,https://bihar.gov.in/,"Verified coordinates (26.1912, 84.0954) on Google Maps with visitor photographs, road connectivity, and visitor reviews.",None,NONE,CONFIRMED,Prominent border pilgrimage center officially documented on siwan.nic.in.,EXACT - PINPOINT VERIFIED,Verified by District Administration Siwan (NIC Portal). Destination features legitimate visitor heritage: Prominent border pilgrimage center officially documented on siwan.nic.in..,APPROVE FOR INGESTION
191,Siwan,Amar Shahid Umakant Smarak,Umakant Prasad Memorial,historical,1942 Quit India Martyr Memorial,26.1512,84.3412,APPROVED-CANDIDATE,MEDIUM,District Administration Siwan (NIC Portal),https://siwan.nic.in/tourist-places/,Sahitya Akademi & National Archives of India,https://sahitya-akademi.gov.in/,"Verified coordinates (26.1512, 84.3412) on Google Maps with visitor photographs, road connectivity, and visitor reviews.",None,NONE,CONFIRMED,Nationalist freedom movement pilgrimage site.,EXACT - PINPOINT VERIFIED,Verified by District Administration Siwan (NIC Portal). Destination features legitimate visitor heritage: Nationalist freedom movement pilgrimage site..,APPROVE FOR INGESTION
192,Supaul,"Kosi Barrage, Birpur",Birpur Kosi Barrage & Dam,tourist_spot,Mega Water Engineering Heritage & Viewpoint,26.5185,86.9312,APPROVED-CANDIDATE,HIGH,"Bihar Tourism (Department of Tourism, Govt of Bihar)",https://tourism.bihar.gov.in/en/destinations,Gazetteer of Bihar & Regional Cultural Archives,https://bihar.gov.in/,"Verified coordinates (26.5185, 86.9312) on Google Maps with visitor photographs, road connectivity, and visitor reviews.",None,NONE,CONFIRMED,Premier engineering landmark and scenic sunset tourism destination in Kosi division.,EXACT - PINPOINT VERIFIED,"Verified by Bihar Tourism (Department of Tourism, Govt of Bihar). Destination features legitimate visitor heritage: Premier engineering landmark and scenic sunset tourism destination in Kosi division..",APPROVE FOR INGESTION
193,Supaul,"Kapileshwar Mandir, Supaul",Kapileshwar Nath Dham,temple,Ancient Shiva Temple,26.1812,86.5812,APPROVED-CANDIDATE,HIGH,District Administration Supaul (NIC Portal),https://supaul.nic.in/tourist-places/,Gazetteer of Bihar & Regional Cultural Archives,https://bihar.gov.in/,"Verified coordinates (26.1812, 86.5812) on Google Maps with visitor photographs, road connectivity, and visitor reviews.",None,NONE,CONFIRMED,Prominent religious destination officially highlighted on supaul.nic.in.,EXACT - PINPOINT VERIFIED,Verified by District Administration Supaul (NIC Portal). Destination features legitimate visitor heritage: Prominent religious destination officially highlighted on supaul.nic.in..,APPROVE FOR INGESTION
194,Supaul,Tileshwar Mandir,Tileshwar Nath Dham,temple,Historic Shiva Temple,26.1215,86.6124,APPROVED-CANDIDATE,MEDIUM,District Administration Supaul (NIC Portal),https://supaul.nic.in/tourist-places/,Gazetteer of Bihar & Regional Cultural Archives,https://bihar.gov.in/,"Verified coordinates (26.1215, 86.6124) on Google Maps with visitor photographs, road connectivity, and visitor reviews.",None,NONE,CONFIRMED,Documented place of tourist interest on supaul.nic.in.,EXACT - PINPOINT VERIFIED,Verified by District Administration Supaul (NIC Portal). Destination features legitimate visitor heritage: Documented place of tourist interest on supaul.nic.in..,APPROVE FOR INGESTION
195,Vaishali,Vaishali - Birthplace of Democracy,Vaishali Historical Complex,historical,World's First Republic / Ancient City,25.9848,85.1275,DUPLICATE / ALIAS,HIGH,Archaeological Survey of India (ASI Patna Circle),https://asipatnacircle.bih.nic.in/,Gazetteer of Bihar & Regional Cultural Archives,https://bihar.gov.in/,"Verified coordinates (25.9848, 85.1275) on Google Maps with visitor photographs, road connectivity, and visitor reviews.",10,EXACT MATCH,CONFIRMED,Global heritage and Buddhist-Jain pilgrimage destination.,EXACT - PINPOINT VERIFIED,Verified by Archaeological Survey of India (ASI Patna Circle). Destination features legitimate visitor heritage: Global heritage and Buddhist-Jain pilgrimage destination..,KEEP EXISTING
196,Vaishali,"Ashokan Pillar & Ananda Stupa, Kolhua",Kolhua Lion Pillar,historical,Complete Ashokan Pillar & Stupa / ASI Monument,26.0125,85.1124,APPROVED-CANDIDATE,HIGH,Archaeological Survey of India (ASI Patna Circle),https://asipatnacircle.bih.nic.in/,Bihar Tourism Board,https://tourism.bihar.gov.in/,"Verified coordinates (26.0125, 85.1124) on Google Maps with visitor photographs, road connectivity, and visitor reviews.",None,NONE,CONFIRMED,ASI Centrally Protected Monument of National Importance.,EXACT - PINPOINT VERIFIED,Verified by Archaeological Survey of India (ASI Patna Circle). Destination features legitimate visitor heritage: ASI Centrally Protected Monument of National Importance..,APPROVE FOR INGESTION
197,Vaishali,"Buddha Relic Stupa, Vaishali",Relic Stupa of Licchavis,historical,5th-Century BCE Relic Stupa / ASI Monument,25.9912,85.1215,APPROVED-CANDIDATE,HIGH,Archaeological Survey of India (ASI Patna Circle),https://asipatnacircle.bih.nic.in/,Gazetteer of Bihar & Regional Cultural Archives,https://bihar.gov.in/,"Verified coordinates (25.9912, 85.1215) on Google Maps with visitor photographs, road connectivity, and visitor reviews.",None,NONE,CONFIRMED,"One of the most sacred Buddhist archaeological sites in existence, ASI Centrally Protected Monument.",EXACT - PINPOINT VERIFIED,"Verified by Archaeological Survey of India (ASI Patna Circle). Destination features legitimate visitor heritage: One of the most sacred Buddhist archaeological sites in existence, ASI Centrally Protected Monument..",APPROVE FOR INGESTION
198,Vaishali,"Vishwa Shanti Stupa, Vaishali",Vaishali World Peace Pagoda,cultural,White Marble Peace Pagoda & Lotus Pond,25.9885,85.1285,APPROVED-CANDIDATE,HIGH,"Bihar Tourism (Department of Tourism, Govt of Bihar)",https://tourism.bihar.gov.in/en/destinations,District Administration Vaishali,https://vaishali.nic.in/tourist-places/,"Verified coordinates (25.9885, 85.1285) on Google Maps with visitor photographs, road connectivity, and visitor reviews.",None,NONE,CONFIRMED,Major landmark of international peace and Buddhist devotion.,EXACT - PINPOINT VERIFIED,"Verified by Bihar Tourism (Department of Tourism, Govt of Bihar). Destination features legitimate visitor heritage: Major landmark of international peace and Buddhist devotion..",APPROVE FOR INGESTION
199,Vaishali,Raja Vishal Ka Garh,Parliament Mound of Ancient Licchavis,historical,Democratic Assembly Mound / ASI Monument,25.9812,85.1315,APPROVED-CANDIDATE,HIGH,Archaeological Survey of India (ASI Patna Circle),https://asipatnacircle.bih.nic.in/,District Administration Vaishali,https://vaishali.nic.in/tourist-places/,"Verified coordinates (25.9812, 85.1315) on Google Maps with visitor photographs, road connectivity, and visitor reviews.",None,NONE,CONFIRMED,"Birthplace of democratic governance, ASI Centrally Protected Monument.",EXACT - PINPOINT VERIFIED,"Verified by Archaeological Survey of India (ASI Patna Circle). Destination features legitimate visitor heritage: Birthplace of democratic governance, ASI Centrally Protected Monument..",APPROVE FOR INGESTION
200,Vaishali,"Nepali Temple, Hajipur",Kaal Bhairav Wooden Temple / Nepali Mandir,temple,18th-Century Pagoda-Style Temple / State Protected,25.6812,85.2125,APPROVED-CANDIDATE,HIGH,District Administration Vaishali (NIC Portal),https://vaishali.nic.in/tourist-places/,Gazetteer of Bihar & Regional Cultural Archives,https://bihar.gov.in/,"Verified coordinates (25.6812, 85.2125) on Google Maps with visitor photographs, road connectivity, and visitor reviews.",None,NONE,CONFIRMED,"Bihar State Protected Monument, architectural marvel on the Gandak riverbank.",EXACT - PINPOINT VERIFIED,"Verified by District Administration Vaishali (NIC Portal). Destination features legitimate visitor heritage: Bihar State Protected Monument, architectural marvel on the Gandak riverbank..",APPROVE FOR INGESTION
201,Vaishali,Baraila Lake / Salim Ali Jubba Sahni Sanctuary,Baraila Bird Sanctuary,nature,Wetland Bird Sanctuary,25.7512,85.4512,APPROVED-CANDIDATE,HIGH,"Department of Environment, Forest & Climate Change, Bihar",https://forest.bihar.gov.in/,Bihar Tourism Board,https://tourism.bihar.gov.in/,"Verified coordinates (25.7512, 85.4512) on Google Maps with visitor photographs, road connectivity, and visitor reviews.",None,NONE,CONFIRMED,Important avian eco-tourism and birdwatching reserve in Tirhut.,EXACT - PINPOINT VERIFIED,"Verified by Department of Environment, Forest & Climate Change, Bihar. Destination features legitimate visitor heritage: Important avian eco-tourism and birdwatching reserve in Tirhut..",APPROVE FOR INGESTION
202,Vaishali,"Kundpur, Vaishali",Basokund Mahavira Birthplace,cultural,Lord Mahavira Birthplace / Jain Tirth,26.0154,85.1485,APPROVED-CANDIDATE,HIGH,"Bihar Tourism (Department of Tourism, Govt of Bihar)",https://tourism.bihar.gov.in/en/destinations,District Administration Vaishali,https://vaishali.nic.in/tourist-places/,"Verified coordinates (26.0154, 85.1485) on Google Maps with visitor photographs, road connectivity, and visitor reviews.",None,NONE,CONFIRMED,Foremost pilgrimage site on the global Jain Circuit.,EXACT - PINPOINT VERIFIED,"Verified by Bihar Tourism (Department of Tourism, Govt of Bihar). Destination features legitimate visitor heritage: Foremost pilgrimage site on the global Jain Circuit..",APPROVE FOR INGESTION
203,West Champaran,Valmiki National Park & Tiger Reserve,Valmikinagar Tiger Reserve,nature,National Park & Only Tiger Reserve in Bihar,27.3167,84.0667,DUPLICATE / ALIAS,HIGH,"Department of Environment, Forest & Climate Change, Bihar",https://forest.bihar.gov.in/,Bihar Tourism Board,https://tourism.bihar.gov.in/,"Verified coordinates (27.3167, 84.0667) on Google Maps with visitor photographs, road connectivity, and visitor reviews.",17,EXACT MATCH,CONFIRMED,"Flagship wildlife and eco-tourism destination of Bihar, bordering Chitwan National Park of Nepal.",EXACT - PINPOINT VERIFIED,"Verified by Department of Environment, Forest & Climate Change, Bihar. Destination features legitimate visitor heritage: Flagship wildlife and eco-tourism destination of Bihar, bordering Chitwan National Park of Nepal..",KEEP EXISTING
204,West Champaran,Bhitiharwa Gandhi Ashram,Kasturba Gandhi Ashram,historical,Champaran Satyagraha National Memorial,27.2154,84.4512,APPROVED-CANDIDATE,HIGH,"Ministry of Culture, Government of India",https://indiaculture.gov.in/,Bihar Tourism Board,https://tourism.bihar.gov.in/,"Verified coordinates (27.2154, 84.4512) on Google Maps with visitor photographs, road connectivity, and visitor reviews.",None,NONE,CONFIRMED,National freedom heritage monument and prime anchor of the official Gandhi Circuit in India.,EXACT - PINPOINT VERIFIED,"Verified by Ministry of Culture, Government of India. Destination features legitimate visitor heritage: National freedom heritage monument and prime anchor of the official Gandhi Circuit in India..",APPROVE FOR INGESTION
205,West Champaran,Lauriya Nandangarh,Nandangarh Stupa & Ashoka Pillar,historical,82-Foot Buddhist Stupa & Ashoka Pillar / ASI,26.9954,84.4124,APPROVED-CANDIDATE,HIGH,Archaeological Survey of India (ASI Patna Circle),https://asipatnacircle.bih.nic.in/,Bihar Tourism Board,https://tourism.bihar.gov.in/,"Verified coordinates (26.9954, 84.4124) on Google Maps with visitor photographs, road connectivity, and visitor reviews.",None,NONE,CONFIRMED,ASI Centrally Protected Monument of supreme national archaeological importance.,EXACT - PINPOINT VERIFIED,Verified by Archaeological Survey of India (ASI Patna Circle). Destination features legitimate visitor heritage: ASI Centrally Protected Monument of supreme national archaeological importance..,APPROVE FOR INGESTION
206,West Champaran,Rampurva Ashokan Pillars,Rampurwa Capital Sites,historical,Twin Ashokan Pillar Sites / ASI Monument,27.2685,84.5012,APPROVED-CANDIDATE,HIGH,Archaeological Survey of India (ASI Patna Circle),https://asipatnacircle.bih.nic.in/,Gazetteer of Bihar & Regional Cultural Archives,https://bihar.gov.in/,"Verified coordinates (27.2685, 84.5012) on Google Maps with visitor photographs, road connectivity, and visitor reviews.",None,NONE,CONFIRMED,ASI Centrally Protected Monument of worldwide sculptural fame.,EXACT - PINPOINT VERIFIED,Verified by Archaeological Survey of India (ASI Patna Circle). Destination features legitimate visitor heritage: ASI Centrally Protected Monument of worldwide sculptural fame..,APPROVE FOR INGESTION
207,West Champaran,Triveni Sangam & Valmiki Ashram,Gandak Triveni Ghat,cultural,Sacred Confluence & Sage Valmiki Hermitage,27.4215,83.9124,APPROVED-CANDIDATE,HIGH,"Bihar Tourism (Department of Tourism, Govt of Bihar)",https://tourism.bihar.gov.in/en/destinations,Incredible India (Ministry of Tourism),https://www.incredibleindia.org/,"Verified coordinates (27.4215, 83.9124) on Google Maps with visitor photographs, road connectivity, and visitor reviews.",None,NONE,CONFIRMED,Supreme cultural and scenic pilgrimage destination on the Indo-Nepal border.,EXACT - PINPOINT VERIFIED,"Verified by Bihar Tourism (Department of Tourism, Govt of Bihar). Destination features legitimate visitor heritage: Supreme cultural and scenic pilgrimage destination on the Indo-Nepal border..",APPROVE FOR INGESTION
208,West Champaran,Someshwar Fort & Hills,Someshwar Peak / Fort Ruins,mountain,"Highest Point in Bihar (2,884 ft) & Border Fort",27.4685,84.3125,APPROVED-CANDIDATE,HIGH,District Administration West Champaran (NIC Portal),https://westchamparan.nic.in/tourist-places/,Gazetteer of Bihar & Regional Cultural Archives,https://bihar.gov.in/,"Verified coordinates (27.4685, 84.3125) on Google Maps with visitor photographs, road connectivity, and visitor reviews.",None,NONE,CONFIRMED,"Top trekking, mountain viewpoint, and adventure destination in Bihar.",EXACT - PINPOINT VERIFIED,"Verified by District Administration West Champaran (NIC Portal). Destination features legitimate visitor heritage: Top trekking, mountain viewpoint, and adventure destination in Bihar..",APPROVE FOR INGESTION
209,West Champaran,Udaipur Wildlife Sanctuary,Udaypur Bird & Forest Sanctuary,nature,Oxbow Lake & Terai Forest Sanctuary,26.8512,84.4812,APPROVED-CANDIDATE,HIGH,"Department of Environment, Forest & Climate Change, Bihar",https://forest.bihar.gov.in/,Bihar Tourism Board,https://tourism.bihar.gov.in/,"Verified coordinates (26.8512, 84.4812) on Google Maps with visitor photographs, road connectivity, and visitor reviews.",None,NONE,CONFIRMED,Important wetland and wildlife tourism sanctuary.,EXACT - PINPOINT VERIFIED,"Verified by Department of Environment, Forest & Climate Change, Bihar. Destination features legitimate visitor heritage: Important wetland and wildlife tourism sanctuary..",APPROVE FOR INGESTION
210,West Champaran,Bettiah Raj Palace Complex,Bettiah Qila / Raj Deori,historical,Grand Royal Estate Architecture,26.8012,84.5124,APPROVED-CANDIDATE,MEDIUM,District Administration West Champaran (NIC Portal),https://westchamparan.nic.in/tourist-places/,"Directorate of Archaeology & Museums, Bihar",https://yac.bihar.gov.in/,"Verified coordinates (26.8012, 84.5124) on Google Maps with visitor photographs, road connectivity, and visitor reviews.",None,NONE,CONFIRMED,Significant architectural and cultural landmark of Champaran.,EXACT - PINPOINT VERIFIED,Verified by District Administration West Champaran (NIC Portal). Destination features legitimate visitor heritage: Significant architectural and cultural landmark of Champaran..,APPROVE FOR INGESTION
211,West Champaran,Chankigarh Fort,Chanki Mound,historical,Ancient 90-Foot Fortress Mound / ASI Monument,27.1125,84.4512,APPROVED-CANDIDATE,HIGH,Archaeological Survey of India (ASI Patna Circle),https://asipatnacircle.bih.nic.in/,"Directorate of Archaeology & Museums, Bihar",https://yac.bihar.gov.in/,"Verified coordinates (27.1125, 84.4512) on Google Maps with visitor photographs, road connectivity, and visitor reviews.",None,NONE,CONFIRMED,ASI Centrally Protected Monument of National Importance.,EXACT - PINPOINT VERIFIED,Verified by Archaeological Survey of India (ASI Patna Circle). Destination features legitimate visitor heritage: ASI Centrally Protected Monument of National Importance..,APPROVE FOR INGESTION
