District,Place Name,Alternate Name,Category,Subcategory,Approximate Location,Latitude,Longitude,Short Description,Why Tourism-Relevant,Verification Level,Primary Source,Secondary Source,Existing Duplicate?,Existing Place ID / Slug,Duplicate / Conflict Notes,Current Status,Recommended Action
Araria,"Bio-Diversity Park, Kusiargaon",Kusiargaon Biodiversity Park,nature,Biodiversity Park / Conservation Reserve,"Kusiargaon, on NH-57, 10 km from Araria town",26.1158,87.4589,"Bihar's first official Biodiversity Park spread over 50 acres, established to conserve eastern Terai flora and fauna, featuring cactus house, butterfly garden, and water bodies.",State's pioneer biodiversity education and nature tourism centre situated on the East-West Highway Corridor.,A,District Administration Araria (araria.nic.in/tourist-place/bio-diversity-park-kusiargaon/),Bihar Tourism / Environment Department Bihar,NO,,None,NEW CANDIDATE,CONSIDER FOR ADDITION
Araria,Madanpur Shiva Mandir,Madanpur Mahadev Mandir,temple,Historic Hindu Temple,"Madanpur, Araria",26.1754,87.5123,Ancient Shiva temple drawing thousands of devotees during Shravani Mela and Mahashivratri.,Most visited religious gathering site in eastern Araria.,B,District Administration Araria (araria.nic.in),Regional pilgrimage records,NO,,None,NEW CANDIDATE,CONSIDER FOR ADDITION
Araria,Phanishwar Nath Renu Smarak & Birthplace,"Renu Gram, Aurahi Hingna",cultural,Literary Heritage Memorial,"Aurahi Hingna village, Forbesganj subdivision",26.2486,87.2842,"Ancestral home, memorial library, and museum of legendary Hindi novelist Phanishwar Nath 'Renu' (author of Maila Anchal and Teesri Kasam).",Significant literary pilgrimage and cultural heritage site for Indian literature and Hindi culture.,A,Bihar Culture Department / District Administration Araria,Incredible India / Sahitya Akademi Archive,NO,,None,NEW CANDIDATE,CONSIDER FOR ADDITION
Araria,Raniganj Vriksh Vatika,Raniganj Tree Garden / Nature Park,nature,Eco Park / Botanical Forest,"Raniganj Block, 30 km west of Araria town",26.0712,87.2415,"Sprawling 289-acre natural botanical garden and forest reserve, one of the largest in North Bihar with deer enclosure, boating lake, and medicinal plant conservatory.",Prime eco-tourism landmark in Araria officially promoted by District Administration and Environment & Forest Dept.,A,District Administration Araria (araria.nic.in/tourist-place/raniganj-vriksh-vatika/),Bihar Forest Department / Bihar Tourism,NO,,None,NEW CANDIDATE,CONSIDER FOR ADDITION
Arwal,Aganoor Mini Hydroelectric Project,Aganoor Jal Vidyut Pariyojna,tourist_spot,Industrial Heritage / Eco Site,"Aganoor village, Kaler Block, off NH-98",25.1328,84.5824,"Scenic mini-hydel power station built on the Son high-level canal system with gushing water channels, landscaped surroundings, and canal viewpoints.",Official tourist attraction recognized on district government portal for technical and scenic interest.,A,District Administration Arwal (arwal.nic.in/tourist-place/aganoor-jal-vidyut-pariyojna/),Bihar State Hydroelectric Power Corporation (BSHPC),NO,,None,NEW CANDIDATE,CONSIDER FOR ADDITION
Arwal,"Madanpur Sun Temple, Arwal",Surya Mandir Madanpur / Fakharpur Mandir,temple,Sun Temple,"Kaler block, Arwal",25.1612,84.6154,"Historic Sun temple situated on the Son riverbank, drawing large crowds during Chhath festival.",Prominent religious destination mentioned in district heritage lists.,B,District Administration Arwal (arwal.nic.in),Local cultural archives,NO,,None,NEW CANDIDATE,CONSIDER FOR ADDITION
Arwal,Makhdum Shah Baba Dargah,Makhdum Shah Ka Mazaar,cultural,Sufi Shrine / Riverfront Monument,"Arwal town, on the bank of Son River",25.2435,84.6721,"Historic Sufi mausoleum of Saint Makhdum Shah situated directly on the eastern embankment of the Son River, attracting inter-faith pilgrims.","Primary historical and cultural landmark in Arwal district, featured on official administration portal.",A,District Administration Arwal (arwal.nic.in/tourist-place/makhdum-shah-ka-mazaar/),Bihar Tourism Sufi records,NO,,None,NEW CANDIDATE,CONSIDER FOR ADDITION
Aurangabad,Amjhar Sharif,Dargah Hazrat Syed Mohammad Qadri,cultural,Sufi Shrine,"Haspura block, Aurangabad",24.9854,84.5218,"Venerated 16th-century Sufi shrine housing the tomb of Hazrat Syed Mohammad Qadri, holding an ancient copy of the Quran inscribed in gold.",Key stop on Bihar Tourism official Sufi Circuit.,A,Bihar Tourism Sufi Circuit (tourism.bihar.gov.in),District Administration Aurangabad,NO,,None,NEW CANDIDATE,CONSIDER FOR ADDITION
Aurangabad,Daud Khan Fort,Daudnagar Fort,historical,River Fort / State Protected Monument,"Daudnagar, on the eastern bank of Son River",25.0315,84.4024,"17th-century fortified palace and citadel built by Daud Khan, the Mughal Subahdar of Bihar under Aurangzeb, with gateway, ramparts, and mosque.","Bihar State Protected Monument, major historical fort along Son river trade route.",A,Bihar State Archaeology Department / Bihar Tourism,District Administration Aurangabad,NO,,None,NEW CANDIDATE,CONSIDER FOR ADDITION
Aurangabad,Deo Sun Temple,Surya Mandir Deo,temple,Ancient Sun Temple,"Deo town, 18 km south-east of Aurangabad",24.6563,84.4361,"Magnificent 8th-century stone temple dedicated to the Sun God, uniquely facing West rather than East, with exquisite stone carvings and sacred Surya Kund.",World-famous pilgrimage site for Chhath Puja attracting millions of devotees; state-level heritage destination.,A,Bihar Tourism (tourism.bihar.gov.in) & District Administration (aurangabad.bih.nic.in),ASI & Bihar Heritage,YES,ID 13 (deo-sun-temple-aurangabad),Already in HiddenYatra as place ID 13.,EXISTING,KEEP EXISTING
Aurangabad,Deokund,Baba Dudheshwarnath Temple & Kund,temple,Ancient Temple & Sacred Pond,"Goh Block, Aurangabad",24.9512,84.5829,Ancient Shiva shrine and sacred reservoir linked to Sage Chyavana; venue of major annual Shravani and Chhath congregations.,Featured religious heritage site promoted by Bihar Tourism Ramayana / Spiritual circuit.,A,Bihar Tourism / District Administration Aurangabad,District Gazetteer,NO,,None,NEW CANDIDATE,CONSIDER FOR ADDITION
Aurangabad,Tomb of Shamsher Khan,Shamsher Khan Maqbara,historical,Mughal Mausoleum / ASI Monument,"Shamshernagar, Daudnagar block",25.0418,84.3821,"Imposing 17th-century octagonal red sandstone mausoleum built by Shamsher Khan (nephew of Daud Khan), with domed chambers and arched balconies.",ASI Centrally Protected Monument of National Importance in Bihar.,A,"Archaeological Survey of India (ASI Patna Circle, Monument #1)",District Administration Aurangabad,NO,,None,NEW CANDIDATE,CONSIDER FOR ADDITION
Aurangabad,Umga Sun Temple & Rock Complex,Umga Hill Temples / Mini Khajuraho of Bihar,historical,Ancient Stone Temple Complex / Hill,"Madanpur, 24 km from Aurangabad on Grand Trunk Road",24.6312,84.5518,"12th-century granite stone temple complex atop Umga hill resembling Khajuraho architecture, featuring 52 ancient rock-cut shrines dedicated to Sun, Shiva, and Ganesha.",Major archaeological gem of Magadh region with historic inscriptions of King Bhairavendra.,A,Bihar Tourism (tourism.bihar.gov.in) & District Administration (aurangabad.bih.nic.in),ASI Patna Circle / State Archaeology Directorate,NO,,None,NEW CANDIDATE,CONSIDER FOR ADDITION
Banka,Chandan Dam,Chandan Reservoir,lake,Earthen Dam & Reservoir,"Banka, on Chandan River",24.7812,86.8125,One of the largest composite earthen dams in eastern India with panoramic view of water catchment and surrounding forested hills.,Scenic eco-tourism and picnic destination highlighted in district portal.,A,District Administration Banka (banka.nic.in),Irrigation Department Bihar,NO,,None,NEW CANDIDATE,CONSIDER FOR ADDITION
Banka,Jethor Nath Mandir,Jethoor Hill Temple,temple,Hilltop Shiva Temple,"Amarpur block, Banka",25.0418,86.9124,Ancient Shiva shrine perched atop Jethor Hill with rock caves and panoramic views of the Gangetic plains.,Featured place of interest on official district portal.,A,District Administration Banka (banka.nic.in/tourist-place/jethore-nath-mandir/),Local heritage records,NO,,None,NEW CANDIDATE,CONSIDER FOR ADDITION
Banka,Mandar Hill,Mandar Parvat / Mandarachal,mountain,Sacred Hill / Mythological & Heritage Site,"Bounsi Block, Banka district (18 km south of Banka town)",24.9500,86.7300,"Famous 700-foot monolithic granite hill linked to the churning of the ocean (Amrita Manthan) in Hindu mythology, with rock-cut sculptures, Jain 12th Tirthankara Vasupujya Nirvana shrine, and footmarks of Lord Vishnu.",Foremost tourist attraction of south-eastern Bihar with newly inaugurated aerial ropeway and Bounsi Mela.,A,District Administration Banka (banka.nic.in/tourist-place/mandar-parvat/) & Bihar Tourism,ASI & Bihar State Archaeology,YES,ID 12 (mandar-hill),"GEOGRAPHIC BORDER CONFLICT: Currently catalogued under Bhagalpur district (ID 12) in HiddenYatra, but geographically located in Banka district (Bounsi block).",DUPLICATE,MANUAL REVIEW
Banka,Odhni Dam Eco-Tourism Complex,Orhni Reservoir / Odhani Dam,adventure,Water Sports & Eco Tourism Reservoir,"Banka block, 12 km from Banka town",24.8415,86.8924,"Picturesque reservoir surrounded by green hills, developed by Bihar Tourism with speed boats, jet skis, floating restaurants, and sunset viewpoints.",Flagship modern water sports and adventure tourism destination in south Bihar.,A,Bihar Tourism (tourism.bihar.gov.in) & District Administration Banka,Water Resources Department Bihar,NO,,None,NEW CANDIDATE,CONSIDER FOR ADDITION
Banka,Papaharini Tank,Paapharni Pokhar / Mandar Kund,lake,Sacred Water Tank & Temple,"Foot of Mandar Hill, Bounsi, Banka",24.9458,86.7265,Sacred reservoir at the base of Mandar Hill with a central temple dedicated to Lord Vishnu and Lakshmi; venue of Makar Sankranti holy dip.,Integral component of the Mandar Hill tourism complex officially highlighted on banka.nic.in.,A,District Administration Banka (banka.nic.in),Bihar Tourism,NO,,None,NEW CANDIDATE,CONSIDER FOR ADDITION
Begusarai,Jaimangla Garh,Jaymangla Garh Temple & Mound,historical,Archaeological Site & Shakti Temple,"Manjhaul, Kanwar Lake Island",25.5912,86.1425,Ancient fortified island mound inside Kanwar Lake housing a revered Mangla Chandi Shaktipeeth temple and excavated Pala-period black stone sculptures.,Bihar State Protected Monument and vital cultural-heritage complement to Kanwar Lake.,A,Bihar State Archaeology Department / District Administration Begusarai,Incredible India,NO,,None,NEW CANDIDATE,CONSIDER FOR ADDITION
Begusarai,Kanwar Lake Bird Sanctuary,Kabar Taal / Kabar Lake,nature,Ramsar Wetland & Bird Sanctuary,"Manjhaul, Begusarai",25.5833,86.1333,"Asia's largest freshwater oxbow lake and Bihar's first designated Ramsar Site, covering 2,620 hectares and hosting over 106 species of winter migratory birds.",Premier birdwatching and wetland conservation destination in Bihar.,A,Ramsar Convention Secretariat & Bihar Forest Department,Bihar Tourism (tourism.bihar.gov.in),YES,ID 15 (kanwar-lake-bird-sanctuary),Already in HiddenYatra as place ID 15.,EXISTING,KEEP EXISTING
Begusarai,"Naulakha Temple, Begusarai",Naulakha Mandir,temple,Historic Hindu Temple,Begusarai town centre,25.4182,86.1315,"Magnificent 19th-century temple built at a historical cost of nine lakhs rupees, featuring ornate architectural carvings, marble pavilions, and shrines.",Prime religious destination within Begusarai city.,A,District Administration Begusarai (begusarai.nic.in),Local heritage records,NO,,None,NEW CANDIDATE,CONSIDER FOR ADDITION
Begusarai,Simaria Ghat & Dinkar Memorial,Simaria Ganga Ghat,cultural,Sacred Riverfront & Literary Memorial,"Simaria, Barauni",25.4382,85.9921,"Sacred Ganga bathing ghat, historic venue of the Simaria Kalpwas / Kumbh Mela, and birthplace/memorial of national poet (Rashtrakavi) Ramdhari Singh 'Dinkar'.",Major cultural and spiritual ghat on Ganga with recently renovated riverfront promenade and Dinkar memorial library.,A,Bihar Tourism (tourism.bihar.gov.in) & District Administration Begusarai,"Department of Art, Culture and Youth Bihar",NO,,None,NEW CANDIDATE,CONSIDER FOR ADDITION
Bhagalpur,Bateshwar Sthan & Patharghata Caves,Patalpuri Cave / Patharghata Hill,historical,Cave Temple & Archaeological Hill / ASI Monument,"Madhorampur, Kahalgaon",25.3341,87.2712,"Scenic rocky promontory overlooking the confluence of Ganga, Kosi, and Kalbalia rivers with 8th-century rock-cut sculptures, Patalpuri cave, and ancient monastery ruins.","ASI Centrally Protected Monument, featured in Kalidasa's Kumarasambhava.",A,"Archaeological Survey of India (ASI Patna Circle, Monument #4 & #5)",Bihar Tourism,NO,,None,NEW CANDIDATE,CONSIDER FOR ADDITION
Bhagalpur,Bhagalpuri Silk Weaver Cluster,Nathnagar Tussar Silk Village,cultural,Artisan Village / GI Craft Centre,"Nathnagar / Champanagar, Bhagalpur",25.2285,86.9312,"Centuries-old silk weaving village where traditional weavers produce world-renowned GI-tagged Bhagalpuri Tussar Silk, Matka silk, and organic fabrics.",Official Geographical Indication (GI) craft hub and textile heritage tourism center.,A,Ministry of Textiles / GI Registry of India,Bihar Tourism Culture Layer,NO,,None,NEW CANDIDATE,CONSIDER FOR ADDITION
Bhagalpur,Champanagar Ancient Capital & Jain Tirth,Champa Garh / Karna Garh,cultural,Ancient Capital & Sacred Jain Tirth,"Champanagar, western Bhagalpur city",25.2312,86.9245,Ancient fortified capital of Anga Kingdom (ruled by King Karna of Mahabharata fame) and holy birthplace and Nirvana site of 12th Jain Tirthankara Vasupujya.,Major pilgrimage destination on the Jain Circuit and ancient urban archaeological mound.,A,Bihar Tourism Jain Circuit (tourism.bihar.gov.in),District Administration Bhagalpur,NO,,None,NEW CANDIDATE,CONSIDER FOR ADDITION
Bhagalpur,Kahalgaon Rock-Cut Temples,Colgong Rock Temple,historical,Rock-Cut Cave Temple / ASI Monument,"Kahalgaon, in river Ganga",25.2689,87.2345,"Ancient 8th-century monolithic rock-cut cave temple standing on an isolated granite outcrop in the river Ganga, reminiscent of Mahabalipuram shore temples.",ASI Centrally Protected Monument of National Importance.,A,"Archaeological Survey of India (ASI Patna Circle, Monument #3)",District Administration Bhagalpur,NO,,None,NEW CANDIDATE,CONSIDER FOR ADDITION
Bhagalpur,Kuppa Ghat & Maharshi Mehi Ashram,Kuppaghat Cave Ashram,cultural,Spiritual Ashram & Underground Caves,"Barari, on the bank of Ganga, Bhagalpur",25.2512,87.0124,"Peaceful spiritual hermitage of Sant Maharshi Mehi Paramhans on the high bank of Ganga, featuring subterranean meditation caves, orchard gardens, and library.",Prominent spiritual tourism retreat visited by thousands of seekers.,A,District Administration Bhagalpur (bhagalpur.nic.in),Bihar Tourism Spiritual records,NO,,None,NEW CANDIDATE,CONSIDER FOR ADDITION
Bhagalpur,Sultanganj Ajgaibinath Temple,Ajgaivinath Dham / Gaibi Baba,temple,Island Temple on River Ganga,"Sultanganj, on the southern bank of Ganga",25.2458,86.7389,Sacred Shiva temple perched on a rocky island in the middle of river Ganga with ancient rock carvings; traditional starting point where Kanwariyas collect holy Ganga water for the 105 km trek to Baba Baidyanath Dham (Deoghar).,"Massive cultural and religious importance, drawing millions of pilgrims annually during the Shravani Mela.",A,Bihar Tourism (tourism.bihar.gov.in) & District Administration Bhagalpur,ASI / State Archaeology,NO,,None,NEW CANDIDATE,CONSIDER FOR ADDITION
Bhagalpur,Vikramshila Gangetic Dolphin Sanctuary,Gangetic Dolphin Reserve,nature,Aquatic Wildlife Sanctuary,Sultanganj to Kahalgaon stretch of River Ganga (60 km),25.2912,87.0215,"India's only protected sanctuary dedicated to the endangered South Asian River Dolphin (Platanista gangetica - India's National Aquatic Animal), along with smooth-coated otters and gharials.",Globally unique eco-tourism and river safari destination.,A,"Ministry of Environment, Forest and Climate Change / Bihar Forest Dept",Bihar Tourism Eco Circuit,NO,,None,NEW CANDIDATE,CONSIDER FOR ADDITION
Bhagalpur,Vikramshila University Ruins,Ancient Vikramashila Mahavihara,historical,Ancient Buddhist University / ASI Monument,"Antichak, Kahalgaon subdivision, 40 km east of Bhagalpur",25.3297,87.2830,"World-renowned ancient Buddhist monastic university founded by Pala Emperor Dharmapala in 8th century CE, featuring gigantic cruciform stupa, central monastery, terracotta plaques, and library.",Foremost national archaeological site and anchor of the Buddhist Circuit in eastern Bihar.,A,"Archaeological Survey of India (ASI Patna Circle, Monument #2)",UNESCO Tentative List / Bihar Tourism,YES,ID 11 (vikramshila-university-ruins),Already in HiddenYatra as place ID 11.,EXISTING,KEEP EXISTING
Bhojpur,Ara House,Arrah House / Maharaja College Compound,historical,Colonial Heritage / 1857 Siege Site,"Maharaja College compound, Ara",25.5645,84.6712,Historic two-storey billiard room where 68 British soldiers and loyalists withstood an 8-day siege by Veer Kunwar Singh's forces in July 1857.,Bihar State Protected Monument with rich archival relevance for 1857 history.,A,Bihar State Archaeology Department,ASI Historical Records / District Portal,NO,,None,NEW CANDIDATE,CONSIDER FOR ADDITION
Bhojpur,Aranya Devi Temple,Maa Aranya Devi Mandir,temple,Historic Shakti Temple,"Ara city centre, Bhojpur",25.5612,84.6645,"Ancient temple of the presiding goddess of Ara city, worshipped since the Mahabharata era when the Pandavas are said to have stayed in the Aranya forest.","Chief religious and cultural landmark of Bhojpur district, featured on bhojpur.nic.in.",A,District Administration Bhojpur (bhojpur.nic.in),Bihar Tourism Religious records,NO,,None,NEW CANDIDATE,CONSIDER FOR ADDITION
Bhojpur,Bhaluni Dham,Parvati Mandir Bhaluni,temple,Historic Temple & Mela Grounds,"Bikramganj-Tarari border, Bhojpur",25.2154,84.3821,Ancient temple dedicated to Goddess Parvati and Shiva with an extensive sacred pond and traditional annual fair.,Prominent rural pilgrimage site in southern Bhojpur.,B,District Administration Bhojpur,Regional pilgrimage records,NO,,None,NEW CANDIDATE,CONSIDER FOR ADDITION
Bhojpur,"Sun Temple, Tarari",Surya Mandir Dev,temple,Ancient Sun Temple,"Dev village, Tarari block, Bhojpur",25.3125,84.4215,"Ancient stone Sun temple housing an antique stone idol of Surya Dev with sacred Surya Kund, drawing major crowds during Chhath.",Official place of interest on district administration portal.,A,District Administration Bhojpur (bhojpur.nic.in/tourist-place/sun-temple-tarari/),Local cultural archives,NO,,None,NEW CANDIDATE,CONSIDER FOR ADDITION
Bhojpur,"Veer Kunwar Singh Fort, Jagdishpur",Jagdishpur Qila,historical,Historical Fort & 1857 Memorial,"Jagdishpur, 28 km south-west of Ara",25.4667,84.4167,"Historical ancestral fort of Babu Veer Kunwar Singh, heroic 80-year-old military commander of the 1857 War of Independence, with weapons museum, moat, and memorial.","Iconic national freedom movement heritage monument, State Protected site.",A,Bihar State Archaeology & District Administration (bhojpur.nic.in),National Archives of India,YES,ID 28 (veer-kunwar-singh-fort-jagdishpur),Already in HiddenYatra as place ID 28.,EXISTING,KEEP EXISTING
Buxar,Ahirauli Ahilya Sthan,Ahilya Dham Ahirauli,temple,Ramayana Circuit Site,"Ahirauli village, 5 km from Buxar",25.5895,83.9512,Site believed to be the hermitage of Sage Gautama where Lord Rama delivered Ahilya from her stone curse.,Core Ramayana Circuit destination in Bihar.,A,Bihar Tourism Ramayana Circuit (tourism.bihar.gov.in),District Administration Buxar,NO,,None,NEW CANDIDATE,CONSIDER FOR ADDITION
Buxar,Battle of Buxar Memorial,Katkauli Ka Maidan Memorial,historical,Historic Battlefield & Stone Memorial,"Katkauli, 6 km east of Buxar town",25.5621,83.9787,"Battlefield of the decisive 1764 Battle of Buxar between British East India Company (Hector Munro) and combined armies of Mir Qasim, Shuja-ud-Daula, and Shah Alam II.","Historic landmark that altered the course of Indian history, marked by a stone obelisk.",A,District Administration Buxar (buxar.nic.in/tourist-place/katkauli-ka-maidan/) & Bihar Tourism,ASI Historical Records,YES,ID 23 (battle-of-buxar-memorial),Already in HiddenYatra as place ID 23.,EXISTING,KEEP EXISTING
Buxar,Bausagarh Mound,Nasratpur Ancient Fortified Mound,historical,Archaeological Site / State Protected,"Nasratpur, Buxar",25.5412,84.0512,Extensive archaeological fortified brick mound dating to ancient and medieval periods.,Bihar State Protected Monument.,A,Bihar State Archaeology Department,District Portal Buxar,NO,,None,NEW CANDIDATE,CONSIDER FOR ADDITION
Buxar,"Bihari Ji Temple, Dumraon",Shri Bihariji Mandir,temple,Heritage Krishna Temple / Music Heritage,"Dumraon, Buxar",25.5512,84.1485,"Historic 1825 Krishna temple built by Maharaja of Dumraon, famous as the shrine where Bharat Ratna Ustad Bismillah Khan received musical inspiration and played shehnai in his childhood.",Unique cultural and music heritage site connecting classical music to temple tradition.,A,District Administration Buxar (buxar.nic.in/tourist-place/bihari-ji-temple/),Sangeet Natak Akademi Archives,NO,,None,NEW CANDIDATE,CONSIDER FOR ADDITION
Buxar,"Brahmeshwar Nath Temple, Brahmpur",Baba Brahmeshwar Nath Dham,temple,Ancient Shiva Temple & Mela,"Brahmpur, 35 km east of Buxar",25.5921,84.2815,"Ancient temple dedicated to Lord Shiva, revered as self-manifested Swayambhu lingam; venue of Bihar's famous cattle and agricultural fair on Shivratri.",State-level religious pilgrimage destination officially documented on buxar.nic.in.,A,District Administration Buxar (buxar.nic.in),Bihar Tourism Pilgrimage Records,NO,,None,NEW CANDIDATE,CONSIDER FOR ADDITION
Buxar,Chausa Battlefield & Monument,Chausa Battle Site,historical,Historic Battlefield,"Chausa, 11 km west of Buxar on Ganga bank",25.5142,83.8912,"Site of the historic Battle of Chausa (June 1539) where Sher Shah Suri defeated Mughal Emperor Humayun, assuming royal titles.",Crucial medieval Indian history battleground featured on district administration portal.,A,District Administration Buxar (buxar.nic.in/tourist-place/chausa-battle-field/),Bihar Tourism Heritage Circuit,NO,,None,NEW CANDIDATE,CONSIDER FOR ADDITION
Buxar,Ramrekha Ghat,Ram Rekha Ganga Ghat,cultural,Sacred Riverfront Ghat,"Buxar town, on the southern bank of Ganga",25.5785,83.9812,Sacred Ganga bathing ghat where Lord Rama and Lakshmana are believed to have bathed after slaying demoness Tadaka with Sage Vishwamitra.,"Chief cultural, religious, and evening Aarti gathering point in Buxar; Ramayana Circuit stop.",A,District Administration Buxar (buxar.nic.in) & Bihar Tourism Ramayana Circuit,National Mission for Clean Ganga (NMCG),NO,,None,NEW CANDIDATE,CONSIDER FOR ADDITION
Darbhanga,"Ahilya Sthan, Ahiyari",Ahilya Dham,temple,Ramayana Heritage Temple,"Ahiyari village, Kamtaul, 24 km north-west of Darbhanga",26.2215,85.7485,Ancient temple associated with Sage Gautama's ashram where Lord Rama rested his sacred feet and redeemed Ahilya; venue of the historic Chaitra Navami Ram Navami mela.,Official Ramayana Circuit destination in Mithila.,A,District Administration Darbhanga (darbhanga.nic.in/tourist-place/ahilya-asthan/),Bihar Tourism Ramayana Circuit,NO,,None,NEW CANDIDATE,CONSIDER FOR ADDITION
Darbhanga,Chandradhari Museum,Darbhanga State Museum,museum,State Museum / Cultural Heritage,"Station Road, Darbhanga town",26.1585,85.9012,"Established in 1957, housing 11 galleries with priceless collection of Mithila folk art, jade weapons, ivory artifacts, copper plates, bronze sculptures from Nalanda, and rare Mughal manuscripts.","Leading museum of North Bihar officially managed by Directorate of Museums, Government of Bihar.",A,Directorate of Museums Bihar & District Administration Darbhanga,Incredible India / Bihar Tourism,NO,,None,NEW CANDIDATE,CONSIDER FOR ADDITION
Darbhanga,Darbhanga Raj Palace Complex,Laxmi Vilas Palace / Anand Bagh Palace,historical,Royal Palace Architecture,"Darbhanga city, Mithila",26.1494,85.8919,"Magnificent royal palace complex of the Darbhanga Raj (Khandavala Dynasty), built on the model of European palaces with grand ramparts, Italian marble sculptures, and lush gardens.",Symbol of Mithila royal heritage and premier architectural landmark of north-eastern Bihar.,A,Bihar Tourism (tourism.bihar.gov.in) & District Administration Darbhanga,Bihar State Heritage,YES,ID 26 (darbhanga-raj-laxmi-vilas-palace),Already in HiddenYatra as place ID 26.,EXISTING,KEEP EXISTING
Darbhanga,Kusheshwar Asthan Bird Sanctuary & Temple,Kusheshwar Asthan Wetland,nature,Wetland Sanctuary & Shiva Temple,"Kusheshwar Asthan block, 60 km south-east of Darbhanga",25.8125,86.1158,"7,000-acre natural wetland formed by confluence of Kamala, Kareh, and Kosi rivers, hosting thousands of endangered migratory birds (Dalmatian pelicans, bar-headed geese) alongside an ancient Shiva temple.",Major eco-tourism and birdwatching haven declared a wildlife sanctuary by Bihar Government in 1994.,A,Bihar Forest Department & District Administration Darbhanga,Bihar Tourism Eco Circuit,NO,,None,NEW CANDIDATE,CONSIDER FOR ADDITION
Darbhanga,Nargona Palace,Nargona Royal Palace,historical,Art Deco Heritage Palace,Darbhanga city,26.1512,85.8895,"Built in 1934 following the Great Bihar Earthquake, it is India's first earthquake-proof royal residence with incorporated train platform and grand ballrooms.",Unique twentieth-century engineering and royal architectural landmark.,B,District Administration Darbhanga,Mithila Heritage Archives,NO,,None,NEW CANDIDATE,CONSIDER FOR ADDITION
Darbhanga,Shyama Mai Temple,Shyama Kali Mandir,temple,Historic Tantric Goddess Temple,"L.N. Mithila University Campus, Darbhanga",26.1458,85.8985,Revered Kali temple built in 1933 by Maharaja Kameshwar Singh over the funeral pyre (chita) of his father Maharaja Rameshwar Singh; famous for wish-fulfillment and grand Navratri mela.,"Foremost religious destination in Darbhanga town, officially featured on darbhanga.nic.in.",A,District Administration Darbhanga (darbhanga.nic.in/tourist-place/shyama-kali-temple/),Bihar Tourism Cultural records,NO,,None,NEW CANDIDATE,CONSIDER FOR ADDITION
East Champaran,Areraj Someshwar Nath Temple & Ashokan Pillar,Lauriya Areraj Pillar / Someshwar Mandir,historical,Ashokan Pillar & Ancient Shiva Temple / ASI Monument,"Lauriya Areraj, 28 km south-west of Motihari",26.5412,84.7485,"36-foot monolithic polished sandstone Ashokan pillar erected in 249 BCE bearing Emperor Ashoka's Six Pillar Edicts, alongside the revered Someshwar Nath Shiva temple with eternal pond.",ASI Centrally Protected Monument and prominent Shravani pilgrimage centre.,A,"Archaeological Survey of India (ASI Patna Circle, Monument #6)",Bihar Tourism & District Administration,NO,,None,NEW CANDIDATE,CONSIDER FOR ADDITION
East Champaran,"Gandhi Memorial & Sangrahalaya, Motihari",Champaran Satyagraha Memorial,cultural,National Freedom Movement Memorial,Motihari town centre,26.6485,84.9125,"Historical 48-foot stone pillar memorial laid in 1972 by then Congress President Dr. Shankar Dayal Sharma, with an extensive museum documenting Mahatma Gandhi's 1917 Champaran Satyagraha.","Historic birthground of India's civil disobedience movement, official Gandhi Circuit anchor.",A,District Administration East Champaran (eastchamparan.nic.in) & Bihar Tourism Gandhi Circuit,National Gandhi Museum Archives,NO,,None,NEW CANDIDATE,CONSIDER FOR ADDITION
East Champaran,George Orwell Birthplace & Memorial,Eric Arthur Blair Birthplace,historical,Literary Heritage Bungalow,"Old Opium Department compound, Motihari",26.6452,84.9085,"Colonial bungalow where celebrated world author George Orwell (Eric Arthur Blair, author of 1984 and Animal Farm) was born on June 25, 1903; preserved with memorial gallery.",Internationally recognized literary tourism destination drawing global travelers and literature enthusiasts.,A,District Administration East Champaran (eastchamparan.nic.in/tourist-place/george-orwell-monument/),Department of Art and Culture Bihar,NO,,None,NEW CANDIDATE,CONSIDER FOR ADDITION
East Champaran,Kesariya Stupa,Ancient Kesaria Buddhist Stupa,historical,World's Tallest Buddhist Stupa / ASI Monument,"Tajpur Deur, Kesariya block, 40 km from Motihari",26.3290,84.8542,"Colossal 104-foot ancient Buddhist stupa, the tallest in the world, built by the Mauryans and expanded during Gupta and Pala dynasties; site where Buddha delivered his final teachings to the Licchavis.",Global Buddhist pilgrimage destination of national and international significance.,A,"Archaeological Survey of India (ASI Patna Circle, Monument #8)",Bihar Tourism Buddhist Circuit,YES,ID 18 (kesariya-stupa),Already in HiddenYatra as place ID 18.,EXISTING,KEEP EXISTING
East Champaran,Sagar Dih Mound & Stupa,Sagardih Fort,historical,Ancient Stupa & Fortified Mound / ASI Monument,"Sagardih, Raxaul subdivision",26.8541,84.8124,"Ancient brick stupa, defensive ramparts, and large historic tank dating to early centuries of the Common Era.",ASI Centrally Protected Monument of National Importance.,A,"Archaeological Survey of India (ASI Patna Circle, Monument #7)",District Portal East Champaran,NO,,None,NEW CANDIDATE,CONSIDER FOR ADDITION
Gaya,Barabar Caves & Siddheshwar Nath,Barabar Hill Rock Caves,historical,Ancient Rock-Cut Caves / ASI Monument,"Barabar Hills, 24 km north of Gaya (geographically in Jehanabad boundary)",25.0061,85.0621,"Oldest surviving rock-cut caves in India (3rd century BCE Mauryan empire) featuring echo acoustic chambers, high mirror polish, and hill-top Siddheshwar Nath Shiva temple.",World-famous architectural wonder inspired E.M. Forster's A Passage to India.,A,Archaeological Survey of India & Bihar Tourism,State Archaeology,YES,ID 5 (barabar-caves-gaya),Already in HiddenYatra as place ID 5. Note: Hill spans Gaya and Jehanabad district boundary.,EXISTING,KEEP EXISTING
Gaya,Brahmayoni Hill,Brahmayoni Pahar,mountain,Highest Hill Peak & Cave Shrines,Southern edge of Gaya city,24.7700,84.9850,"Highest hill overlooking Gaya (450 stone steps) with ancient natural caves where Buddha delivered the Fire Sermon (Adittapariyaya Sutta) to 1,000 ascetics.","State Protected Monument, panoramic sunset and heritage viewpoint.",A,Bihar State Archaeology & District Administration Gaya,Bihar Tourism,YES,ID 111 (brahmayoni-hill-gaya),Already in HiddenYatra as place ID 111.,EXISTING,KEEP EXISTING
Gaya,Dungeshwari Cave Temples,Mahakala Caves,mountain,Meditation Caves & Hill,"Dungeshwari Hill, 12 km north-east of Bodh Gaya",24.7850,85.0650,"Sacred hill caves where Lord Buddha underwent six years of rigorous penance and fasting before proceeding to Bodh Gaya, featuring golden emaciated Buddha shrine.",Major Buddhist meditation site.,A,Bihar Tourism (tourism.bihar.gov.in) & District Administration Gaya,BTMC,YES,ID 104 (dungeshwari-cave-temples-mahakala-caves-gaya),Already in HiddenYatra as place ID 104.,EXISTING,KEEP EXISTING
Gaya,Gehlaur Ghati - Dashrath Manjhi Smarak,Mountain Man Memorial,tourist_spot,Inspirational Memorial & Valley Pass,"Gehlaur, Atri block, 30 km east of Gaya",24.8720,85.2420,"360-foot pathway carved single-handedly through solid rocky mountain by Dashrath Manjhi ('The Mountain Man') over 22 years (1960-1982), with memorial, stupa, and visitor centre.",World-famous symbol of human willpower and unique inspirational tourism destination.,A,Bihar Tourism (tourism.bihar.gov.in) & District Administration Gaya,Incredible India,YES,ID 112 (gehlaur-ghati-dashrath-manjhi-smarak-gaya),Already in HiddenYatra as place ID 112.,EXISTING,KEEP EXISTING
Gaya,"Great Buddha Statue, Bodh Gaya",Daibutsu 80-Foot Buddha,tourist_spot,Colossal Statue & Garden,"Bodh Gaya, 1 km west of Mahabodhi Temple",24.6975,84.9878,"Majestic 80-foot high seated Buddha statue in dhyana mudra carved from red granite and sandstone blocks, consecrated by the 14th Dalai Lama in 1989.",Major visual landmark of Bodh Gaya pilgrimage landscape.,A,Daijokyo Buddhist Temple & Bihar Tourism,District Administration Gaya,YES,ID 7 (great-buddha-statue-bodh-gaya),Already in HiddenYatra as place ID 7.,EXISTING,KEEP EXISTING
Gaya,Kauwadol Hill & Colossal Buddha Statue,Kauwadol Peak,historical,Archaeological Hill & Colossal Rock Sculpture / ASI,"Kurisarai, near Kurkihar, Gaya",24.9745,85.0412,"8-foot monolithic stone statue of Buddha in bhumisparsha mudra dating to the Pala period, flanked by dozens of Hindu rock carvings on Kauwadol hill.",ASI Centrally Protected Monument of National Importance.,A,"Archaeological Survey of India (ASI Patna Circle, Monument #14-#18)",District Administration Gaya,NO,,None,NEW CANDIDATE,CONSIDER FOR ADDITION
Gaya,Koncheswar Mahadev Temple,Konch Shiva Temple,historical,Ancient Brick Temple / ASI Monument,"Konch, 28 km west of Gaya",24.9312,84.7812,"Rare 8th-century curvilinear brick temple dedicated to Lord Shiva, showing transitional Gupta-Pala architectural mastery.",ASI Centrally Protected Monument of National Importance.,A,"Archaeological Survey of India (ASI Patna Circle, Monument #13)",State Archaeology,NO,,None,NEW CANDIDATE,CONSIDER FOR ADDITION
Gaya,Kurkihar Archaeological Site,Ancient Kukkutapadagiri,historical,Ancient Buddhist Monastery Mound,"Kurkihar village, 22 km east of Gaya",24.8152,85.2512,Famous site of the discovery of 226 exquisite Pala bronzes (now in Patna Museum); ancient Buddhist monastery mound described by Chinese pilgrim Xuanzang.,ASI Centrally Protected Monument.,A,"Archaeological Survey of India (ASI Patna Circle, Monument #19)",Patna Museum Archives,NO,,None,NEW CANDIDATE,CONSIDER FOR ADDITION
Gaya,Mahabodhi Temple Complex & Bodhi Tree,Mahabodhi Mahavihara,historical,UNESCO World Heritage Site,"Bodh Gaya, Gaya district",24.6959,84.9914,"Paramount UNESCO World Heritage Site marking the precise spot where Siddhartha Gautama attained Supreme Enlightenment (Bodhi) beneath the sacred Bodhi Tree in 588 BCE, with 55m grand temple.",Most sacred Buddhist pilgrimage destination in the world.,A,UNESCO World Heritage Centre & Bodhgaya Temple Management Committee (BTMC),Archaeological Survey of India & Bihar Tourism,NO,,None,NEW CANDIDATE,CONSIDER FOR ADDITION
Gaya,Pretshila Hill & Ram Kund,Pretshila Pahar,mountain,Sacred Hill & Pind Daan Shrine,8 km north-west of Gaya city,24.8150,84.9820,Sacred hill rising 873 feet above ground with Ahilyabai Holkar's Yama temple on the summit and sacred Ram Kund pond at the base for ancestral peace rituals.,State Protected Monument and key Pitrapaksha pilgrimage destination.,A,Bihar State Archaeology & District Administration Gaya,Bihar Tourism,YES,ID 105 (pretshila-hill-ram-kund-gaya),Already in HiddenYatra as place ID 105.,EXISTING,KEEP EXISTING
Gaya,Sujata Stupa & Kuti,Bakraur Stupa,historical,Ancient Brick Stupa / ASI Monument,"Bakraur, across Niranjana (Phalgu) River, Bodh Gaya",24.6925,85.0028,Ancient 8th-century brick stupa commemorating the milk-rice (kheer) offering by maiden Sujata that ended Gautama's severe ascetism prior to enlightenment.,ASI Centrally Protected Monument on the international Buddhist circuit.,A,"Archaeological Survey of India (ASI Patna Circle, Monument #9)",Bodhgaya Temple Management Committee,NO,,None,NEW CANDIDATE,CONSIDER FOR ADDITION
Gaya,Vishnupad Temple Gaya,Vishnupada Mandir,temple,Historic Pilgrimage Temple / State Protected,"Chandrachur Ghat, Falgu River, Gaya",24.7492,84.9865,"Venerated Hindu temple rebuilt in 1787 by Maharani Ahilyabai Holkar of Indore, housing the 40 cm footmark of Lord Vishnu in solid basalt, and the immortal Akshaya Vat tree.","Core centre of Pind Daan rituals for ancestors, attracting millions during the annual Pitrapaksha Mela.",A,Bihar State Archaeology & District Administration Gaya,Bihar Tourism Spiritual Circuit,YES,ID 6 (vishnupad-temple-gaya),Already in HiddenYatra as place ID 6.,EXISTING,KEEP EXISTING
Gopalganj,Dighwa Dubauli Archaeological Mounds,Dighwa Dubauli Pyramids,historical,Ancient Pyramidal Mounds,"Dighwa Dubauli, Barauli block",26.2815,84.7215,"Two ancient earth and brick mounds, 35 to 40 feet high, surveyed by Alexander Cunningham in 1871, showing early structural remains.",Official historical tourist attraction on gopalganj.nic.in.,A,District Administration Gopalganj (gopalganj.nic.in/tourist-place/dighwa-dubauli/),ASI Cunningham Survey Reports,NO,,None,NEW CANDIDATE,CONSIDER FOR ADDITION
Gopalganj,Husepur Fort Ruins,Husepur Qila,historical,Historical Fort of Kalyanpur Raj,"Husepur, 22 km from Gopalganj",26.5412,84.2815,"Ruined seat of the historic kings of Kalyanpur (Husepur Raj), who fiercely fought against the British East India Company under Raja Fateh Bahadur Shahi.",Prominent regional history and revolt landmark.,B,District Administration Gopalganj (gopalganj.nic.in),District Gazetteer Saran/Gopalganj,NO,,None,NEW CANDIDATE,CONSIDER FOR ADDITION
Gopalganj,Lakri Dargah,Shah Arzan Dargah,cultural,Historic Sufi Shrine & 40-Day Urs,Barhariya / Gopalganj border,26.3125,84.4512,16th-century Sufi shrine containing the tomb of Hazrat Shah Arzan with an intricately carved sandalwood tomb gate gifted by Mughal Emperor Akbar; venue of month-long fair.,Significant Sufi pilgrimage site officially documented on gopalganj.nic.in.,A,District Administration Gopalganj (gopalganj.nic.in/tourist-place/lakri-dargah/),Bihar Tourism Sufi records,NO,,None,NEW CANDIDATE,CONSIDER FOR ADDITION
Gopalganj,"Shri Pitambara Peeth, Baglamukhi Mandir",Bagalamukhi Mandir Gopalganj,temple,Tantric Shakti Shrine,Gopalganj town,26.4712,84.4385,"Prominent temple dedicated to Goddess Bagalamukhi with marble sanctum, attracting spiritual seekers for special rituals.",Documented place of worship on official portal.,B,District Administration Gopalganj (gopalganj.nic.in),Local religious directories,NO,,None,NEW CANDIDATE,CONSIDER FOR ADDITION
Gopalganj,Thawe Mandir,Thawe Wali Mata / Rahshu Bhagat Dham,temple,Shaktipeeth Temple & Forest Grove,"Thawe, 6 km from Gopalganj town",26.4385,84.3912,"Famous 14th-century Shakti shrine dedicated to Goddess Durga (Thawe Bhawani), with an ancient four-branched tree connected to devotee Rahshu Bhagat; venue of massive Chaitra Mela.","Foremost pilgrimage and cultural landmark of Gopalganj district, state-level tourism destination.",A,Bihar Tourism (tourism.bihar.gov.in) & District Administration Gopalganj,Bihar State Religious Trust Board,NO,,None,NEW CANDIDATE,CONSIDER FOR ADDITION
Jamui,Giddheswar Temple,Giddheshwar Dham,temple,Hilltop Shiva Temple,"Gidhaur hills, Jamui",24.8350,86.2200,Ancient Shiva temple situated amidst the scenic hills of Giddheswar where the mythological bird Jatayu is believed to have fought Ravana.,Major regional pilgrimage site.,A,District Administration Jamui & Bihar Tourism,State Religious Trust,YES,ID 57 (giddheswar-temple-jamui),Already in HiddenYatra as place ID 57.,EXISTING,KEEP EXISTING
Jamui,Lachhuar Jain Temple & Kundagram,Lachhuar Digambar Jain Tirth,temple,Jain Pilgrimage & Mahavira Birthplace,"Lachhuar, Sikandra block, 20 km west of Jamui",24.9145,86.0144,Venerated Jain pilgrimage centre with grand Dharamshala and temples; nearby Kshatriya Kund is revered by the Shvetambara tradition as the birthplace of Lord Mahavira.,National-level pilgrimage stop on the official Jain Circuit.,A,Bihar Tourism Jain Circuit & District Administration Jamui,All India Digambar Jain Mahasabha,YES,ID 63 (lachhuar-jain-temple-jamui),Already in HiddenYatra as place ID 63.,EXISTING,KEEP EXISTING
Jamui,"Minto Tower, Gidhaur",Gidhaur Minto Memorial,historical,Colonial Architectural Tower,"Gidhaur, Jamui",24.8579,86.3004,Grand four-faced clock tower erected in 1909 by Maharaja Rameshwar Prasad Singh of Gidhaur to commemorate the visit of British Viceroy Lord Minto.,Unique architectural monument in rural Bihar.,A,District Administration Jamui & Bihar Tourism,State Heritage Archives,YES,ID 61 (minto-tower-gidhaur-jamui),Already in HiddenYatra as place ID 61.,EXISTING,KEEP EXISTING
Jamui,Nagi Dam Bird Sanctuary,Nagi Dam Wetland,nature,Ramsar Wetland & Bird Sanctuary,"Jhajha block, adjacent to Nakti Dam, Jamui",24.8215,86.4685,"Sister wetland to Nakti Dam, declared a Ramsar Wetland of International Importance in 2024, hosting over 1.6% of the biogeographic population of Bar-headed goose.",National-level conservation and eco-tourism landmark.,A,"Ramsar Secretariat & Ministry of Environment, Forest and Climate Change",Bihar Tourism (tourism.bihar.gov.in),NO,,None,NEW CANDIDATE,CONSIDER FOR ADDITION
Jamui,Nakti Dam Bird Sanctuary,Nakti Dam Reservoir,nature,Ramsar Wetland & Bird Sanctuary,"Jhajha block, Jamui",24.8450,86.4850,"Designated Ramsar Wetland of International Importance covering 333 hectares; winter refuge for over 20,000 birds including rare Bar-headed Geese.",Premier avian eco-tourism destination in south-eastern Bihar.,A,Ramsar Convention & Bihar Forest Department,Bihar Tourism Eco Circuit,YES,ID 67 (nakti-dam-bird-sanctuary-jamui),Already in HiddenYatra as place ID 67.,EXISTING,KEEP EXISTING
Jamui,Simultala Hill Station,Simultala Colonial Retreat,mountain,Hill Station & Health Resort,"Simultala, southern Jamui",24.7136,86.5422,"Renowned tranquil hill station developed during the British era as a health resort with mild dry climate, colonial bungalows, Latu Pahar hill, and Haldi Jharna waterfall.","The only hill station in Bihar alongside Valmikinagar, celebrated destination for retreat tourism.",A,Bihar Tourism (tourism.bihar.gov.in) & District Administration Jamui,Eastern Railway Heritage Records,YES,ID 59 (simultala-hill-station-jamui),Already in HiddenYatra as place ID 59.,EXISTING,KEEP EXISTING
Jehanabad,Baba Siddheshwarnath Temple,Siddheshwar Nath Mandir,temple,Ancient Hilltop Shiva Temple,"Highest peak of Barabar Hills, Makhdumpur",25.0085,85.0635,Ancient Shiva shrine perched atop the highest peak of the Barabar hill range with ancient stone Nandi and panoramic views of the plains; venue of huge Anant Chaturdashi and Shravani mela.,"Foremost pilgrimage shrine in Jehanabad district, officially featured on jehanabad.nic.in.",A,District Administration Jehanabad (jehanabad.nic.in/tourist-place/barabar/),Bihar Tourism Religious Records,NO,,None,NEW CANDIDATE,CONSIDER FOR ADDITION
Jehanabad,Barabar Caves Complex,Barabar Hill Mauryan Rock Caves,historical,Ancient Rock-Cut Caves / ASI Monument,"Barabar Hills, Makhdumpur block, Jehanabad",25.0061,85.0621,"Four world-famous rock-cut caves (Lomas Rishi, Sudama, Karan Chaupar, Visva Zopri) carved during the reign of Emperor Ashoka in 3rd century BCE for Ajivika ascetics, exhibiting mirror-like glass polish.",ASI Centrally Protected Monument of supreme national and architectural importance.,A,"Archaeological Survey of India (ASI Patna Circle, Monument #20, #21, #23, #24)",Bihar Tourism (tourism.bihar.gov.in),YES,ID 5 (barabar-caves-gaya),"DISTRICT RECTIFICATION REQUIRED: Currently assigned to Gaya district in HiddenYatra (ID 5), but the Barabar Hills and archaeological monument are administratively located in Makhdumpur block of Jehanabad district.",DUPLICATE,MANUAL REVIEW
Jehanabad,Ghejan Buddhist Archaeological Site,Ghejan Buddha Mandir,historical,Buddhist Archaeological Site / ASI Monument,"Ghejan village, Jehanabad",25.0412,84.9512,"Site housing ancient Buddhist images, colossal stone sculptures, and terracotta remains protected under an official ASI shed.",ASI Centrally Protected Monument of National Importance.,A,"Archaeological Survey of India (ASI Patna Circle, Monument #27)",State Heritage Records,NO,,None,NEW CANDIDATE,CONSIDER FOR ADDITION
Jehanabad,Hazrat Bibi Kamal Ka Maqbara,"Bibi Kamal Dargah, Kako",cultural,Sufi Mausoleum / First Woman Saint,"Kako, 10 km east of Jehanabad town",25.1852,85.0412,"Mausoleum of Hazrat Bibi Kamal (13th century), revered as the first woman Sufi saint of Bihar, aunt of Hazrat Makhdum Sharfuddin Yahiya Maneri, visited by devotees of all faiths for healing.",Significant historical Sufi shrine documented on official portal.,A,District Administration Jehanabad (jehanabad.nic.in/tourist-place/hazrat-bibi-kamal-ka-makbara/),Bihar Tourism Sufi records,NO,,None,NEW CANDIDATE,CONSIDER FOR ADDITION
Jehanabad,Nagarjuni Caves,Nagarjuni Hill Caves,historical,Mauryan Inscribed Caves / ASI Monument,"Nagarjuni Hills, 1.5 km north-east of Barabar, Jehanabad",25.0125,85.0785,"Three ancient rock-cut caves (Gopika, Vadathika, Vapiyaka) excavated in 214 BCE by Ashoka's grandson Emperor Dasaratha, bearing Brahmi inscriptions dedicating them to Ajivikas.",ASI Centrally Protected Monuments of National Importance.,A,"Archaeological Survey of India (ASI Patna Circle, Monument #22, #25, #26)",District Administration Jehanabad,NO,,None,NEW CANDIDATE,CONSIDER FOR ADDITION
Kaimur,"Baidyanath Temple, Kaimur",Baidyanath Shiva Mandir,historical,Pala-Era Stone Temple / ASI Monument,"Baidyanath village, Ramgarh",25.2815,83.7125,"Ancient stone temple dedicated to Lord Shiva, constructed during the Pala empire with intricately carved door jambs, amalaka shikhara, and loose sculptures.",ASI Centrally Protected Monument and district tourist site.,A,District Administration Kaimur (kaimur.nic.in/tourist-place/baidyanath/) & ASI,State Archaeology,NO,,None,NEW CANDIDATE,CONSIDER FOR ADDITION
Kaimur,Kaimur Wildlife Sanctuary & Adhaura Hills,Adhaura Plateau,nature,Wildlife Sanctuary & Prehistoric Rock Art,"Kaimur Plateau, Adhaura block",24.8125,83.6125,"Largest wildlife sanctuary in Bihar (1,342 sq km), home to leopards, sloth bears, chital, four-horned antelopes, with dozens of prehistoric rock painting sites and tribal culture.",Proposed second Tiger Reserve of Bihar and flagship eco-tourism region.,A,Bihar Forest Department & National Tiger Conservation Authority (NTCA),Bihar Tourism Eco Circuit,NO,,None,NEW CANDIDATE,CONSIDER FOR ADDITION
Kaimur,Karkatgarh Waterfall & Eco Park,Karkatgarh Dam & Falls,waterfall,Waterfall & Crocodile Eco-Reserve,"Chainpur block, on Karamnasa River",25.0812,83.5124,"Magnificent wide cascading waterfall on Karamnasa river with modern 100-meter suspension suspension bridge, rock-cut viewpoints, and India's first natural crocodile conservation centre.","Top eco-tourism and adventure landscape in Bihar, praised by Mughal Emperor Jahangir in Tuzuk-i-Jahangiri.",A,"Bihar Tourism (tourism.bihar.gov.in) & Department of Environment, Forest and Climate Change",District Administration Kaimur,NO,,None,NEW CANDIDATE,CONSIDER FOR ADDITION
Kaimur,Maa Mundeshwari Temple,Mundeshwari Devi Mandir,temple,Oldest Functional Temple in India / ASI Monument,"Ramgarh Hill, Bhagwanpur, 14 km from Bhabhua",25.0612,83.7632,"Octagonal stone temple atop a 600-foot hill, confirmed by ASI and epigraphical inscriptions as dating to 108 CE (Saka era), making it the oldest continuously functional Hindu temple in India, famous for non-violent animal sacrifice ritual (Ahimsa Bali).",World-famous national heritage monument and prime spiritual destination of western Bihar.,A,"Archaeological Survey of India (ASI Patna Circle, Monument #31) & Bihar Tourism",Incredible India,YES,ID 24 (mundeshwari-temple),Already in HiddenYatra as place ID 24.,EXISTING,KEEP EXISTING
Kaimur,Telhar Kund Waterfall,Telhar Kund,waterfall,High-Volume Plunge Waterfall,"Bhabhua-Adhaura Road, Kaimur hills",24.9654,83.6124,"Spectacular 80-meter vertical waterfall plunging into a deep natural pool amidst dense sal forests on the Kaimur Plateau, with newly built safety railings and viewing platforms.","Premier waterfall destination in Bihar, promoted prominently on Bihar Tourism Eco Circuit.",A,Bihar Tourism (tourism.bihar.gov.in) & District Administration Kaimur (kaimur.nic.in),Bihar Forest Department,NO,,None,NEW CANDIDATE,CONSIDER FOR ADDITION
Kaimur,Tomb of Bakhtiyar Khan,Bakhtiyar Khan Maqbara,historical,Imperial Suri-Era Mausoleum / ASI Monument,"Malik Sarai, Chainpur, 11 km from Bhabhua",25.0354,83.5412,"Magnificent octagonal sandstone mausoleum built inside a grand walled enclosure with corner bastions and stepped tanks, reflecting classical Afghan-Suri architecture.",ASI Centrally Protected Monument of National Importance.,A,"Archaeological Survey of India (ASI Patna Circle, Monument #30)",District Administration Kaimur,NO,,None,NEW CANDIDATE,CONSIDER FOR ADDITION
Katihar,Gogabil Lake Bird Sanctuary,Goga Beel Community Reserve,nature,First Community Reserve & Oxbow Lake,"Amdabad block, 26 km south of Katihar",25.3412,87.6512,"Bihar's first official Community Reserve, an extensive 218-acre oxbow lake formed by the abandoned channels of Ganga and Mahananda rivers, winter home to over 90 species of migratory birds (including Eurasian wigeons and migratory ducks).",Nationally recognized biodiversity hotspot and prime avian tourism sanctuary in eastern Bihar.,A,Ministry of Environment & Forests & Bihar Forest Department,Bihar Tourism (tourism.bihar.gov.in),NO,,None,NEW CANDIDATE,CONSIDER FOR ADDITION
Katihar,Gorakhnath Temple,Baba Gorakhnath Dham,temple,Historic Pilgrimage Temple,"Gorakhnath, 15 km from Katihar",25.5612,87.5812,Ancient temple complex dedicated to Lord Shiva and Nath sect master Gorakhnath with a sacred pond where large crowds gather during Mahashivratri.,Key religious site officially promoted by District Administration Katihar.,A,District Administration Katihar (katihar.nic.in/tourism/),Local cultural archives,NO,,None,NEW CANDIDATE,CONSIDER FOR ADDITION
Katihar,Guru Tegh Bahadur Historic Gurdwara,Gurdwara Sri Guru Tegh Bahadur Ji,cultural,Sikh Circuit Heritage Gurdwara,"Laxmipur, Barari block, Katihar",25.4125,87.4812,"Historic 17th-century gurdwara sanctified by the personal visit of the Ninth Sikh Guru, Guru Tegh Bahadur, in 1670 CE; preserves historical hand-written Hukamnamas and sacred relic cot.",Important pilgrimage shrine on the official Bihar Sikh Circuit.,A,Bihar Tourism Sikh Circuit (tourism.bihar.gov.in) & District Administration Katihar,Takht Sri Patna Sahib Prabandhak Committee,NO,,None,NEW CANDIDATE,CONSIDER FOR ADDITION
Katihar,Manihari Ganga Ghat & Baghar Beel,Manihari Sangam Ghat,cultural,Sacred Ganga Ghat & Cultural Site,"Manihari, southern Katihar",25.3385,87.6125,"Historic Ganga riverfront town where Swami Vivekananda halted, and where river ferry links Bihar to Jharkhand; mythological association with Lord Krishna losing his jewel (Mani).",Scenic riverfront tourism and religious bathing destination.,B,District Administration Katihar (katihar.nic.in),Regional heritage records,NO,,None,NEW CANDIDATE,CONSIDER FOR ADDITION
Khagaria,Agnihotri Temple,Agnihotri Sthan Gaukhara,temple,Vedic Fire Sacrifice Heritage Temple,"Gaukhara village, Khagaria",25.4812,86.4215,Rare heritage temple where an unbroken sacred Vedic fire (Akhand Agnihotra) has been maintained continuously for over a century by generations of Agnihotri priests.,Unique cultural and Vedic ritual heritage site in eastern Bihar.,B,District Administration Khagaria (khagaria.nic.in),Local cultural records,NO,,None,NEW CANDIDATE,CONSIDER FOR ADDITION
Khagaria,Katyayani Asthan,"Maa Katyayani Mandir, Dhamhara Ghat",temple,Historic River Confluence Shakti Shrine,"Dhamhara Ghat / Mansi block, 12 km from Khagaria",25.5412,86.5812,"Revered ancient temple dedicated to Goddess Katyayani (sixth form of Navadurga) situated at the confluence of Kosi and Bagmati rivers, drawing millions of pilgrims from Kosi and Mithila regions.","Foremost cultural and religious destination in Khagaria district, officially documented on khagaria.nic.in.",A,District Administration Khagaria (khagaria.nic.in/tourist-place/katyayani-asthan/),Bihar Tourism Pilgrimage Records,NO,,None,NEW CANDIDATE,CONSIDER FOR ADDITION
Khagaria,Kosi-Bagmati-Gandak Riverfront,Khagaria Sangam Viewpoint,nature,River Confluence Landscape,Khagaria river basin,25.5124,86.4812,"Spectacular water landscape where the energetic Kosi and Bagmati rivers meet before joining the Ganga, famous for flood ecology and sunset viewpoints.",Scenic river geography landmark.,C,District Gazetteer Khagaria,River basin research,NO,,None,NEW CANDIDATE,CONSIDER FOR ADDITION
Kishanganj,"Kanhaiya Ji Mandir, Bandarjhula",Bandarjhula Ancient Krishna Temple,historical,Ancient Temple / ASI Monument,"Bandarjhula, Dighalbank block, on Indo-Nepal border",26.3812,87.9125,Ancient Krishna temple on the Mechi riverbank where ancient black stone sculptures and Mauryan-era artifacts were excavated.,ASI Centrally Protected Monument of National Importance in Bihar.,A,"Archaeological Survey of India (ASI Patna Circle, Monument #32)",District Administration Kishanganj,NO,,None,NEW CANDIDATE,CONSIDER FOR ADDITION
Kishanganj,Khagra Mela Ground & Nawab Palace,Khagra Historical Grounds,cultural,Heritage Fairground & Estate Palace,Kishanganj town centre,26.1045,87.9412,"Historic estate palace of the Nawabs of Khagra and site of the annual Khagra Mela, established in 1883, historically the second largest cattle and trade fair in the subcontinent.","Primary cultural identity landmark of Kishanganj, documented on kishanganj.nic.in.",A,District Administration Kishanganj (kishanganj.nic.in/culture-heritage/),State Tourism Mela Directory,NO,,None,NEW CANDIDATE,CONSIDER FOR ADDITION
Kishanganj,Kishanganj Tea Gardens,Pothia & Thakurganj Tea Estates,nature,Agritourism / Tea Plantations,"Pothia and Thakurganj blocks, Kishanganj",26.2415,88.0812,"Over 15,000 acres of lush undulating green tea plantations situated in the foothills of the Himalayas bordering West Bengal and Nepal; Bihar's only tea producing district.",Fast-growing agritourism and scenic nature destination promoted by Bihar Department of Agriculture and Tourism.,A,Bihar Tourism (tourism.bihar.gov.in) & District Administration Kishanganj,Tea Board of India,NO,,None,NEW CANDIDATE,CONSIDER FOR ADDITION
Kishanganj,Mahananda Riverfront Promenade,Mahananda Ghat,nature,Riverfront Promenade,6 km from Kishanganj bus stand,26.0854,87.9215,"Picturesque riverfront with walking promenade along the fast-flowing Mahananda river, ideal for morning walks and bird watching.",Highlighted local visitor spot on kishanganj.nic.in.,A,District Administration Kishanganj (kishanganj.nic.in/tourist-place/mahananda-river/),Local municipal records,NO,,None,NEW CANDIDATE,CONSIDER FOR ADDITION
Lakhisarai,Ashok Dham Temple,Indradyumneshwar Mahadev Dham,temple,Massive Modern Temple Complex & Giant Lingam,"Chowki, Lakhisarai, 5 km from town",25.1785,86.0612,"Massive grand temple complex housing a gigantic monolithic black granite Shiva Lingam discovered during earth excavation on April 7, 1977 by boys Ashok and Gajanand; consecrated by Shankaracharya.","Foremost pilgrimage landmark of Lakhisarai, drawing millions during Shravani Mela.",A,District Administration Lakhisarai (lakhisarai.nic.in/tourist-place/ashok-dham-temple/) & Bihar Tourism,State Religious Trust Board,NO,,None,NEW CANDIDATE,CONSIDER FOR ADDITION
Lakhisarai,Barahiya Maharani Sthan,"Maa Tripurasundari Mandir, Barahiya",temple,Shakti Temple & Cultural Mela,"Barahiya, on NH-80, Lakhisarai",25.2915,86.0125,"Celebrated regional temple of Goddess Jagdamba (Maharani Sthan) established over 500 years ago, famous for community faith and massive Chhath congregations.",Key cultural pilgrimage destination in North-East Magadh.,A,District Administration Lakhisarai,Local cultural archives,NO,,None,NEW CANDIDATE,CONSIDER FOR ADDITION
Lakhisarai,Lali Pahadi Archaeological Site,Lali Pahadi Buddhist Monastery,historical,Excavated Buddhist Monastery / State Protected,"Jainagar, Lakhisarai",25.1812,86.0954,"Recently excavated 8th-century hilltop Buddhist nun's monastery (Krimila City) by Visva-Bharati and Bihar Heritage Society, yielding ornate structural cells, inscriptions, and stucco carvings.","One of seven protected archaeological sites in the district, inaugurated as an open-air archaeological park.",A,Bihar State Archaeology Directorate & District Administration (lakhisarai.nic.in),Archaeological Survey of India,NO,,None,NEW CANDIDATE,CONSIDER FOR ADDITION
Lakhisarai,Rajauna Buddhist Archaeological Mound,Ancient Krimila / Balgudar,historical,Archaeological Site & Ancient Sculptures,"Rajauna village, near Lakhisarai town",25.1912,86.0712,"Site of the ancient administrative and religious centre of Krimila Vishaya mentioned in Pala inscriptions and accounts of Chinese pilgrim Xuanzang, with Ashokan pillars and mounds.",Protected archaeological site of national historical significance.,B,District Administration Lakhisarai,ASI Archaeological Reports,NO,,None,NEW CANDIDATE,CONSIDER FOR ADDITION
Lakhisarai,Shringirishi Dham,Shringi Rishi Cave & Spring,nature,"Waterfall Spring, Cave & Ramayana Heritage","Kajra hills, Chanan block, 20 km from Lakhisarai",25.0912,86.2154,"Picturesque natural perennial water spring, deep forested gorge, and ancient cave associated with Sage Rishyashringa (who officiated King Dasharatha's Putrakameshti Yajna in Ramayana).",Major eco-tourism and pilgrimage spot featured on lakhisarai.nic.in.,A,District Administration Lakhisarai (lakhisarai.nic.in) & Bihar Tourism Ramayana Circuit,Forest Department Bihar,NO,,None,NEW CANDIDATE,CONSIDER FOR ADDITION
Madhepura,Baba Vishu Raut Temple,Pachrasi Dham,cultural,Folk Deity Shrine & 52-Bigha Mela,"Pachrasi village, Puraini block, Madhepura",25.8415,86.9812,"Revered folk shrine of pastoral hero Baba Vishu Raut, who protected cattle herds; site of a unique annual festival where thousands of quintals of fresh milk are offered by local dairy farmers.","Unique living folk cultural heritage and pastoral festival in Bihar, officially recognized on madhepura.nic.in.",A,District Administration Madhepura (madhepura.nic.in/tourist-place/baba-vish-raut-temple/),Department of Art & Culture Bihar,NO,,None,NEW CANDIDATE,CONSIDER FOR ADDITION
Madhepura,Dakini Sthan,Maa Dakini Mandir,temple,Ancient Shakti Shrine,"Alamnagar block, Madhepura",25.6812,86.9124,"Ancient temple dedicated to Goddess Kali/Dakini, surrounded by natural ponds and associated with regional tantric lore.",Highlighted place of interest on district government portal.,B,District Administration Madhepura (madhepura.nic.in),Regional pilgrimage records,NO,,None,NEW CANDIDATE,CONSIDER FOR ADDITION
Madhepura,Singheshwar Sthan Temple,Singheshwar Dham,temple,Ancient Shiva Temple & Historic Mela,"Singheshwar, 8 km north of Madhepura town",26.0125,86.8124,Ancient Shiva temple mentioned in Varaha Purana as the place where Sage Rishyashringa meditated; houses a sacred self-manifested lingam and host to one of Bihar's largest month-long Mahashivratri Melas.,"Foremost cultural and religious destination in Kosi division, state-level pilgrimage landmark.",A,Bihar Tourism (tourism.bihar.gov.in) & District Administration Madhepura (madhepura.nic.in),Bihar State Religious Trust Board,NO,,None,NEW CANDIDATE,CONSIDER FOR ADDITION
Madhubani,Bhawanipur Ugna Shiva Mandir,Ugna Mahadev Mandir,temple,Literary & Mythological Heritage Temple,"Bhawanipur village, Madhubani",26.3125,86.1512,"Sacred temple commemorating the legend of Mahakavi Vidyapati, where Lord Shiva worked as a servant named Ugna to serve his devotee poet until revealed at this site.",Celebrated Mithila cultural and poetic heritage site.,A,District Administration Madhubani,Mithila Sanskritik Parishad,NO,,None,NEW CANDIDATE,CONSIDER FOR ADDITION
Madhubani,Kapileshwar Sthan,Kapileshwar Nath Temple,temple,Ancient Shiva Pilgrimage,"Rahika block, 9 km from Madhubani",26.4312,86.0485,"Ancient Shiva temple said to have been consecrated by Vedic philosopher Sage Kapila (founder of Samkhya philosophy), drawing massive congregations during Shravan and Shivratri.",Prime religious shrine in Madhubani district.,A,District Administration Madhubani (madhubani.nic.in/tourist-place/kapileshwar-temple/),State Religious Trust,NO,,None,NEW CANDIDATE,CONSIDER FOR ADDITION
Madhubani,Madhubani Art Village (Jitwarpur),Jitwarpur Painting Village,cultural,Artisan Village / GI Craft Centre,"Jitwarpur, 4 km from Madhubani town",26.3563,86.0715,"World-renowned epicentre of GI-tagged Mithila (Madhubani) painting, home to multiple Padma Shri and National Award-winning artists (Jagdamba Devi, Sita Devi, Baua Devi) where every village home is an art canvas.",Global cultural and folk art tourism destination recognized by UNESCO and Ministry of Textiles.,A,Ministry of Textiles / GI Registry of India,Bihar Tourism (tourism.bihar.gov.in),YES,ID 13 (madhubani-art-village-jitwarpur),Already in HiddenYatra as place ID 13 (catalogued as Jhanjharpur (Madhubani)).,EXISTING,KEEP EXISTING
Madhubani,Raja Bali Ka Garh,Balirajgarh Ancient Fort,historical,Ancient Fortified City / ASI Monument,"Babubarhi block, Madhubani",26.4815,86.2912,Massive fortified ancient settlement mound spread over 175 acres with defensive brick ramparts dating to Northern Black Polished Ware (NBPW) and Sunga-Kushan periods (2nd century BCE).,ASI Centrally Protected Monument of National Importance in Bihar.,A,"Archaeological Survey of India (ASI Patna Circle, Monument #33)",District Administration Madhubani,NO,,None,NEW CANDIDATE,CONSIDER FOR ADDITION
Madhubani,Rajnagar Palace Complex,Nagar Fort / Navlakha Palace Rajnagar,historical,Royal Palace Ruins & Marble Architecture,"Rajnagar, 14 km north of Madhubani",26.3912,86.1485,"Monumental ruins of the royal complex built by Maharaja Rameshwar Singh in late 19th century, featuring the Navlakha Palace, Girija Temple, Kamakhya Temple, and stunning white marble carvings.","Foremost architectural heritage wonder of Mithila, featured on Bihar Tourism heritage circuit.",A,Bihar Tourism (tourism.bihar.gov.in) & District Administration Madhubani,Mithila Heritage Trust,NO,,None,NEW CANDIDATE,CONSIDER FOR ADDITION
Madhubani,Ranti Art Village,Ranti Mithila Painting Cluster,cultural,Artisan Village / GI Craft,"Ranti, adjacent to Madhubani town",26.3685,86.0824,"Sister artisan village to Jitwarpur, internationally acclaimed for Godna and Bharni style Madhubani paintings; home of Padma Shri Mahasundari Devi and Godavari Dutta.",Globally recognized women-led traditional craft cluster.,A,Ministry of Textiles / Bihar Tourism,Craft Council of India,NO,,None,NEW CANDIDATE,CONSIDER FOR ADDITION
Madhubani,Saurath Sabha Gachhi,Saurath Matrimonial Assembly Grove,cultural,Living Anthropological Heritage Site,"Saurath village, 6 km from Madhubani",26.4125,86.0954,Historic 22-acre mango grove where thousands of Maithil Brahmins have gathered every summer for seven centuries with traditional genealogists (Panjikars) to arrange marriages based on palm-leaf records.,"Rare living anthropological and cultural heritage tradition in India, documented on madhubani.nic.in.",A,District Administration Madhubani (madhubani.nic.in) & Sahitya Akademi,"Department of Art, Culture and Youth Bihar",NO,,None,NEW CANDIDATE,CONSIDER FOR ADDITION
Madhubani,Uchaith Bhagwati Mandir,Uchitha Durga Temple,temple,Goddess Temple & Kalidasa Legend,"Benipatti block, Madhubani",26.4812,85.9124,"Historic temple of Goddess Durga on the bank of river Thumne, where classical poet Mahakavi Kalidasa is traditionally believed to have attained wisdom by offering his tongue to the Mother.",Prominent cultural and literary pilgrimage site in North Bihar.,A,District Administration Madhubani (madhubani.nic.in/tourist-place/uchaith-durga-mandir/),Bihar Tourism Cultural records,NO,,None,NEW CANDIDATE,CONSIDER FOR ADDITION
Munger,Bhimbandh Hot Springs & Wildlife Sanctuary,Bhimbandh Sanctuary,nature,Thermal Springs & Wildlife Sanctuary,"Kharagpur hills, 56 km south-west of Munger",24.9667,86.4833,"681 sq km wildlife sanctuary nestled in the Kharagpur hills with natural hot thermal springs (52°C to 65°C), pristine sal and bamboo forests, leopards, sambar, and endemic avifauna.",Premier eco-tourism and natural hot spring destination in eastern Bihar.,A,"Department of Environment, Forest and Climate Change & Bihar Tourism",Incredible India,YES,ID 21 (bhimbandh-hot-springs),Already in HiddenYatra as place ID 21.,EXISTING,KEEP EXISTING
Munger,Bihar School of Yoga / Ganga Darshan,Ganga Darshan Ashram,cultural,World's First Yoga University,"Ganga Darshan, Fort area, Munger",25.3812,86.4685,Internationally renowned centre of yogic science founded by Swami Satyananda Saraswati in 1963; world's first yoga university attracting seekers from over 100 countries.,Global spiritual and wellness tourism landmark on the banks of Ganga.,A,Bihar Tourism (tourism.bihar.gov.in) & District Administration Munger,Ministry of AYUSH,NO,,None,NEW CANDIDATE,CONSIDER FOR ADDITION
Munger,Chandika Sthan,Chandi Mandir Munger,temple,51 Shaktipeeth Temple,1 km east of Munger Fort,25.3785,86.4854,One of the 51 Shaktipeeths where Sati's left eye is believed to have fallen; revered shrine with an underground cave chamber.,Major pilgrimage destination in eastern Bihar.,A,District Administration Munger (munger.nic.in),Bihar Tourism Spiritual records,NO,,None,NEW CANDIDATE,CONSIDER FOR ADDITION
Munger,Kashtaharani Ghat,Kashtharni Ganga Ghat,cultural,Sacred Riverfront & Sunset Viewpoint,"Munger city, on Ganga riverbank",25.3824,86.4712,"Sacred Ganga bathing ghat where the river turns northward (Uttaravahini), believed to wash away all pain (Kasht-Harani); site where Lord Rama and Lakshmana bathed after slaying Tadaka.",Famous spiritual and evening gathering promenade with panoramic river views.,A,District Administration Munger (munger.nic.in) & Bihar Tourism,National Mission for Clean Ganga,NO,,None,NEW CANDIDATE,CONSIDER FOR ADDITION
Munger,Kharagpur Lake & Haveli Kharagpur,Kharagpur Dam & Reservoir,lake,Hill Reservoir & Scenic Water Catchment,"Haveli Kharagpur, 45 km from Munger",25.1215,86.5124,"Picturesque man-made reservoir built in 1876 by the Maharaja of Darbhanga amidst the Kharagpur hills with waterfalls, lush forests, and boating.",Top picnic and eco-tourism spot in Munger district.,A,District Administration Munger (munger.nic.in),Water Resources Department Bihar,NO,,None,NEW CANDIDATE,CONSIDER FOR ADDITION
Munger,Munger Fort,Karan Chaura / Mir Qasim Fort,historical,Historic Citadel on River Ganga,"Munger city, on a rocky promontory in Ganga",25.3752,86.4735,"Sprawling historical fort built on a prominent hillock in river Ganga, encompassing Karnachaura mound, tomb of Pir Shah Nafah (1497), palace of Mir Qasim, and Chandisthan.","Historic fortress dating to the Mauryan period, capital of Bengal under Mir Qasim, State Protected Monument.",A,Bihar State Archaeology & District Administration (munger.nic.in),ASI Reports / Bihar Tourism,YES,ID 19 (munger-fort),Already in HiddenYatra as place ID 19.,EXISTING,KEEP EXISTING
Munger,Rishi Kund,Rishikund Thermal Springs,nature,Natural Hot Spring in Hill Valley,"Kharagpur hills, 28 km from Munger",25.2312,86.5412,"Picturesque natural hot spring situated in a serene forested valley between two hills of Kharagpur range, with sacred stone kunds.",Scenic eco-tourism and pilgrimage site featured on munger.nic.in.,A,District Administration Munger (munger.nic.in),Bihar Forest Department,NO,,None,NEW CANDIDATE,CONSIDER FOR ADDITION
Muzaffarpur,Baba Garibnath Temple,Garibnath Dham,temple,Revered Shiva Temple / Deoghar of North Bihar,Centre of Muzaffarpur city,26.1185,85.3854,"Ancient and deeply venerated Shiva temple known as the spiritual epicenter of Tirhut, attracting hundreds of thousands of Kanwariyas during the Shravani Mela.","Foremost religious destination in Muzaffarpur, officially documented on muzaffarpur.nic.in.",A,District Administration Muzaffarpur (muzaffarpur.nic.in),Bihar State Religious Trust Board,NO,,None,NEW CANDIDATE,CONSIDER FOR ADDITION
Muzaffarpur,Katra Garh & Chamunda Mandir,Katra Fort Mound,historical,Archaeological Fortress & Shakti Temple / State Protected,"Katra block, 30 km north-east of Muzaffarpur",26.2154,85.6124,"Massive 50-acre fortified ancient mound dating to the Sunga and Kushan periods, housing a revered 51-Shaktipeeth Chamunda Devi temple.",Bihar State Protected Monument and vital archaeological site.,A,Bihar State Archaeology Department,District Administration Muzaffarpur,NO,,None,NEW CANDIDATE,CONSIDER FOR ADDITION
Muzaffarpur,Litchi Gardens & Jubba Sahni Park,Shahi Litchi Orchards / Jubba Sahni Udyan,nature,GI-Tagged Litchi Heritage & Urban Park,Muzaffarpur city and surrounding rural orchards,26.1209,85.3647,"World-famous orchards of GI-tagged Shahi Litchi of Muzaffarpur, combined with the city's premier public landscaped park named after freedom fighter Jubba Sahni.",Cultural and horticultural identity of the 'Litchi Capital of India'.,A,Ministry of Agriculture / GI Registry of India,District Administration Muzaffarpur,YES,ID 27 (litchi-gardens-jubba-sahni-park),Already in HiddenYatra as place ID 27.,EXISTING,KEEP EXISTING
Muzaffarpur,Ramchandra Shahi Museum,Muzaffarpur Museum,museum,Regional Archaeology & Art Museum,"Jubba Sahni Park compound, Muzaffarpur",26.1215,85.3654,"Established in 1979, housing rare stone sculptures of Hindu, Buddhist, and Jain deities from 8th-12th centuries, ancient coins, Gandhara art, and weapons.","Official state museum in Tirhut division managed by Directorate of Museums, Government of Bihar.",A,Directorate of Museums Bihar & District Administration Muzaffarpur,Bihar Tourism,NO,,None,NEW CANDIDATE,CONSIDER FOR ADDITION
Muzaffarpur,Sujani Embroidery Craft Cluster,Bhusra Sujani Village,cultural,GI-Tagged Textile Craft Centre,"Bhusra village, Gaighat block, Muzaffarpur",26.1512,85.5124,"Traditional rural women's quilting and needle-craft cluster holding an official Geographical Indication (GI) tag, creating narrative textile art depicting social themes.",Important cultural craft tourism center recognized by UNESCO and Ministry of Textiles.,A,Ministry of Textiles / GI Registry of India,Bihar Tourism Culture Layer,NO,,None,NEW CANDIDATE,CONSIDER FOR ADDITION
Nalanda,Brahma Kund & Hot Springs,Rajgir Hot Sulfur Springs,nature,Thermal Springs & Heritage Bathing Kunds,"Base of Vaibhava Hill, Rajgir",25.0215,85.4112,"Natural mineral-rich sulfur hot springs emerging at 45°C through 22 spouts (dharas) from the seven hills into stepped stone tanks, revered for medicinal healing.",Famous wellness and pilgrimage destination since antiquity.,A,District Administration Nalanda & Bihar Tourism,State Religious Trust,NO,,None,NEW CANDIDATE,CONSIDER FOR ADDITION
Nalanda,Cyclopean Wall of Rajgir,Ancient 40-km Stone Rampart,historical,Pre-Mauryan Megalithic Stone Wall / ASI,Encompassing the perimeter of Rajgir valley,25.0125,85.4185,"Over 40-km long colossal stone defensive wall built of massive unworked boulders without mortar, dating to the 6th century BCE (pre-Mauryan Haryanka dynasty).","One of the oldest stone structural fortifications in the world, ASI Centrally Protected Monument.",A,"Archaeological Survey of India (ASI Patna Circle, Monument #37)",UNESCO Tentative List,NO,,None,NEW CANDIDATE,CONSIDER FOR ADDITION
Nalanda,Ghora Katora Lake Eco-Reserve,Ghora Katora Lake,nature,Eco-Tourism Lake & Buddha Statue,"Enclosed valley behind Rajgir hills, 12 km from Rajgir",24.9921,85.4812,"Picturesque natural lake surrounded by five hills of Rajgir, featuring a 70-foot pink sandstone statue of Lord Buddha installed in the middle of water; zero-emission electric vehicle zone.",Bihar's premier eco-tourism nature park with paddle boating and cycling trails.,A,"Department of Environment, Forest and Climate Change & Bihar Tourism",District Administration Nalanda,NO,,None,NEW CANDIDATE,CONSIDER FOR ADDITION
Nalanda,Griddhakuta (Vulture's Peak),Girdhkut Parvat,historical,Sacred Buddhist Mountain Peak,"Ratnagiri-Griddhakuta hill range, Rajgir",25.0112,85.4412,Sacred hill peak shaped like a vulture where Lord Buddha spent many rainy seasons preaching the Lotus Sutra (Saddharma Pundarika) and Prajnaparamita Sutra.,Most revered Buddhist pilgrimage hill in the world.,A,Archaeological Survey of India & Bihar Tourism Buddhist Circuit,District Administration Nalanda,NO,,None,NEW CANDIDATE,CONSIDER FOR ADDITION
Nalanda,"Jal Mandir, Pawapuri",Pawapuri Apapuri,temple,Marble Jain Water Temple / Mahavira Nirvana Site,"Pawapuri, 16 km from Bihar Sharif",25.0925,85.5385,"Exquisite white marble temple situated in the middle of a sprawling lotus pond, marking the spot where the 24th Jain Tirthankara Lord Mahavira was cremated and attained Moksha (Nirvana) in 527 BCE.",Foremost sacred pilgrimage center on the global Jain Circuit.,A,Bihar Tourism Jain Circuit (tourism.bihar.gov.in) & Pawapuri Temple Trust,All India Jain Mahasabha,NO,,None,NEW CANDIDATE,CONSIDER FOR ADDITION
Nalanda,Nalanda University Ruins,Ancient Nalanda Mahavihara,historical,UNESCO World Heritage Site / Ancient University,"Bargaon, Nalanda, 12 km from Rajgir",25.1362,85.4427,"World-renowned ancient residential Buddhist monastic university flourishing from 5th to 12th century CE, with excavated temples, stupas, monastic viharas, and meditation cells across 30 acres.",UNESCO World Heritage Site of global intellectual and civilizational eminence.,A,UNESCO World Heritage Centre & Archaeological Survey of India (ASI),Bihar Tourism (tourism.bihar.gov.in),YES,ID 8 (nalanda-university-ruins),Already in HiddenYatra as place ID 8.,EXISTING,KEEP EXISTING
Nalanda,Rajgir,Ancient Rajagriha / Valley of Kings,historical,Ancient Capital & Sacred Valley,"Rajgir, surrounded by seven hills",25.0261,85.4176,"First capital of the ancient Magadhan Empire, intimately associated with Lord Buddha, Lord Mahavira, King Bimbisara, and King Ajatashatru.","Core hub of Buddhist, Jain, and historical tourism in Bihar.",A,Bihar Tourism & District Administration Nalanda,ASI,YES,ID 9 (rajgir-rajagriha),Already in HiddenYatra as general place ID 9.,EXISTING,KEEP EXISTING
Nalanda,Rajgir Glass Bridge & Nature Safari,Rajgir Zoo Safari & Skywalk,adventure,Glass Skywalk Bridge & Zoo Safari,"Jethian valley road, Rajgir hills",24.9815,85.3912,"Bihar's first 85-foot high transparent glass skywalk bridge suspended over a scenic canyon, accompanied by a 500-acre open-enclosure wildlife zoo safari (lions, tigers, bears) and adventure sports.",Modern flagship adventure tourism destination in Bihar inaugurated in 2021.,A,Bihar Forest Department & Bihar Tourism (tourism.bihar.gov.in),District Administration Nalanda,NO,,None,NEW CANDIDATE,CONSIDER FOR ADDITION
Nalanda,Saptaparni Cave,"Saptaparni Caves, Vaibhava Hill",historical,Site of First Buddhist Council / Cave,"Vaibhava Hill, Rajgir",25.0185,85.4054,Ancient natural rock-cut cave on Vaibhava hill where the First Buddhist Council of 500 Arhats was convened under Mahakasyapa and King Ajatashatru three months after Buddha's Mahaparinirvana.,Foundational historic site for Buddhist literature and canonical Vinaya/Sutta Pitaka.,A,Archaeological Survey of India & Bihar Tourism,District Administration Nalanda,NO,,None,NEW CANDIDATE,CONSIDER FOR ADDITION
Nalanda,Venuvana Vihara,Bamboo Grove Monastery,historical,Ancient Monastery Garden,"Rajgir town, on Patna-Gaya road",25.0285,85.4185,"Historic bamboo grove monastery gifted to Lord Buddha by King Bimbisara of Magadha, containing the sacred Karanda tank where Buddha bathed.",World's first Buddhist monastery garden officially maintained by Bihar Tourism.,A,Bihar Tourism (tourism.bihar.gov.in) & ASI,District Administration Nalanda,NO,,None,NEW CANDIDATE,CONSIDER FOR ADDITION
Nalanda,Vishwa Shanti Stupa & Ratnagiri Ropeway,Rajgir Peace Pagoda,cultural,White Marble Peace Pagoda & Aerial Ropeway,"Ratnagiri Hill, Rajgir",25.0085,85.4385,"Magnificent 400-meter high white marble World Peace Pagoda atop Ratnagiri Hill, consecrated in 1969 by Nichidatsu Fuji Guruji, accessed by modern aerial ropeway/chairlift.","Prime landmark of Rajgir, iconic symbol of global peace visited by international dignitaries.",A,Bihar Tourism (tourism.bihar.gov.in) & Nipponzan Myohoji,District Administration Nalanda,NO,,None,NEW CANDIDATE,CONSIDER FOR ADDITION
Nalanda,Xuanzang (Hiuen Tsang) Memorial Hall,Hiuen Tsang Memorial,cultural,Sino-Indian Cultural Memorial,"Adjacent to Nalanda Ruins, Bargaon",25.1385,85.4485,Monumental memorial hall constructed in traditional Chinese-Indian pagoda style honoring the 7th-century Chinese scholar Xuanzang who studied and taught at Nalanda.,"Symbol of Sino-Indian civilizational dialogue housing relics, murals, and statue.",A,"Ministry of Culture, Government of India & Nava Nalanda Mahavihara",Bihar Tourism,NO,,None,NEW CANDIDATE,CONSIDER FOR ADDITION
Nawada,Gunawa Ji Tirth,Shri Gunnawan Ji Jain Temple,temple,Jain Pilgrimage Water Temple,"Nawada town outskirts, off NH-31",24.8912,85.5412,"Sacred Jain Tirth marking the Nirvana site of Gandhara Indrabhuti Gautama (chief disciple of Lord Mahavira), featuring a beautiful marble temple located in the middle of a lotus pond.",Prominent stop on the official Bihar Jain Circuit.,A,Bihar Tourism Jain Circuit (tourism.bihar.gov.in) & District Administration Nawada,All India Digambar Jain Mahasabha,NO,,None,NEW CANDIDATE,CONSIDER FOR ADDITION
Nawada,"Indrasal Cave, Parvati Hill",Indrasaila Guha,historical,Buddhist Cave & Mythological Hill,"Parvati hill, Giriyak-Nawada border",24.9812,85.5124,"Ancient cave site mentioned by Chinese pilgrims Xuanzang and Faxian where Lord Buddha answered questions posed by Indra, King of Gods (Sakka-panha Sutta).",Archaeological Buddhist site of national historical significance.,A,District Administration Nawada (nawada.nic.in/tourist-place/indrasal-cave-parvati/),ASI Archaeological Reports,NO,,None,NEW CANDIDATE,CONSIDER FOR ADDITION
Nawada,Kakolat Waterfall,Kakolat Jalprapaat,waterfall,Scenic Natural Waterfall & Plunge Pool,"Govindpur block, 33 km south-east of Nawada",24.7833,85.5167,"Spectacular 160-foot cascading waterfall descending from the Kakolat hills into a deep, crystal-clear natural pool surrounded by dense forested hills; recently equipped with an escalator, eco-cafes, and safe viewing decks.","Top eco-tourism natural wonder of southern Bihar, celebrated for Chhath and Baisakhi celebrations.",A,Bihar Tourism (tourism.bihar.gov.in) & District Administration Nawada (nawada.nic.in),Department of Environment & Forest Bihar,YES,ID 16 (kakolat-waterfall),Already in HiddenYatra as place ID 16.,EXISTING,KEEP EXISTING
Nawada,"Sarvodaya Ashram, Shekhodeora",JP Ashram Shekhodeora,cultural,National Freedom Heritage Ashram,"Shekhodeora, Kawakol block, 55 km from Nawada",24.8125,85.8412,"Ashram founded in 1954 by Loknayak Jayaprakash Narayan (JP) in the forested tribal belt of Kawakol, serving as the nerve center for Bhoodan, Sarvodaya, and rural reconstruction.",Major national political and socio-cultural pilgrimage site documented on nawada.nic.in.,A,District Administration Nawada (nawada.nic.in) & Gandhi Peace Foundation,"Ministry of Culture, Govt of India",NO,,None,NEW CANDIDATE,CONSIDER FOR ADDITION
Nawada,"Surya Mandir, Handiya",Handiya Sun Temple,temple,Ancient Dwapara-Yuga Sun Temple,"Handiya village, Nardiganj block, 18 km from Nawada",24.9512,85.4312,Ancient Sun temple with stone sculptures dating to the Gupta-Pala period; believed to date back to King Jarasandha's reign with a holy water tank revered for skin healing.,Major Chhath Puja pilgrimage destination officially featured on nawada.nic.in.,A,District Administration Nawada (nawada.nic.in/tourist-place/surya-mandir-handiya/),Bihar State Religious Trust,NO,,None,NEW CANDIDATE,CONSIDER FOR ADDITION
Patna,Chhoti Patan Devi,Choti Patan Devi Mandir,temple,Historic Shaktipeeth Temple / State Protected,"Chowk, Patna City",25.6015,85.1954,"Ancient temple housing idols of Goddess Mahakali, Mahalakshmi, and Mahasaraswati dating to the Pala period; sister shrine to Badi Patan Devi, protector goddess of Pataliputra.",Bihar State Protected Monument and core Shaktipeeth pilgrimage destination.,A,Bihar State Archaeology Directorate & District Administration Patna,State Religious Trust,NO,,None,NEW CANDIDATE,CONSIDER FOR ADDITION
Patna,"Choti Dargah, Maner",Tomb of Makhdum Shah Daulat / Maner Sharif,historical,Imperial Mughal Sandstone Mausoleum / ASI,"Maner, 30 km west of Patna on NH-30",25.6480,84.8850,"Exquisite early 17th-century Mughal mausoleum built in 1616 CE of Chunar buff sandstone, topped by a grand dome with 12 pillars, intricate geometric jali screens, and calligraphic Quranic verses.","Considered the finest specimen of classical Mughal architecture in Eastern India, ASI Centrally Protected Monument.",A,"Archaeological Survey of India (ASI Patna Circle, Monument #40-#43)",Bihar Tourism (tourism.bihar.gov.in),YES,ID 95 (maner-sharif-patna),Already in HiddenYatra as place ID 95 (as Maner Sharif).,EXISTING,KEEP EXISTING
Patna,Jalan Museum (Qila House),Qila House Private Museum,museum,Heritage Private Collection & Fort Ruins,"Hajiganj, Patna City, on old fort ramparts",25.6025,85.1912,"Private museum established in 1919 by Diwan Bahadur Radha Krishna Jalan on the ruins of Sher Shah's fort, displaying Napoleon's bed, Chinese porcelain, Mughal silver, and Marie Antoinette's cutlery.",Exclusive world-class decorative art collection recognized by global historians.,A,National Museum New Delhi Registry & Bihar Tourism,District Administration Patna,NO,,None,NEW CANDIDATE,CONSIDER FOR ADDITION
Patna,Kamaldah Jain Temple,Badi Bapat Ji / Kamaldah Tirth,temple,Oldest Jain Shrine in Patna / State Protected,"Gulzarbagh, Patna City",25.5985,85.1845,"Historic Jain temple standing on a high brick mound overlooking a lotus tank, marking the holy birthplace of Jain Acharya Sthulabhadra (3rd century BCE).",State Protected Monument on the official Jain Circuit.,A,Bihar State Archaeology Department,Bihar Tourism Jain Circuit,NO,,None,NEW CANDIDATE,CONSIDER FOR ADDITION
Patna,Khuda Bakhsh Oriental Public Library,Khuda Bakhsh National Library,cultural,Institution of National Importance / Library,"Ashok Rajpath, opposite Patna College, Patna",25.6185,85.1585,"Autonomous institution under the Ministry of Culture founded in 1891, housing over 21,000 rare manuscripts in Arabic, Persian, Urdu, and Turkish (including Tarikh-i-Khandan-i-Timuriya).",One of the richest libraries of Islamic and medieval manuscripts in the world.,A,"Ministry of Culture, Government of India & Act of Parliament (1969)",Bihar Tourism Cultural Layer,NO,,None,NEW CANDIDATE,CONSIDER FOR ADDITION
Patna,NIT Ghat & Ganga Aarti,Gandhi Ghat / NIT Riverfront,cultural,Cultural Riverfront & Evening Aarti,"Ashok Rajpath, NIT Patna campus bank",25.6215,85.1712,"Scenic riverfront promenade on the high bank of Ganga famous for evening brass-lamp Ganga Aarti ceremonies, recreational river cruises, and vibrant youth gatherings.",Signature evening cultural tourism attraction in Patna city.,A,Bihar State Tourism Development Corporation (BSTDC),Patna Municipal Corporation,NO,,None,NEW CANDIDATE,CONSIDER FOR ADDITION
Purnia,Dharahara Narasimha Pillar,Manikham Stambha,historical,Ancient Stone Pillar & Mythological Site,"Banmankhi, 30 km west of Purnia",25.8912,87.1812,"Monolithic stone pillar and mound traditionally associated with the legend of Bhakt Prahlad, King Hiranyakashipu, and the Narasimha avatar where Holi originated.",Prominent cultural and pilgrimage landmark of regional mythology.,B,District Administration Purnia,Regional heritage records,NO,,None,NEW CANDIDATE,CONSIDER FOR ADDITION
Purnia,Jalalgarh Fort,Jalalgarh Qila,historical,Ruined 18th-Century Fort / State Protected,"Jalalgarh, 20 km north of Purnia on NH-57",25.9612,87.5124,"Imposing quadrangular fortified citadel built in 1722 by Saif Khan, the Mughal Nawab of Purnia, featuring high stone ramparts, rounded bastions, and battlements on the old Kosi course.","Bihar State Protected Monument, foremost historical fort in Seemanchal.",A,Bihar State Archaeology Directorate & District Administration (purnea.nic.in),Archaeological Survey of India,NO,,None,NEW CANDIDATE,CONSIDER FOR ADDITION
Purnia,Kajha Kothi Eco Park,Kajha Kothi Lake,nature,Colonial Heritage Estate & Eco Park,"Kajha, Krityanand Nagar block, 12 km from Purnia",25.7512,87.3812,"Former historic colonial estate and indigo planter's bungalow transformed into a 25-acre landscaped eco-park with boating lake, hanging suspension bridge, and children's amusement zones.",Leading eco-tourism and recreation attraction in Purnia district.,A,District Administration Purnia (purnea.nic.in),Department of Environment & Forest Bihar,NO,,None,NEW CANDIDATE,CONSIDER FOR ADDITION
Purnia,Mata Puran Devi Temple,Puran Devi Mandir,temple,Ancient City Goddess Temple,"Purnia city, near Saura river",25.7785,87.4712,Ancient temple dedicated to Goddess Puran Devi from which the name of the city and district 'Purnia' is derived; revered as a powerful wish-granting shrine.,"Core religious and identity landmark of Purnia, featured on purnea.nic.in.",A,District Administration Purnia (purnea.nic.in/tourist-place/rani-sati-mandir/),Local cultural archives,NO,,None,NEW CANDIDATE,CONSIDER FOR ADDITION
Rohtas,"Ashokan Inscription, Chandan Shahid Hill",Sasaram Minor Rock Edict,historical,Ashokan Rock Edict / ASI Monument,"Chandan Shahid Hill, Sasaram",24.9542,84.0415,"Ancient cave rock edict of Emperor Ashoka inscribed in Brahmi script (3rd century BCE), standing adjacent to the medieval tomb of Sufi saint Chandan Shahid.",ASI Centrally Protected Monument of National Importance.,A,"Archaeological Survey of India (ASI Patna Circle, Monument #46)",Epigraphia Indica,NO,,None,NEW CANDIDATE,CONSIDER FOR ADDITION
Rohtas,Dhuan Kund & Manjhar Kund Waterfalls,Dhuwan Kund Falls,waterfall,Twin Plateau Waterfalls,"Kaimur hills, 10 km south of Sasaram",24.8912,84.0124,Pair of roaring perennial waterfalls dropping from the Kaimur plateau into misty gorges with natural plunge pools; traditional venue of the Raksha Bandhan fair.,Highly popular nature tourism destination featured on rohtas.nic.in.,A,District Administration Rohtas (rohtas.nic.in/tourist-place/manjhar-kund-dhuwan-kund/),Bihar Tourism Eco Circuit,NO,,None,NEW CANDIDATE,CONSIDER FOR ADDITION
Rohtas,Gupta Dham (Gupteshwar Mahadev Cave),Gupteshwar Caves,nature,Stalactite Limestone Cave & Shiva Shrine,"Kaimur plateau, Chenari block",24.7512,83.7912,"Ancient natural subterranean limestone cave extending hundreds of meters into Kaimur hill with natural stalactite and stalagmite lingams, dripping with mineral water.",Historic pilgrimage and spelunking destination officially documented on rohtas.nic.in.,A,District Administration Rohtas (rohtas.nic.in/tourist-place/gupta-dham/),Geological Survey of India,NO,,None,NEW CANDIDATE,CONSIDER FOR ADDITION
Rohtas,Maa Tara Chandi Temple & Inscription,Tara Chandi Dham,temple,Cave Shaktipeeth & 12th-C Inscription / ASI,"Sasaram-Tilauthu road, 5 km from Sasaram",24.9215,84.0612,"Venerated Shaktipeeth cave shrine with an authentic 1169 CE Sanskrit rock inscription by King Pratapadhavala carved into the cliff face, drawing massive congregations during Navratri.",ASI Centrally Protected Monument and premier pilgrimage destination of Rohtas.,A,"Archaeological Survey of India (ASI Patna Circle, Monument #50) & Bihar Tourism",District Administration Rohtas,NO,,None,NEW CANDIDATE,CONSIDER FOR ADDITION
Rohtas,Rohtasgarh Fort,Ancient Rohtas Fortress,historical,Colossal Hilltop Fort / ASI Monument,"Kaimur Hills, Rohtas block, 40 km from Sasaram",24.6300,83.8900,"One of the largest, highest, and most formidable hill fortresses in India, sprawling over 28 sq km atop a 1,500-foot sheer plateau overlooking the Son valley, with Aina Mahal, Jama Masjid, and Rajghat gate.","Monumental national heritage fortress, ASI Centrally Protected Monument.",A,"Archaeological Survey of India (ASI Patna Circle, Monument #47)",Bihar Tourism (tourism.bihar.gov.in),YES,ID 15 (rohtasgarh-fort),Already in HiddenYatra as place ID 15.,EXISTING,KEEP EXISTING
Rohtas,"Sher Shah Suri Tomb, Sasaram",Tomb of Sher Shah Suri,historical,Indo-Islamic Masterpiece / ASI Monument,"Sasaram city centre, Rohtas",24.9458,84.0341,"Grand 122-foot high red sandstone octagonal mausoleum of Emperor Sher Shah Suri, resting in the center of a massive artificial square lake (Pani Ka Maqbara), hailed as one of the finest Indo-Islamic monuments in India.",ASI Centrally Protected Monument of National Importance on UNESCO Tentative List.,A,"Archaeological Survey of India (ASI Patna Circle, Monument #49)",UNESCO Tentative List / Bihar Tourism,YES,ID 14 (sher-shah-suri-tomb-sasaram),Already in HiddenYatra as place ID 14.,EXISTING,KEEP EXISTING
Rohtas,Shergarh Fort,Shergarh Hill Fortress,historical,Hilltop Labyrinth Fort / State Protected,"Chenari, on Kaimur plateau, 35 km from Sasaram",24.8415,83.7812,"Impregnable 16th-century hill fort built by Sher Shah Suri, famous for its hidden underground multi-level tunnels, palace ruins, and sheer defensive cliff drops into Durgavati river.",Bihar State Protected Monument and adventure heritage destination.,A,Bihar State Archaeology Directorate & District Administration Rohtas,Incredible India,NO,,None,NEW CANDIDATE,CONSIDER FOR ADDITION
Rohtas,Tomb of Hasan Khan Suri,Sukha Maqbara,historical,Imperial Suri Mausoleum / ASI Monument,"Sasaram town, Rohtas",24.9512,84.0385,"Large walled octagonal sandstone tomb of Sher Shah Suri's father Hasan Khan Suri, designed by imperial architect Aliwal Khan, with domed kiosks and decorative brackets.",ASI Centrally Protected Monument of National Importance.,A,"Archaeological Survey of India (ASI Patna Circle, Monument #48)",District Administration Rohtas,NO,,None,NEW CANDIDATE,CONSIDER FOR ADDITION
Rohtas,Tutla Bhawani Waterfall & Hanging Bridge,Tutla Dham / Tutrahi Falls,waterfall,Canyon Waterfall & Suspension Bridge,"Tilauthu block, 30 km from Sasaram",24.7815,84.0125,Spectacular natural waterfall emerging through a deep green rock canyon with an ancient 7th-century Mahishasuramardini statue and a newly built 300-meter suspension bridge.,"Flagship eco-tourism and adventure landscape in Bihar, developed by Environment & Forest Department.",A,Bihar Tourism Eco Circuit (tourism.bihar.gov.in) & Forest Department Bihar,District Administration Rohtas,NO,,None,NEW CANDIDATE,CONSIDER FOR ADDITION
Saharsa,"Mandan Bharti Dham, Mahishi",Mandan Mishra Smarak,cultural,Philosophical Heritage Memorial,"Mahishi village, Saharsa",25.8854,86.4452,Commemorative cultural complex and ashram marking the historic site where 8th-century scholar Mandan Mishra and his erudite wife Ubhaya Bharati debated philosophy with Adi Shankaracharya.,Celebrated intellectual heritage center in Indian philosophical traditions.,A,District Administration Saharsa (saharsa.nic.in/tourist-place/mandan-bharti-dham-mahishi/),Department of Art & Culture Bihar,NO,,None,NEW CANDIDATE,CONSIDER FOR ADDITION
Saharsa,Matsyagandha Lake & Raktakali Temple,Matsyagandha Tourist Complex,lake,Scenic Lake & Island Temple,Saharsa city,25.8785,86.5912,67-acre lake developed as an eco-park and recreation area with a scenic island temple of Goddess Raktakali (51 Shaktipeeth design) and paddle boats.,Key urban recreation and cultural tourism center in Saharsa town.,A,District Administration Saharsa,Urban Development & Housing Department Bihar,NO,,None,NEW CANDIDATE,CONSIDER FOR ADDITION
Saharsa,Sant Karu Khirhari Temple,Karu Khirhari Dham,cultural,Folk Deity Temple on Kosi River,"Mahpura, on the bank of Kosi River",25.9125,86.3812,"Folk temple dedicated to Saint Karu Khirhari, a pastoral folk hero revered as an incarnation of Lord Krishna who protected cattle herds; major milk-offering shrine developed by Bihar Tourism.",Prominent folk heritage tourism destination featured on saharsa.nic.in.,A,District Administration Saharsa (saharsa.nic.in/tourist-place/sant-karu-khirhari-temple-mahpura/) & Bihar Tourism,State Tourism Development Corporation,NO,,None,NEW CANDIDATE,CONSIDER FOR ADDITION
Saharsa,"Shri Ugratara Sthan, Mahishi",Tara Mandir Mahishi,temple,Tantric Shaktipeeth & Adi Shankaracharya Site,"Mahishi, 17 km west of Saharsa railway station",25.8812,86.4412,Celebrated Tantric Shakti shrine housing a three-foot black stone idol of Ekjata / Ugratara Devi; site of the historic philosophical debate between Adi Shankaracharya and scholar Mandan Mishra.,"Paramount spiritual and philosophical pilgrimage center in eastern Mithila, officially featured on saharsa.nic.in.",A,District Administration Saharsa (saharsa.nic.in/tourist-place/shri-ugratara-sthan-mahishi/) & Bihar Tourism,State Religious Trust,NO,,None,NEW CANDIDATE,CONSIDER FOR ADDITION
Saharsa,"Surya Mandir, Kandaha",Kandaha Sun Temple,historical,14th-Century Sun Temple / State Protected,"Kandaha village, Mahishi block, Saharsa",25.8512,86.4125,"Rare ancient Sun temple housing an exquisite black chlorite stone Surya idol with chariot and horses, and an authentic 14th-century Sanskrit inscription of King Harisimhadeva.",Bihar State Protected Monument and unique architectural gem of Mithila.,A,Bihar State Archaeology Directorate & District Administration Saharsa,ASI Epigraphy Records,NO,,None,NEW CANDIDATE,CONSIDER FOR ADDITION
Samastipur,Dr. Rajendra Prasad Central Agricultural University,Pusa Imperial Agricultural Research Institute,historical,Colonial Architectural Campus & Research Heritage,"Pusa, 18 km from Samastipur",25.9812,85.6712,"Historic 1,600-acre heritage campus founded in 1905 by British Viceroy Lord Curzon and American philanthropist Henry Phipps; features colonial brick edifices, botanical gardens, and agricultural museum.",National heritage institution of agricultural science and architectural grandeur.,A,"Ministry of Agriculture, Govt of India & District Administration Samastipur",Indian Council of Agricultural Research (ICAR),NO,,None,NEW CANDIDATE,CONSIDER FOR ADDITION
Samastipur,Mangalgarh Archaeological Mound,Mangalgarh Fort,historical,Ancient Fortified Settlement Mound,"Hasanpur block, Samastipur",25.7512,86.0412,"Ancient archaeological brick mound dating back to Buddhist and Mauryan epochs, associated with King Mangaldeo, yielding punch-marked coins and pottery.",Significant historical site of Central Mithila.,B,District Administration Samastipur,State Archaeology Records,NO,,None,NEW CANDIDATE,CONSIDER FOR ADDITION
Samastipur,Thaneshwar Mahadev Mandir,Thaneshwar Mandir,temple,Historic Shiva Temple,Samastipur city centre,25.8542,85.7812,"Revered ancient temple of Lord Shiva in the heart of Samastipur town with sacred pond, central to the city's religious life and venue of annual Shivratri fairs.",Primary urban pilgrimage destination on samastipur.nic.in.,A,District Administration Samastipur (samastipur.nic.in/tourist-place/thaneshwar-mandir/),Local cultural archives,NO,,None,NEW CANDIDATE,CONSIDER FOR ADDITION
Samastipur,Vidyapati Dham,Vidyapatinagar / Vidyapati Smarak,cultural,Literary Heritage Temple & Samadhi,"Vidyapatinagar, 35 km from Samastipur",25.6412,85.8124,"Sacred commemorative memorial and temple dedicated to the legendary 14th-century Maithili poet-saint Mahakavi Vidyapati on the banks of Ganga, where he breathed his last.","Foremost cultural and literary pilgrimage site of the Mithila region, officially featured on samastipur.nic.in.",A,District Administration Samastipur (samastipur.nic.in/tourist-place/vidyapatidham/) & Bihar Tourism,"Department of Art, Culture and Youth Bihar",NO,,None,NEW CANDIDATE,CONSIDER FOR ADDITION
Saran,"Ambika Sthan, Aami",Aami Mandir,temple,Ancient Shaktipeeth & Yajna Kund,"Aami village, Dighwara block, on NH-19",25.7215,84.9512,Venerated Shakti shrine with an ancient sacred fire pit (Yajna Kund) where King Suratha and Samadhi Vaishya are said to have worshipped Goddess Durga; sacred pond and grand Navratri fair.,Major Shakti pilgrimage destination officially featured on saran.nic.in.,A,District Administration Saran (saran.nic.in/tourist-place/aami-temple/),Bihar State Religious Trust,NO,,None,NEW CANDIDATE,CONSIDER FOR ADDITION
Saran,Chirand Archaeological Site,Chirand Neolithic Mound,historical,Internationally Acclaimed Neolithic Site / State Protected,"Dighwara, on Ganga-Ghaghara confluence, 14 km east of Chhapra",25.7125,84.8125,"Internationally renowned archaeological site with continuous cultural sequence from the Neolithic era (2500 BCE) through Chalcolithic, NBPW, to Kushan times, famous for unique bone tools and circular huts.","One of the most important prehistoric and ancient archaeological monuments in the Indian subcontinent, State Protected.",A,Bihar State Archaeology Directorate & Archaeological Survey of India,District Administration Saran (saran.nic.in),NO,,None,NEW CANDIDATE,CONSIDER FOR ADDITION
Saran,"Gautam Asthan, Revelganj",Maharshi Gautam Ashram,cultural,Hermitage of Sage Gautama / Ramayana Heritage,"Godna, Revelganj, 8 km west of Chhapra",25.7812,84.6712,"Sacred site on the bank of Sarayu river identified as the hermitage of Maharshi Gautama, where Lord Rama redeemed Ahilya; venue of the traditional Godna mela on Kartik Purnima.",Official Ramayana Circuit destination in western Bihar.,A,District Administration Saran (saran.nic.in/tourist-place/gautam-asthan/) & Bihar Tourism,Ramayana Circuit Records,NO,,None,NEW CANDIDATE,CONSIDER FOR ADDITION
Saran,Manjhi Fort Ruins & Ancient City,Manjhi Archaeological Mound,historical,Ancient Fortified River Port / ASI Monument,"Manjhi, on the bank of Ghaghara river",25.8215,84.5812,Extensive brick ramparts and fortifications of an ancient riverine port and city dating to Mauryan and Kushan epochs.,ASI Centrally Protected Monument of National Importance.,A,"Archaeological Survey of India (ASI Patna Circle, Monument #51)",District Administration Saran,NO,,None,NEW CANDIDATE,CONSIDER FOR ADDITION
Saran,Silhauri Shiva Temple,Shilnath Mahadev Mandir,temple,Ancient Temple & Shivratri Fair,"Silhauri, Marhaura block",25.8812,84.8124,Ancient temple associated with mythological lore of Narada Muni's penance; major regional pilgrimage hub with massive annual Shravani and Shivratri congregation.,Featured place of religious interest on saran.nic.in.,A,District Administration Saran (saran.nic.in/tourist-place/silhauri/),District Gazetteer Saran,NO,,None,NEW CANDIDATE,CONSIDER FOR ADDITION
Saran,Sonepur Hariharnath Temple & Mela Ground,Harihar Kshetra / Sonepur Fair,cultural,Sacred Confluence Temple & Asia's Largest Cattle Fair,"Sonepur, at the confluence of Gandak and Ganga",25.6985,85.1845,"Sacred temple dedicated to Lord Harihar (Vishnu and Shiva unified), venue of the month-long Sonepur Mela (Asia's largest cattle and cultural fair) held every Kartik Purnima.",Globally celebrated cultural festival and premier pilgrimage stop on Bihar Tourism calendar.,A,Bihar Tourism (tourism.bihar.gov.in) & District Administration Saran,Incredible India / Ministry of Tourism,NO,,None,NEW CANDIDATE,CONSIDER FOR ADDITION
Sheikhpura,Arghauti Pokhar,Arghauti Historic Tank,lake,Heritage Water Reservoir,Sheikhpura town,25.1412,85.8612,"Historic water reservoir built during medieval times, surrounded by masonry ghats and used as the principal venue for Chhath festival.",Documented place of civic and cultural heritage on sheikhpura.nic.in.,A,District Administration Sheikhpura (sheikhpura.nic.in/tourist-place/arghauti-pokhar/),Local urban records,NO,,None,NEW CANDIDATE,CONSIDER FOR ADDITION
Sheikhpura,Girihinda Pahar & Shiv Temple,Girihinda Hill,mountain,Scenic Hilltop Temple & Panoramic Viewpoint,Sheikhpura town center,25.1385,85.8512,"Picturesque isolated hill rising 500 feet above the plains with an ancient temple of Lord Shiva on the summit, offering breathtaking 360-degree views of Sheikhpura town and countryside.",Most popular scenic and spiritual destination on sheikhpura.nic.in.,A,District Administration Sheikhpura (sheikhpura.nic.in/tourist-place/girihinda-pahar/),Bihar Tourism,NO,,None,NEW CANDIDATE,CONSIDER FOR ADDITION
Sheikhpura,"Sri Vishnu Dham, Samas",Samas Vishnu Mandir,temple,Colossal Pala Vishnu Monolith / Archaeological Site,"Samas village, Barbigha block, Sheikhpura",25.2154,85.7412,"Houses a magnificent 7.5-foot monolithic black basalt stone statue of Lord Vishnu from the Pala era (10th century CE), unearthed during canal excavation in 1992, with carvings of Dasavatara.","Prime religious and archaeological landmark in Sheikhpura district, drawing pilgrims from all over Bihar.",A,District Administration Sheikhpura (sheikhpura.nic.in/tourist-place/sri-vishnu-dham/) & Bihar Tourism,State Archaeology Directorate,NO,,None,NEW CANDIDATE,CONSIDER FOR ADDITION
Sheohar,"Baba Bhuwaneshwar Nath Temple, Dekuli",Dekuli Dham / Devkuli Mandir,temple,Ancient Dvapara-Yuga Shiva Shrine,"Dekuli, Piprarhi block, 7 km from Sheohar",26.4812,85.3125,"Venerated ancient Shiva temple surrounded by holy water tanks, believed to date to the Dvapara Yuga and founded by Dronacharya / Pandavas; major venue of Shravani Mela.","Foremost cultural and spiritual pilgrimage destination in Sheohar district, officially highlighted on sheohar.nic.in.",A,District Administration Sheohar (sheohar.nic.in/tourist-place/dekuli-shiv-mandir/) & Bihar Tourism,Bihar State Religious Trust,NO,,None,NEW CANDIDATE,CONSIDER FOR ADDITION
Sheohar,Sheohar Raj Palace,Sheohar Estate Kothi,historical,Colonial Estate Architecture,Sheohar town centre,26.5125,85.2912,"Heritage residence and courtyards of the historic Sheohar Raj estate, displaying classical colonial and northern Bihar zamindari architectural styles.",Primary historical landmark of Sheohar town.,B,District Administration Sheohar,Regional historical archives,NO,,None,NEW CANDIDATE,CONSIDER FOR ADDITION
Sitamarhi,Bagahi Dham,Bagahi Monastery,cultural,Spiritual Math & Temple Complex,"Sursand block, Sitamarhi",26.6412,85.7125,"Sprawling peaceful spiritual ashram with 108 residential prayer rooms, ornate temples, and lush gardens, serving as a center of Ramayana study.",Prominent cultural retreat in eastern Sitamarhi.,B,District Administration Sitamarhi (sitamarhi.nic.in),Local religious records,NO,,None,NEW CANDIDATE,CONSIDER FOR ADDITION
Sitamarhi,Haleshwar Sthan,Haleshwar Nath Mahadev,temple,Ancient Shiva Temple / Ramayana Heritage,3 km north-west of Sitamarhi,26.6215,85.4712,Ancient Shiva temple said to have been founded by King Videha (Janaka) during the Putrakameshti Yajna prior to the birth of Sita.,Important Ramayana Circuit shrine officially documented on sitamarhi.nic.in.,A,District Administration Sitamarhi (sitamarhi.nic.in/tourist-place/haleshwar-sthan/),State Religious Trust,NO,,None,NEW CANDIDATE,CONSIDER FOR ADDITION
Sitamarhi,Janaki Sthan Temple,Janaki Mandir Sitamarhi,temple,Devi Sita Birthplace Shrine,Sitamarhi town centre,26.5933,85.4882,"Historic temple complex dedicated to Goddess Sita, Lord Rama, and Lakshmana, with Janaki Kund holy tank; major pilgrimage site during Ram Navami and Vivaha Panchami.",Foremost cultural symbol of Sitamarhi district.,A,Bihar Tourism (tourism.bihar.gov.in) & District Administration Sitamarhi,State Religious Trust,YES,ID 25 (janaki-sthan-temple),Already in HiddenYatra as place ID 25.,EXISTING,KEEP EXISTING
Sitamarhi,Panth Pakar,Panthpakar Banyan Tree,cultural,Centuries-Old Sacred Banyan Tree / Heritage,"Bairgania road, 8 km north-east of Sitamarhi",26.6512,85.5412,Venerable centuries-old banyan tree where the bridal palanquin carrying Goddess Sita and Lord Rama is said to have halted for rest on their journey from Janakpur to Ayodhya.,Sacred living heritage monument on the Ramayana Circuit.,A,Bihar Tourism Ramayana Circuit (tourism.bihar.gov.in) & District Administration Sitamarhi,Department of Environment & Forest Bihar,NO,,None,NEW CANDIDATE,CONSIDER FOR ADDITION
Sitamarhi,Punaura Dham,Maa Janaki Janmabhoomi,temple,Officially Recognized Sita Birthplace / Central PRASAD Project,"Punaura village, 5 km west of Sitamarhi town",26.6125,85.4512,"Officially recognized divine birthplace of Goddess Sita, where King Janaka ploughed the golden furrow and the infant Sita emerged from an earthen pot; features Punaura Kund and grand park.","National flagship pilgrimage center under Government of India's PRASAD scheme, major stop on Ramayana Circuit.",A,"Ministry of Tourism, Govt of India (PRASAD Scheme) & Bihar Tourism",District Administration Sitamarhi (sitamarhi.nic.in),NO,,None,NEW CANDIDATE,CONSIDER FOR ADDITION
Siwan,Amar Shahid Umakant Smarak,Umakant Prasad Memorial,historical,1942 Quit India Martyr Memorial,"Narendra Pur, Siwan",26.1512,84.3412,"Memorial dedicated to 15-year-old student martyr Umakant Prasad Verma, who sacrificed his life hoisting the Indian Tricolor during the 1942 Quit India movement at Patna Secretariat.",Nationalist freedom movement pilgrimage site.,B,District Administration Siwan,National Archives of India,NO,,None,NEW CANDIDATE,CONSIDER FOR ADDITION
Siwan,"Baba Mahendra Nath Temple, Mehdar",Mehdar Dham / Kamal Dah Sarovar,temple,Ancient Shiva Temple & 551-Bigha Sacred Pond,"Mehdar, Siswan block, 32 km south of Siwan",26.0412,84.4512,Revered ancient Shiva temple built by King Mahendra of Nepal surrounded by an enormous 551-bigha sacred lake (Kamal Dah Sarovar) famous for healing lotus water and migratory birds.,"Foremost religious pilgrimage site in Siwan district, officially featured on siwan.nic.in.",A,District Administration Siwan (siwan.nic.in/tourist-place/mahendra-nath-temple/),Bihar State Religious Trust Board,NO,,None,NEW CANDIDATE,CONSIDER FOR ADDITION
Siwan,Sohagara Dham,Baba Hansnath Mandir,temple,Ancient Shiva Temple & Sacred Well,"Gutani block, on Bihar-UP border, Siwan",26.1912,84.0954,"Ancient temple housing a unique black stone Shiva lingam believed to have been worshipped by Banasura, with an eternal sulfur well.",Prominent border pilgrimage center officially documented on siwan.nic.in.,A,District Administration Siwan (siwan.nic.in/tourist-place/sohagara-dham-temple/),Local religious directories,NO,,None,NEW CANDIDATE,CONSIDER FOR ADDITION
Siwan,Zeeradei (Dr. Rajendra Prasad Ancestral House),Jiradei Smarak,historical,National Memorial / First President Birthplace / ASI,"Zeeradei, 13 km west of Siwan town",26.2345,84.2485,"Preserved ancestral house and memorial museum of Bharat Ratna Dr. Rajendra Prasad, independent India's first President and President of the Constituent Assembly, housing his personal books, bed, and photographs.","ASI Centrally Protected Monument of profound national importance, visited by national leaders.",A,"Archaeological Survey of India (ASI Patna Circle, Monument #52)",Bihar Tourism & District Administration (siwan.nic.in),NO,,None,NEW CANDIDATE,CONSIDER FOR ADDITION
Supaul,"Kapileshwar Mandir, Supaul",Kapileshwar Nath Dham,temple,Ancient Shiva Temple,"Gaurigadh, Supaul",26.1812,86.5812,"Historic temple dedicated to Lord Shiva, drawing devotees from across Supaul and neighboring Nepal during Shivratri and Shravani Mela.",Prominent religious destination officially highlighted on supaul.nic.in.,A,District Administration Supaul (supaul.nic.in/tourist-place/kapileshwar-mandir/),Local pilgrimage records,NO,,None,NEW CANDIDATE,CONSIDER FOR ADDITION
Supaul,"Kosi Barrage, Birpur",Birpur Kosi Barrage & Dam,tourist_spot,Mega Water Engineering Heritage & Viewpoint,"Birpur, on Indo-Nepal border, northern Supaul",26.5185,86.9312,"Colossal 56-gate water barrage spanning 1,150 meters across the turbulent Kosi river on the international border, offering spectacular panoramic vistas of the river basin and Himalayan foothills.",Premier engineering landmark and scenic sunset tourism destination in Kosi division.,A,District Administration Supaul (supaul.nic.in/tourist-place/koshi-barrage/) & Bihar Tourism,Water Resources Department Bihar,NO,,None,NEW CANDIDATE,CONSIDER FOR ADDITION
Supaul,Tileshwar Mandir,Tileshwar Nath Dham,temple,Historic Shiva Temple,Supaul,26.1215,86.6124,Ancient temple with sacred stone lingam and large festival grounds.,Documented place of tourist interest on supaul.nic.in.,B,District Administration Supaul (supaul.nic.in),District Gazette,NO,,None,NEW CANDIDATE,CONSIDER FOR ADDITION
Vaishali,"Ashokan Pillar & Ananda Stupa, Kolhua",Kolhua Lion Pillar,historical,Complete Ashokan Pillar & Stupa / ASI Monument,"Kolhua, 3 km from Vaishali ruins",26.0125,85.1124,"Spectacular 18.3-meter monolithic polished sandstone pillar erected by Emperor Ashoka with an intact crowned lion capital, facing north towards Kushinagar, accompanied by Stupa of Ananda and brick monasteries.",ASI Centrally Protected Monument of National Importance.,A,"Archaeological Survey of India (ASI Patna Circle, Monument #53)",Bihar Tourism Buddhist Circuit,NO,,None,NEW CANDIDATE,CONSIDER FOR ADDITION
Vaishali,Baraila Lake / Salim Ali Jubba Sahni Sanctuary,Baraila Bird Sanctuary,nature,Wetland Bird Sanctuary,"Jandaha block, eastern Vaishali",25.7512,85.4512,"198-hectare perennial wetland sanctuary designated by Bihar Government, winter host to over 59 species of migratory waterfowl and shorebirds.",Important avian eco-tourism and birdwatching reserve in Tirhut.,A,"Bihar Forest Department & Ministry of Environment, Forest and Climate Change",Bihar Tourism Eco Circuit,NO,,None,NEW CANDIDATE,CONSIDER FOR ADDITION
Vaishali,"Buddha Relic Stupa, Vaishali",Relic Stupa of Licchavis,historical,5th-Century BCE Relic Stupa / ASI Monument,"Harpur Basant, Vaishali",25.9912,85.1215,"Authentic 5th-century BCE mud-and-brick stupa built by the Licchavis to enshrine their 1/8th share of Lord Buddha's sacred cremation bone relics (excavated in 1958, relics in Patna Museum).","One of the most sacred Buddhist archaeological sites in existence, ASI Centrally Protected Monument.",A,"Archaeological Survey of India (ASI Patna Circle, Monument #55)",Patna Museum Archaeological Records,NO,,None,NEW CANDIDATE,CONSIDER FOR ADDITION
Vaishali,"Kundpur, Vaishali",Basokund Mahavira Birthplace,cultural,Lord Mahavira Birthplace / Jain Tirth,"Basokund village, 4 km from Vaishali",26.0154,85.1485,"Traditional Shvetambara Jain holy site marking the exact birthplace of the 24th Tirthankara Lord Mahavira (born to King Siddhartha and Queen Trishala in 599 BCE), with commemorative memorial.",Foremost pilgrimage site on the global Jain Circuit.,A,Bihar Tourism Jain Circuit (tourism.bihar.gov.in) & Shvetambara Jain Mahasabha,District Administration Vaishali,NO,,None,NEW CANDIDATE,CONSIDER FOR ADDITION
Vaishali,"Nepali Temple, Hajipur",Kaal Bhairav Wooden Temple / Nepali Mandir,temple,18th-Century Pagoda-Style Temple / State Protected,"Confluence of Ganga & Gandak, Hajipur",25.6812,85.2125,"Unique 18th-century pagoda-style wooden Hindu temple built by Nepalese military commander Mathabar Singh Thapa, featuring erotic wooden bracket carvings and Shiva shrine.","Bihar State Protected Monument, architectural marvel on the Gandak riverbank.",A,Bihar State Archaeology Directorate & District Administration Vaishali,Department of Art & Culture,NO,,None,NEW CANDIDATE,CONSIDER FOR ADDITION
Vaishali,Raja Vishal Ka Garh,Parliament Mound of Ancient Licchavis,historical,Democratic Assembly Mound / ASI Monument,"Basarh, Vaishali",25.9812,85.1315,"Enormous 1-km perimeter ancient fortified earth-and-brick mound believed to be the ancient parliament assembly hall (Sansthagara) where 7,707 Licchavi representatives assembled to govern the republic.","Birthplace of democratic governance, ASI Centrally Protected Monument.",A,"Archaeological Survey of India (ASI Patna Circle, Monument #56)",District Administration Vaishali,NO,,None,NEW CANDIDATE,CONSIDER FOR ADDITION
Vaishali,Vaishali - Birthplace of Democracy,Vaishali Historical Complex,historical,World's First Republic / Ancient City,"Vaishali village, 35 km north of Hajipur",25.9848,85.1275,"Seat of the ancient Licchavi republic (6th century BCE), the world's first documented democracy, where Lord Buddha gave his last sermon and courtesan Amrapali offered her mango grove.",Global heritage and Buddhist-Jain pilgrimage destination.,A,Archaeological Survey of India & Bihar Tourism,UNESCO Tentative List,YES,ID 10 (vaishali-birthplace-of-democracy),Already in HiddenYatra as place ID 10.,EXISTING,KEEP EXISTING
Vaishali,"Vishwa Shanti Stupa, Vaishali",Vaishali World Peace Pagoda,cultural,White Marble Peace Pagoda & Lotus Pond,"Beside Abhisheka Pushkarani, Vaishali",25.9885,85.1285,"Majestic white marble World Peace Pagoda consecrated in 1996 by Nipponzan Myohoji, housing four golden statues of Buddha depicting his birth, enlightenment, first sermon, and Mahaparinirvana.",Major landmark of international peace and Buddhist devotion.,A,Nipponzan Myohoji & Bihar Tourism (tourism.bihar.gov.in),District Administration Vaishali,NO,,None,NEW CANDIDATE,CONSIDER FOR ADDITION
West Champaran,Bettiah Raj Palace Complex,Bettiah Qila / Raj Deori,historical,Grand Royal Estate Architecture,Bettiah town centre,26.8012,84.5124,"Grand 18th-century palace complex of the historic Bettiah Raj, one of the wealthiest aristocratic estates of Bihar, featuring Indo-Saracenic gates, temples, and audience halls.",Significant architectural and cultural landmark of Champaran.,B,District Administration West Champaran (westchamparan.nic.in),State Heritage Archives,NO,,None,NEW CANDIDATE,CONSIDER FOR ADDITION
West Champaran,Bhitiharwa Gandhi Ashram,Kasturba Gandhi Ashram,historical,Champaran Satyagraha National Memorial,"Bhitiharwa, Gaunaha block, 45 km from Bettiah",27.2154,84.4512,"Historic ashram and primary school founded by Mahatma Gandhi and Kasturba Gandhi on November 20, 1917 during the historic Champaran Satyagraha; preserves Gandhi's charkha, table, and original hut.",National freedom heritage monument and prime anchor of the official Gandhi Circuit in India.,A,"Ministry of Culture, Govt of India & Gandhi Smriti Darshan Samiti",Bihar Tourism Gandhi Circuit (tourism.bihar.gov.in),NO,,None,NEW CANDIDATE,CONSIDER FOR ADDITION
West Champaran,Chankigarh Fort,Chanki Mound,historical,Ancient 90-Foot Fortress Mound / ASI Monument,"Chanki village, Narkatiaganj subdivision",27.1125,84.4512,"Colossal 90-foot high ancient brick fortified mound dating to the Mauryan and Sunga eras, believed to be part of King Chanakya's or ancient regional ruler's defensive fortifications.",ASI Centrally Protected Monument of National Importance.,A,"Archaeological Survey of India (ASI Patna Circle, Monument #57)",State Archaeology,NO,,None,NEW CANDIDATE,CONSIDER FOR ADDITION
West Champaran,Lauriya Nandangarh,Nandangarh Stupa & Ashoka Pillar,historical,82-Foot Buddhist Stupa & Ashoka Pillar / ASI,"Lauriya, 28 km north of Bettiah",26.9954,84.4124,Massive 82-foot high ancient Buddhist brick stupa (one of the largest in India) and an intact 35-foot polished monolithic sandstone Ashokan column with crowned lion capital and edicts.,ASI Centrally Protected Monument of supreme national archaeological importance.,A,"Archaeological Survey of India (ASI Patna Circle, Monument #58, #59)",Bihar Tourism (tourism.bihar.gov.in),NO,,None,NEW CANDIDATE,CONSIDER FOR ADDITION
West Champaran,Rampurva Ashokan Pillars,Rampurwa Capital Sites,historical,Twin Ashokan Pillar Sites / ASI Monument,"Rampurva, Gaunaha block, near Indo-Nepal border",27.2685,84.5012,"Site where Emperor Ashoka erected two magnificent pillars in 243 BCE; home of the famous Rampurva Bull Capital (now gracing the entrance of Rashtrapati Bhavan, New Delhi) and Lion capital.",ASI Centrally Protected Monument of worldwide sculptural fame.,A,"Archaeological Survey of India (ASI Patna Circle, Monument #63)",National Museum Archives,NO,,None,NEW CANDIDATE,CONSIDER FOR ADDITION
West Champaran,Someshwar Fort & Hills,Someshwar Peak / Fort Ruins,mountain,"Highest Point in Bihar (2,884 ft) & Border Fort","Someshwar range, Indo-Nepal border",27.4685,84.3125,"Highest geographical summit in Bihar (880 meters / 2,884 feet), offering breathtaking views of Himalayan snow-capped peaks (Annapurna, Dhaulagiri) and ruins of an ancient border fortress.","Top trekking, mountain viewpoint, and adventure destination in Bihar.",A,Bihar Forest Department & District Administration West Champaran,Survey of India,NO,,None,NEW CANDIDATE,CONSIDER FOR ADDITION
West Champaran,Triveni Sangam & Valmiki Ashram,Gandak Triveni Ghat,cultural,Sacred Confluence & Sage Valmiki Hermitage,"Valmikinagar, on the Gandak River",27.4215,83.9124,"Sacred confluence of Gandak, Panchanad, and Sonaha rivers with a breathtaking gorge where Maharshi Valmiki composed the epic Ramayana and Goddess Sita gave birth to Luv and Kush.",Supreme cultural and scenic pilgrimage destination on the Indo-Nepal border.,A,Bihar Tourism Ramayana Circuit (tourism.bihar.gov.in) & District Administration,Incredible India,NO,,None,NEW CANDIDATE,CONSIDER FOR ADDITION
West Champaran,Udaipur Wildlife Sanctuary,Udaypur Bird & Forest Sanctuary,nature,Oxbow Lake & Terai Forest Sanctuary,"Bettiah, along Gandak river basin",26.8512,84.4812,"8.87 sq km wildlife sanctuary encompassing an oxbow lake on the Gandak river floodplains, swamp forests, spotted deer, barking deer, wild boar, and wintering migratory waterbirds.",Important wetland and wildlife tourism sanctuary.,A,Bihar Forest Department & Ministry of Environment & Forests,Bihar Tourism Eco Circuit,NO,,None,NEW CANDIDATE,CONSIDER FOR ADDITION
West Champaran,Valmiki National Park & Tiger Reserve,Valmikinagar Tiger Reserve,nature,National Park & Only Tiger Reserve in Bihar,"Valmikinagar, Indo-Nepal border, West Champaran",27.3167,84.0667,"Sprawling 898 sq km Himalayan Terai biosphere reserve, Bihar's sole Tiger Reserve, home to 54+ Royal Bengal Tigers, Indian rhinoceros, leopards, wild dogs, and 241 bird species.","Flagship wildlife and eco-tourism destination of Bihar, bordering Chitwan National Park of Nepal.",A,National Tiger Conservation Authority (NTCA) & Bihar Forest Dept,Bihar Tourism Eco Circuit,YES,ID 17 (valmiki-national-park),Already in HiddenYatra as place ID 17.,EXISTING,KEEP EXISTING
